layer,sequences,time_us
model_core,1,40914.216971547
model_core_stage_0,1,4566.964250845
model_core_stage_1,1,4566.964250845
model_core_stage_2,1,5219.387715251
model_core_stage_3,1,5219.387715251
model_core_stage_4,1,5219.387715251
model_core_stage_5,1,5219.387715251
model_core_stage_6,1,5219.387715251
model_core_stage_7,1,5683.349893602
model_core,2,63466.562325024
model_core_stage_0,2,7154.919656132
model_core_stage_1,2,7154.919656132
model_core_stage_2,2,8177.051035579
model_core_stage_3,2,8177.051035579
model_core_stage_4,2,8177.051035579
model_core_stage_5,2,8177.051035579
model_core_stage_6,2,8177.051035579
model_core_stage_7,2,8271.467834864
model_core,3,85553.496770021
model_core_stage_0,3,9689.467252249
model_core_stage_1,3,9689.467252249
model_core_stage_2,3,11073.676859713
model_core_stage_3,3,11073.676859713
model_core_stage_4,3,11073.676859713
model_core_stage_5,3,11073.676859713
model_core_stage_6,3,11073.676859713
model_core_stage_7,3,10806.177966956
model_core,4,107184.628450374
model_core_stage_0,4,12171.709613079
model_core_stage_1,4,12171.709613079
model_core_stage_2,4,13910.525272091
model_core_stage_3,4,13910.525272091
model_core_stage_4,4,13910.525272091
model_core_stage_5,4,13910.525272091
model_core_stage_6,4,13910.525272091
model_core_stage_7,4,13288.582863761
model_core,5,128369.367155246
model_core_stage_0,5,14602.726550494
model_core_stage_1,5,14602.726550494
model_core_stage_2,5,16688.830343422
model_core_stage_3,5,16688.830343422
model_core_stage_4,5,16688.830343422
model_core_stage_5,5,16688.830343422
model_core_stage_6,5,16688.830343422
model_core_stage_7,5,15719.762337150
model_core,6,149116.928414048
model_core_stage_0,6,16983.575584261
model_core_stage_1,6,16983.575584261
model_core_stage_2,6,19409.800667727
model_core_stage_3,6,19409.800667727
model_core_stage_4,6,19409.800667727
model_core_stage_5,6,19409.800667727
model_core_stage_6,6,19409.800667727
model_core_stage_7,6,18100.773906892
model_core,7,169436.337506822
model_core_stage_0,7,19315.292402254
model_core_stage_1,7,19315.292402254
model_core_stage_2,7,22074.619888291
model_core_stage_3,7,22074.619888291
model_core_stage_4,7,22074.619888291
model_core_stage_5,7,22074.619888291
model_core_stage_6,7,22074.619888291
model_core_stage_7,7,20432.653260860
model_core,8,189336.433391829
model_core_stage_0,8,21598.891311160
model_core_stage_1,8,21598.891311160
model_core_stage_2,8,24684.447212754
model_core_stage_3,8,24684.447212754
model_core_stage_4,8,24684.447212754
model_core_stage_5,8,24684.447212754
model_core_stage_6,8,24684.447212754
model_core_stage_7,8,22716.414705741
model_core,9,208825.872552059
model_core_stage_0,9,23835.365677877
model_core_stage_1,9,23835.365677877
model_core_stage_2,9,27240.417917574
model_core_stage_3,9,27240.417917574
model_core_stage_4,9,27240.417917574
model_core_stage_5,9,27240.417917574
model_core_stage_6,9,27240.417917574
model_core_stage_7,9,24953.051608433
model_core,10,227913.132762325
model_core_stage_0,10,26025.688361813
model_core_stage_1,10,26025.688361813
model_core_stage_2,10,29743.643842071
model_core_stage_3,10,29743.643842071
model_core_stage_4,10,29743.643842071
model_core_stage_5,10,29743.643842071
model_core_stage_6,10,29743.643842071
model_core_stage_7,10,27143.536828343
model_core,11,246606.516778599
model_core_stage_0,11,28170.812138240
model_core_stage_1,11,28170.812138240
model_core_stage_2,11,32195.213872275
model_core_stage_3,11,32195.213872275
model_core_stage_4,11,32195.213872275
model_core_stage_5,11,32195.213872275
model_core_stage_6,11,32195.213872275
model_core_stage_7,11,29288.823140746
model_core,12,264914.155951169
model_core_stage_0,12,30271.670112931
model_core_stage_1,12,30271.670112931
model_core_stage_2,12,34596.194414779
model_core_stage_3,12,34596.194414779
model_core_stage_4,12,34596.194414779
model_core_stage_5,12,34596.194414779
model_core_stage_6,12,34596.194414779
model_core_stage_7,12,31389.843651412
model_core,13,282844.013763215
model_core_stage_0,13,32329.176128218
model_core_stage_1,13,32329.176128218
model_core_stage_2,13,36947.629860821
model_core_stage_3,13,36947.629860821
model_core_stage_4,13,36947.629860821
model_core_stage_5,13,36947.629860821
model_core_stage_6,13,36947.629860821
model_core_stage_7,13,33447.512202673
model_core,14,300403.889296333
model_core_stage_0,14,34344.225160677
model_core_stage_1,14,34344.225160677
model_core_stage_2,14,39250.543040774
model_core_stage_3,14,39250.543040774
model_core_stage_4,14,39250.543040774
model_core_stage_5,14,39250.543040774
model_core_stage_6,14,39250.543040774
model_core_stage_7,14,35462.723771107
model_core,15,317601.420624508
model_core_stage_0,15,36317.693710602
model_core_stage_1,15,36317.693710602
model_core_stage_2,15,41505.935669259
model_core_stage_3,15,41505.935669259
model_core_stage_4,15,41505.935669259
model_core_stage_5,15,41505.935669259
model_core_stage_6,15,41505.935669259
model_core_stage_7,15,37436.354857007
model_core,16,334444.088138025
model_core_stage_0,16,38250.440183435
model_core_stage_1,16,38250.440183435
model_core_stage_2,16,43714.788781068
model_core_stage_3,16,43714.788781068
model_core_stage_4,16,43714.788781068
model_core_stage_5,16,43714.788781068
model_core_stage_6,16,43714.788781068
model_core_stage_7,16,39369.263865814
model_core,17,350939.217798762
model_core_stage_0,17,40143.305263325
model_core_stage_1,17,40143.305263325
model_core_stage_2,17,45878.063158086
model_core_stage_3,17,45878.063158086
model_core_stage_4,17,45878.063158086
model_core_stage_5,17,45878.063158086
model_core_stage_6,17,45878.063158086
model_core_stage_7,17,41262.291481680
model_core,18,367093.984328277
model_core_stage_0,18,41997.112278978
model_core_stage_1,18,41997.112278978
model_core_stage_2,18,47996.699747403
model_core_stage_3,18,47996.699747403
model_core_stage_4,18,47996.699747403
model_core_stage_5,18,47996.699747403
model_core_stage_6,18,47996.699747403
model_core_stage_7,18,43116.261033307
model_core,19,382915.414330075
model_core_stage_0,19,43812.667561941
model_core_stage_1,19,43812.667561941
model_core_stage_2,19,50071.620070790
model_core_stage_3,19,50071.620070790
model_core_stage_4,19,50071.620070790
model_core_stage_5,19,50071.620070790
model_core_stage_6,19,50071.620070790
model_core_stage_7,19,44931.978852245
model_core,20,398410.389347422
model_core_stage_0,20,45590.760797508
model_core_stage_1,20,45590.760797508
model_core_stage_2,20,52103.726625724
model_core_stage_3,20,52103.726625724
model_core_stage_4,20,52103.726625724
model_core_stage_5,20,52103.726625724
model_core_stage_6,20,52103.726625724
model_core_stage_7,20,46710.234623787
model_core,21,413585.648858035
model_core_stage_0,21,47332.165368368
model_core_stage_1,21,47332.165368368
model_core_stage_2,21,54093.903278135
model_core_stage_3,21,54093.903278135
model_core_stage_4,21,54093.903278135
model_core_stage_5,21,54093.903278135
model_core_stage_6,21,54093.903278135
model_core_stage_7,21,48451.801730622
model_core,22,428447.793206939
model_core_stage_0,22,49037.638691164
model_core_stage_1,22,49037.638691164
model_core_stage_2,22,56043.015647044
model_core_stage_3,22,56043.015647044
model_core_stage_4,22,56043.015647044
model_core_stage_5,22,56043.015647044
model_core_stage_6,22,56043.015647044
model_core_stage_7,22,50157.437589392
model_core,23,443003.286478789
model_core_stage_0,23,50707.922546100
model_core_stage_1,23,50707.922546100
model_core_stage_2,23,57951.911481257
model_core_stage_3,23,57951.911481257
model_core_stage_4,23,57951.911481257
model_core_stage_5,23,57951.911481257
model_core_stage_6,23,57951.911481257
model_core_stage_7,23,51827.883980304
model_core,24,457258.459310879
model_core_stage_0,24,52343.743399753
model_core_stage_1,24,52343.743399753
model_core_stage_2,24,59821.421028289
model_core_stage_3,24,59821.421028289
model_core_stage_4,24,59821.421028289
model_core_stage_5,24,59821.421028289
model_core_stage_6,24,59821.421028289
model_core_stage_7,24,53463.867369931
model_core,25,471219.511648097
model_core_stage_0,25,53945.812721207
model_core_stage_1,25,53945.812721207
model_core_stage_2,25,61652.357395665
model_core_stage_3,25,61652.357395665
model_core_stage_4,25,61652.357395665
model_core_stage_5,25,61652.357395665
model_core_stage_6,25,61652.357395665
model_core_stage_7,25,55066.099227360
model_core,26,484892.515440988
model_core_stage_0,26,55514.827291672
model_core_stage_1,26,55514.827291672
model_core_stage_2,26,63445.516904768
model_core_stage_3,26,63445.516904768
model_core_stage_4,26,63445.516904768
model_core_stage_5,26,63445.516904768
model_core_stage_6,26,63445.516904768
model_core_stage_7,26,56635.276333801
model_core,27,498283.417288126
model_core_stage_0,27,57051.469507708
model_core_stage_1,27,57051.469507708
model_core_stage_2,27,65201.679437380
model_core_stage_3,27,65201.679437380
model_core_stage_4,27,65201.679437380
model_core_stage_5,27,65201.679437380
model_core_stage_6,27,65201.679437380
model_core_stage_7,27,58172.081085811
model_core,28,511398.041023939
model_core_stage_0,28,58556.407678181
model_core_stage_1,28,58556.407678181
model_core_stage_2,28,66921.608775064
model_core_stage_3,28,66921.608775064
model_core_stage_4,28,66921.608775064
model_core_stage_5,28,66921.608775064
model_core_stage_6,28,66921.608775064
model_core_stage_7,28,59677.181792259
model_core,29,524242.090253098
model_core_stage_0,29,60030.296315104
model_core_stage_1,29,60030.296315104
model_core_stage_2,29,68606.052931547
model_core_stage_3,29,68606.052931547
model_core_stage_4,29,68606.052931547
model_core_stage_5,29,68606.052931547
model_core_stage_6,29,68606.052931547
model_core_stage_7,29,61151.232965156
model_core,30,536821.150832597
model_core_stage_0,30,61473.776418459
model_core_stage_1,30,61473.776418459
model_core_stage_2,30,70255.744478239
model_core_stage_3,30,70255.744478239
model_core_stage_4,30,70255.744478239
model_core_stage_5,30,70255.744478239
model_core_stage_6,30,70255.744478239
model_core_stage_7,30,62594.875604486
model_core,31,549140.693302585
model_core_stage_0,31,62887.475755149
model_core_stage_1,31,62887.475755149
model_core_stage_2,31,71871.400863027
model_core_stage_3,31,71871.400863027
model_core_stage_4,31,71871.400863027
model_core_stage_5,31,71871.400863027
model_core_stage_6,31,71871.400863027
model_core_stage_7,31,64008.737477151
model_core,32,561206.075267017
model_core_stage_0,32,64272.009132185
model_core_stage_1,32,64272.009132185
model_core_stage_2,32,73453.724722497
model_core_stage_3,32,73453.724722497
model_core_stage_4,32,73453.724722497
model_core_stage_5,32,73453.724722497
model_core_stage_6,32,73453.724722497
model_core_stage_7,32,65393.433390162
model_core,33,573022.543725158
model_core_stage_0,33,65627.978664237
model_core_stage_1,33,65627.978664237
model_core_stage_2,33,75003.404187699
model_core_stage_3,33,75003.404187699
model_core_stage_4,33,75003.404187699
model_core_stage_5,33,75003.404187699
model_core_stage_6,33,75003.404187699
model_core_stage_7,33,66749.565458189
model_core,34,584595.237354952
model_core_stage_0,34,66955.974035659
model_core_stage_1,34,66955.974035659
model_core_stage_2,34,76521.113183610
model_core_stage_3,34,76521.113183610
model_core_stage_4,34,76521.113183610
model_core_stage_5,34,76521.113183610
model_core_stage_6,34,76521.113183610
model_core_stage_7,34,68077.723365586
model_core,35,595929.188749260
model_core_stage_0,35,68256.572757107
model_core_stage_1,35,68256.572757107
model_core_stage_2,35,78007.511722408
model_core_stage_3,35,78007.511722408
model_core_stage_4,35,78007.511722408
model_core_stage_5,35,78007.511722408
model_core_stage_6,35,78007.511722408
model_core_stage_7,35,69378.484623008
model_core,36,607029.326605917
model_core_stage_0,36,69530.340416857
model_core_stage_1,36,69530.340416857
model_core_stage_2,36,79463.246190694
model_core_stage_3,36,79463.246190694
model_core_stage_4,36,79463.246190694
model_core_stage_5,36,79463.246190694
model_core_stage_6,36,79463.246190694
model_core_stage_7,36,70652.414818734
model_core,37,617900.477872594
model_core_stage_0,37,70777.830926938
model_core_stage_1,37,70777.830926938
model_core_stage_2,37,80888.949630786
model_core_stage_3,37,80888.949630786
model_core_stage_4,37,80888.949630786
model_core_stage_5,37,80888.949630786
model_core_stage_6,37,80888.949630786
model_core_stage_7,37,71900.067864789
model_core,38,628547.369847368
model_core_stage_0,38,71999.586764177
model_core_stage_1,38,71999.586764177
model_core_stage_2,38,82285.242016202
model_core_stage_3,38,82285.242016202
model_core_stage_4,38,82285.242016202
model_core_stage_5,38,82285.242016202
model_core_stage_6,38,82285.242016202
model_core_stage_7,38,73121.986238003
model_core,39,638974.632235933
model_core_stage_0,39,73196.139206277
model_core_stage_1,39,73196.139206277
model_core_stage_2,39,83652.730521460
model_core_stage_3,39,83652.730521460
model_core_stage_4,39,83652.730521460
model_core_stage_5,39,83652.730521460
model_core_stage_6,39,83652.730521460
model_core_stage_7,39,74318.701216079
model_core,40,649186.799166339
model_core_stage_0,40,74368.008563015
model_core_stage_1,40,74368.008563015
model_core_stage_2,40,84992.009786303
model_core_stage_3,40,84992.009786303
model_core_stage_4,40,84992.009786303
model_core_stage_5,40,84992.009786303
model_core_stage_6,40,84992.009786303
model_core_stage_7,40,75490.733108791
model_core,41,659188.311162137
model_core_stage_0,41,75515.704402667
model_core_stage_1,41,75515.704402667
model_core_stage_2,41,86303.662174477
model_core_stage_3,41,86303.662174477
model_core_stage_4,41,86303.662174477
model_core_stage_5,41,86303.662174477
model_core_stage_6,41,86303.662174477
model_core_stage_7,41,76638.591484418
model_core,42,668983.517074793
model_core_stage_0,42,76639.725773762
model_core_stage_1,42,76639.725773762
model_core_stage_2,42,87588.258027156
model_core_stage_3,42,87588.258027156
model_core_stage_4,42,87588.258027156
model_core_stage_5,42,87588.258027156
model_core_stage_6,42,87588.258027156
model_core_stage_7,42,77762.775391487
model_core,43,678576.675976203
model_core_stage_0,43,77740.561422254
model_core_stage_1,43,77740.561422254
model_core_stage_2,43,88846.355911148
model_core_stage_3,43,88846.355911148
model_core_stage_4,43,88846.355911148
model_core_stage_5,43,88846.355911148
model_core_stage_6,43,88846.355911148
model_core_stage_7,43,78863.773575955
model_core,44,687971.959012146
model_core_stage_0,44,78818.690004218
model_core_stage_1,44,78818.690004218
model_core_stage_2,44,90078.502861963
model_core_stage_3,44,90078.502861963
model_core_stage_4,44,90078.502861963
model_core_stage_5,44,90078.502861963
model_core_stage_6,44,90078.502861963
model_core_stage_7,44,79942.064693893
model_core,45,697173.451217462
model_core_stage_0,45,79874.580294142
model_core_stage_1,45,79874.580294142
model_core_stage_2,45,91285.234621877
model_core_stage_3,45,91285.234621877
model_core_stage_4,45,91285.234621877
model_core_stage_5,45,91285.234621877
model_core_stage_6,45,91285.234621877
model_core_stage_7,45,80998.117519793
model_core,46,706185.153293769
model_core_stage_0,46,80908.691388935
model_core_stage_1,46,80908.691388935
model_core_stage_2,46,92467.075873068
model_core_stage_3,46,92467.075873068
model_core_stage_4,46,92467.075873068
model_core_stage_5,46,92467.075873068
model_core_stage_6,46,92467.075873068
model_core_stage_7,46,82032.391150560
model_core,47,715010.983350475
model_core_stage_0,47,81921.472907707
model_core_stage_1,47,81921.472907707
model_core_stage_2,47,93624.540465951
model_core_stage_3,47,93624.540465951
model_core_stage_4,47,93624.540465951
model_core_stage_5,47,93624.540465951
model_core_stage_6,47,93624.540465951
model_core_stage_7,47,83045.335205307
model_core,48,723654.778609840
model_core_stage_0,48,82913.365187440
model_core_stage_1,48,82913.365187440
model_core_stage_2,48,94758.131642789
model_core_stage_3,48,94758.131642789
model_core_stage_4,48,94758.131642789
model_core_stage_5,48,94758.131642789
model_core_stage_6,48,94758.131642789
model_core_stage_7,48,84037.390021015
model_core,49,732120.297076853
model_core_stage_0,49,83884.799474609
model_core_stage_1,49,83884.799474609
model_core_stage_2,49,95868.342256696
model_core_stage_3,49,95868.342256696
model_core_stage_4,49,95868.342256696
model_core_stage_5,49,95868.342256696
model_core_stage_6,49,95868.342256696
model_core_stage_7,49,85008.986844158
model_core,50,740411.219174625
model_core_stage_0,50,84836.198112848
model_core_stage_1,50,84836.198112848
model_core_stage_2,50,96955.654986112
model_core_stage_3,50,96955.654986112
model_core_stage_4,50,96955.654986112
model_core_stage_5,50,96955.654986112
model_core_stage_6,50,96955.654986112
model_core_stage_7,50,85960.548018372
model_core,51,748531.149346023
model_core_stage_0,51,85767.974726749
model_core_stage_1,51,85767.974726749
model_core_stage_2,51,98020.542544856
model_core_stage_3,51,98020.542544856
model_core_stage_4,51,98020.542544856
model_core_stage_5,51,98020.542544856
model_core_stage_6,51,98020.542544856
model_core_stage_7,51,86892.487168248
model_core,52,756483.617622235
model_core_stage_0,52,86680.534401858
model_core_stage_1,52,86680.534401858
model_core_stage_2,52,99063.467887838
model_core_stage_3,52,99063.467887838
model_core_stage_4,52,99063.467887838
model_core_stage_5,52,99063.467887838
model_core_stage_6,52,99063.467887838
model_core_stage_7,52,87805.209379332
model_core,53,764272.081158965
model_core_stage_0,53,87574.273860961
model_core_stage_1,53,87574.273860961
model_core_stage_2,53,100084.884412527
model_core_stage_3,53,100084.884412527
model_core_stage_4,53,100084.884412527
model_core_stage_5,53,100084.884412527
model_core_stage_6,53,100084.884412527
model_core_stage_7,53,88699.111374410
model_core,54,771899.925740897
model_core_stage_0,54,88449.581636726
model_core_stage_1,54,88449.581636726
model_core_stage_2,54,101085.236156259
model_core_stage_3,54,101085.236156259
model_core_stage_4,54,101085.236156259
model_core_stage_5,54,101085.236156259
model_core_stage_6,54,101085.236156259
model_core_stage_7,54,89574.581686150
model_core,55,779370.467255116
model_core_stage_0,55,89306.838240787
model_core_stage_1,55,89306.838240787
model_core_stage_2,55,102064.957989471
model_core_stage_3,55,102064.957989471
model_core_stage_4,55,102064.957989471
model_core_stage_5,55,102064.957989471
model_core_stage_6,55,102064.957989471
model_core_stage_7,55,90432.000826186
model_core,56,786686.953134101
model_core_stage_0,56,90146.416329329
model_core_stage_1,56,90146.416329329
model_core_stage_2,56,103024.475804948
model_core_stage_3,56,103024.475804948
model_core_stage_4,56,103024.475804948
model_core_stage_5,56,103024.475804948
model_core_stage_6,56,103024.475804948
model_core_stage_7,56,91271.741450703
model_core,57,793852.563768932
model_core_stage_0,57,90968.680865264
model_core_stage_1,57,90968.680865264
model_core_stage_2,57,103964.206703159
model_core_stage_3,57,103964.206703159
model_core_stage_4,57,103964.206703159
model_core_stage_5,57,103964.206703159
model_core_stage_6,57,103964.206703159
model_core_stage_7,57,92094.168522612
model_core,58,800870.413893323
model_core_stage_0,58,91773.989277049
model_core_stage_1,58,91773.989277049
model_core_stage_2,58,104884.559173770
model_core_stage_3,58,104884.559173770
model_core_stage_4,58,104884.559173770
model_core_stage_5,58,104884.559173770
model_core_stage_6,58,104884.559173770
model_core_stage_7,58,92899.639470372
model_core,59,807743.553939077
model_core_stage_0,59,92562.691614237
model_core_stage_1,59,92562.691614237
model_core_stage_2,59,105785.933273414
model_core_stage_3,59,105785.933273414
model_core_stage_4,59,105785.933273414
model_core_stage_5,59,105785.933273414
model_core_stage_6,59,105785.933273414
model_core_stage_7,59,93688.504343535
model_core,60,814474.971363568
model_core_stage_0,60,93335.130699804
model_core_stage_1,60,93335.130699804
model_core_stage_2,60,106668.720799776
model_core_stage_3,60,106668.720799776
model_core_stage_4,60,106668.720799776
model_core_stage_5,60,106668.720799776
model_core_stage_6,60,106668.720799776
model_core_stage_7,60,94461.105965077
model_core,61,821067.591949809
model_core_stage_0,61,94091.642279343
model_core_stage_1,61,94091.642279343
model_core_stage_2,61,107533.305462106
model_core_stage_3,61,107533.305462106
model_core_stage_4,61,107533.305462106
model_core_stage_5,61,107533.305462106
model_core_stage_6,61,107533.305462106
model_core_stage_7,61,95217.780080591
model_core,62,827524.281079682
model_core_stage_0,62,94832.555167167
model_core_stage_1,62,94832.555167167
model_core_stage_2,62,108380.063048191
model_core_stage_3,62,108380.063048191
model_core_stage_4,62,108380.063048191
model_core_stage_5,62,108380.063048191
model_core_stage_6,62,108380.063048191
model_core_stage_7,62,95958.855504390
model_core,63,833847.844980891
model_core_stage_0,63,95558.191389407
model_core_stage_1,63,95558.191389407
model_core_stage_2,63,109209.361587894
model_core_stage_3,63,109209.361587894
model_core_stage_4,63,109209.361587894
model_core_stage_5,63,109209.361587894
model_core_stage_6,63,109209.361587894
model_core_stage_7,63,96684.654262605
model_core,64,840041.031948161
model_core_stage_0,64,96268.866324146
model_core_stage_1,64,96268.866324146
model_core_stage_2,64,110021.561513310
model_core_stage_3,64,110021.561513310
model_core_stage_4,64,110021.561513310
model_core_stage_5,64,110021.561513310
model_core_stage_6,64,110021.561513310
model_core_stage_7,64,97395.491733319
model_core,65,846106.533539236
model_core_stage_0,65,96964.888838666
model_core_stage_1,65,96964.888838666
model_core_stage_2,65,110817.015815618
model_core_stage_3,65,110817.015815618
model_core_stage_4,65,110817.015815618
model_core_stage_5,65,110817.015815618
model_core_stage_6,65,110817.015815618
model_core_stage_7,65,98091.676783813
model_core,66,852046.985746176
model_core_stage_0,66,97646.561423859
model_core_stage_1,66,97646.561423859
model_core_stage_2,66,111596.070198696
model_core_stage_3,66,111596.070198696
model_core_stage_4,66,111596.070198696
model_core_stage_5,66,111596.070198696
model_core_stage_6,66,111596.070198696
model_core_stage_7,66,98773.511904981
model_core,67,857864.970142483
model_core_stage_0,67,98314.180325864
model_core_stage_1,67,98314.180325864
model_core_stage_2,67,112359.063229559
model_core_stage_3,67,112359.063229559
model_core_stage_4,67,112359.063229559
model_core_stage_5,67,112359.063229559
model_core_stage_6,67,112359.063229559
model_core_stage_7,67,99441.293342961
model_core,68,863563.015006544
model_core_stage_0,68,98968.035674989
model_core_stage_1,68,98968.035674989
model_core_stage_2,68,113106.326485701
model_core_stage_3,68,113106.326485701
model_core_stage_4,68,113106.326485701
model_core_stage_5,68,113106.326485701
model_core_stage_6,68,113106.326485701
model_core_stage_7,68,100095.311228060
model_core,69,869143.596421870
model_core_stage_0,69,99608.411611963
model_core_stage_1,69,99608.411611963
model_core_stage_2,69,113838.184699387
model_core_stage_3,69,113838.184699387
model_core_stage_4,69,113838.184699387
model_core_stage_5,69,113838.184699387
model_core_stage_6,69,113838.184699387
model_core_stage_7,69,100735.849701010
model_core,70,874609.139354638
model_core_stage_0,70,100235.586411595
model_core_stage_1,70,100235.586411595
model_core_stage_2,70,114554.955898966
model_core_stage_3,70,114554.955898966
model_core_stage_4,70,114554.955898966
model_core_stage_5,70,114554.955898966
model_core_stage_6,70,114554.955898966
model_core_stage_7,70,101363.187036617
model_core,71,879962.018708974
model_core_stage_0,71,100849.832603866
model_core_stage_1,71,100849.832603866
model_core_stage_2,71,115256.951547276
model_core_stage_3,71,115256.951547276
model_core_stage_4,71,115256.951547276
model_core_stage_5,71,115256.951547276
model_core_stage_6,71,115256.951547276
model_core_stage_7,71,101977.595764862
model_core,72,885204.560360456
model_core_stage_0,72,101451.417092531
model_core_stage_1,72,101451.417092531
model_core_stage_2,72,115944.476677178
model_core_stage_3,72,115944.476677178
model_core_stage_4,72,115944.476677178
model_core_stage_5,72,115944.476677178
model_core_stage_6,72,115944.476677178
model_core_stage_7,72,102579.342789502
model_core,73,890339.042168286
model_core_stage_0,73,102040.601271269
model_core_stage_1,73,102040.601271269
model_core_stage_2,73,116617.830024307
model_core_stage_3,73,116617.830024307
model_core_stage_4,73,116617.830024307
model_core_stage_5,73,116617.830024307
model_core_stage_6,73,116617.830024307
model_core_stage_7,73,103168.689504214
model_core,74,895367.694966553
model_core_stage_0,74,102617.641137433
model_core_stage_1,74,102617.641137433
model_core_stage_2,74,117277.304157067
model_core_stage_3,74,117277.304157067
model_core_stage_4,74,117277.304157067
model_core_stage_5,74,117277.304157067
model_core_stage_6,74,117277.304157067
model_core_stage_7,74,103745.891906354
model_core,75,900292.703535045
model_core_stage_0,75,103182.787403460
model_core_stage_1,75,103182.787403460
model_core_stage_2,75,117923.185603954
model_core_stage_3,75,117923.185603954
model_core_stage_4,75,117923.185603954
model_core_stage_5,75,117923.185603954
model_core_stage_6,75,117923.185603954
model_core_stage_7,75,104311.200708355
model_core,76,905116.207550012
model_core_stage_0,76,103736.285605967
model_core_stage_1,76,103736.285605967
model_core_stage_2,76,118555.754978248
model_core_stage_3,76,118555.754978248
model_core_stage_4,76,118555.754978248
model_core_stage_5,76,118555.754978248
model_core_stage_6,76,118555.754978248
model_core_stage_7,76,104864.861446838
model_core,77,909840.302515303
model_core_stage_0,77,104278.376212610
model_core_stage_1,77,104278.376212610
model_core_stage_2,77,119175.287100126
model_core_stage_3,77,119175.287100126
model_core_stage_4,77,119175.287100126
model_core_stage_5,77,119175.287100126
model_core_stage_6,77,119175.287100126
model_core_stage_7,77,105407.114589455
model_core,78,914467.040674280
model_core_stage_0,78,104809.294726725
model_core_stage_1,78,104809.294726725
model_core_stage_2,78,119782.051116257
model_core_stage_3,78,119782.051116257
model_core_stage_4,78,119782.051116257
model_core_stage_5,78,119782.051116257
model_core_stage_6,78,119782.051116257
model_core_stage_7,78,105938.195639545
model_core,79,918998.431902909
model_core_stage_0,79,105329.271789816
model_core_stage_1,79,105329.271789816
model_core_stage_2,79,120376.310616933
model_core_stage_3,79,120376.310616933
model_core_stage_4,79,120376.310616933
model_core_stage_5,79,120376.310616933
model_core_stage_6,79,120376.310616933
model_core_stage_7,79,106458.335238611
model_core,80,923436.444584405
model_core_stage_0,80,105838.533281925
model_core_stage_1,80,105838.533281925
model_core_stage_2,80,120958.323750772
model_core_stage_3,80,120958.323750772
model_core_stage_4,80,120958.323750772
model_core_stage_5,80,120958.323750772
model_core_stage_6,80,120958.323750772
model_core_stage_7,80,106967.759266695
model_core,81,927783.006465831
model_core_stage_0,81,106337.300419928
model_core_stage_1,81,106337.300419928
model_core_stage_2,81,121528.343337061
model_core_stage_3,81,121528.343337061
model_core_stage_4,81,121528.343337061
model_core_stage_5,81,121528.343337061
model_core_stage_6,81,121528.343337061
model_core_stage_7,81,107466.688940673
model_core,82,932040.005497008
model_core_stage_0,82,106825.789853804
model_core_stage_1,82,106825.789853804
model_core_stage_2,82,122086.616975776
model_core_stage_3,82,122086.616975776
model_core_stage_4,82,122086.616975776
model_core_stage_5,82,122086.616975776
model_core_stage_6,82,122086.616975776
model_core_stage_7,82,107955.340910523
model_core,83,936209.290652104
model_core_stage_0,83,107304.213760916
model_core_stage_1,83,107304.213760916
model_core_stage_2,83,122633.387155332
model_core_stage_3,83,122633.387155332
model_core_stage_4,83,122633.387155332
model_core_stage_5,83,122633.387155332
model_core_stage_6,83,122633.387155332
model_core_stage_7,83,108433.927353610
model_core,84,940292.672734266
model_core_stage_0,84,107772.779938347
model_core_stage_1,84,107772.779938347
model_core_stage_2,84,123168.891358111
model_core_stage_3,84,123168.891358111
model_core_stage_4,84,123168.891358111
model_core_stage_5,84,123168.891358111
model_core_stage_6,84,123168.891358111
model_core_stage_7,84,108902.656067016
model_core,85,944291.925163638
model_core_stage_0,85,108231.691893327
model_core_stage_1,85,108231.691893327
model_core_stage_2,85,123693.362163802
model_core_stage_3,85,123693.362163802
model_core_stage_4,85,123693.362163802
model_core_stage_5,85,123693.362163802
model_core_stage_6,85,123693.362163802
model_core_stage_7,85,109361.730557971
model_core,86,948208.784749114
model_core_stage_0,86,108681.148931795
model_core_stage_1,86,108681.148931795
model_core_stage_2,86,124207.027350622
model_core_stage_3,86,124207.027350622
model_core_stage_4,86,124207.027350622
model_core_stage_5,86,124207.027350622
model_core_stage_6,86,124207.027350622
model_core_stage_7,86,109811.350132413
model_core,87,952044.952444154
model_core_stage_0,87,109121.346245130
model_core_stage_1,87,109121.346245130
model_core_stage_2,87,124710.109994434
model_core_stage_3,87,124710.109994434
model_core_stage_4,87,124710.109994434
model_core_stage_5,87,124710.109994434
model_core_stage_6,87,124710.109994434
model_core_stage_7,87,110251.709981724
model_core,88,955802.094087000
model_core_stage_0,88,109552.474995099
model_core_stage_1,88,109552.474995099
model_core_stage_2,88,125202.828565827
model_core_stage_3,88,125202.828565827
model_core_stage_4,88,125202.828565827
model_core_stage_5,88,125202.828565827
model_core_stage_6,88,125202.828565827
model_core_stage_7,88,110683.001267667
model_core,89,959481.841125609
model_core_stage_0,89,109974.722397040
model_core_stage_1,89,109974.722397040
model_core_stage_2,89,125685.397025189
model_core_stage_3,89,125685.397025189
model_core_stage_4,89,125685.397025189
model_core_stage_5,89,125685.397025189
model_core_stage_6,89,125685.397025189
model_core_stage_7,89,111105.411205584
model_core,90,963085.791327624
model_core_stage_0,90,110388.271801340
model_core_stage_1,90,110388.271801340
model_core_stage_2,90,126158.024915817
model_core_stage_3,90,126158.024915817
model_core_stage_4,90,126158.024915817
model_core_stage_5,90,126158.024915817
model_core_stage_6,90,126158.024915817
model_core_stage_7,90,111519.123145858
model_core,91,966615.509475680
model_core_stage_0,91,110793.302773218
model_core_stage_1,91,110793.302773218
model_core_stage_2,91,126620.917455107
model_core_stage_3,91,126620.917455107
model_core_stage_4,91,126620.917455107
model_core_stage_5,91,126620.917455107
model_core_stage_6,91,126620.917455107
model_core_stage_7,91,111924.316653711
model_core,92,970072.528048366
model_core_stage_0,92,111189.991170874
model_core_stage_1,92,111189.991170874
model_core_stage_2,92,127074.275623855
model_core_stage_3,92,127074.275623855
model_core_stage_4,92,127074.275623855
model_core_stage_5,92,127074.275623855
model_core_stage_6,92,127074.275623855
model_core_stage_7,92,112321.167587342
model_core,93,973458.347887117
model_core_stage_0,93,111578.509222012
model_core_stage_1,93,111578.509222012
model_core_stage_2,93,127518.296253728
model_core_stage_3,93,127518.296253728
model_core_stage_4,93,127518.296253728
model_core_stage_5,93,127518.296253728
model_core_stage_6,93,127518.296253728
model_core_stage_7,93,112709.848174455
model_core,94,976774.438849353
model_core_stage_0,94,111959.025598796
model_core_stage_1,94,111959.025598796
model_core_stage_2,94,127953.172112910
model_core_stage_3,94,127953.172112910
model_core_stage_4,94,127953.172112910
model_core_stage_5,94,127953.172112910
model_core_stage_6,94,127953.172112910
model_core_stage_7,94,113090.527087214
model_core,95,980022.240448122
model_core_stage_0,95,112331.705491248
model_core_stage_1,95,112331.705491248
model_core_stage_2,95,128379.091989997
model_core_stage_3,95,128379.091989997
model_core_stage_4,95,128379.091989997
model_core_stage_5,95,128379.091989997
model_core_stage_6,95,128379.091989997
model_core_stage_7,95,113463.369515640
model_core,96,983203.162478540
model_core_stage_0,96,112696.710679135
model_core_stage_1,96,112696.710679135
model_core_stage_2,96,128796.240776154
model_core_stage_3,96,128796.240776154
model_core_stage_4,96,128796.240776154
model_core_stage_5,96,128796.240776154
model_core_stage_6,96,128796.240776154
model_core_stage_7,96,113828.537239502
model_core,97,986318.585631308
model_core_stage_0,97,113054.199602373
model_core_stage_1,97,113054.199602373
model_core_stage_2,97,129204.799545569
model_core_stage_3,97,129204.799545569
model_core_stage_4,97,129204.799545569
model_core_stage_5,97,129204.799545569
model_core_stage_6,97,129204.799545569
model_core_stage_7,97,114186.188698715
model_core,98,989369.862093547
model_core_stage_0,98,113404.327429977
model_core_stage_1,98,113404.327429977
model_core_stage_2,98,129604.945634260
model_core_stage_3,98,129604.945634260
model_core_stage_4,98,129604.945634260
model_core_stage_5,98,129604.945634260
model_core_stage_6,98,129604.945634260
model_core_stage_7,98,114536.479062294
model_core,99,992358.316137246
model_core_stage_0,99,113747.246127585
model_core_stage_1,99,113747.246127585
model_core_stage_2,99,129996.852717240
model_core_stage_3,99,129996.852717240
model_core_stage_4,99,129996.852717240
model_core_stage_5,99,129996.852717240
model_core_stage_6,99,129996.852717240
model_core_stage_7,99,114879.560295877
model_core,100,995285.244695550
model_core_stage_0,100,114083.104523590
model_core_stage_1,100,114083.104523590
model_core_stage_2,100,130380.690884103
model_core_stage_3,100,130380.690884103
model_core_stage_4,100,130380.690884103
model_core_stage_5,100,130380.690884103
model_core_stage_6,100,130380.690884103
model_core_stage_7,100,115215.581227857
model_core,101,998151.917927158
model_core_stage_0,101,114412.048373908
model_core_stage_1,101,114412.048373908
model_core_stage_2,101,130756.626713038
model_core_stage_3,101,130756.626713038
model_core_stage_4,101,130756.626713038
model_core_stage_5,101,130756.626713038
model_core_stage_6,101,130756.626713038
model_core_stage_7,101,115544.687614150
model_core,102,1000959.579769060
model_core_stage_0,102,114734.220425408
model_core_stage_1,102,114734.220425408
model_core_stage_2,102,131124.823343324
model_core_stage_3,102,131124.823343324
model_core_stage_4,102,131124.823343324
model_core_stage_5,102,131124.823343324
model_core_stage_6,102,131124.823343324
model_core_stage_7,102,115867.022201625
model_core,103,1003709.448477878
model_core_stage_0,103,115049.760478030
model_core_stage_1,103,115049.760478030
model_core_stage_2,103,131485.440546320
model_core_stage_3,103,131485.440546320
model_core_stage_4,103,131485.440546320
model_core_stage_5,103,131485.440546320
model_core_stage_6,103,131485.440546320
model_core_stage_7,103,116182.724790221
model_core,104,1006402.717160015
model_core_stage_0,104,115358.805445622
model_core_stage_1,104,115358.805445622
model_core_stage_2,104,131838.634794996
model_core_stage_3,104,131838.634794996
model_core_stage_4,104,131838.634794996
model_core_stage_5,104,131838.634794996
model_core_stage_6,104,131838.634794996
model_core_stage_7,104,116491.932293788
model_core,105,1009040.554290870
model_core_stage_0,105,115661.489415526
model_core_stage_1,105,115661.489415526
model_core_stage_2,105,132184.559332030
model_core_stage_3,105,132184.559332030
model_core_stage_4,105,132184.559332030
model_core_stage_5,105,132184.559332030
model_core_stage_6,105,132184.559332030
model_core_stage_7,105,116794.778799667
model_core,106,1011624.104223333
model_core_stage_0,106,115957.943706927
model_core_stage_1,106,115957.943706927
model_core_stage_2,106,132523.364236488
model_core_stage_3,106,132523.364236488
model_core_stage_4,106,132523.364236488
model_core_stage_5,106,132523.364236488
model_core_stage_6,106,132523.364236488
model_core_stage_7,106,117091.395627042
model_core,107,1014154.487685778
model_core_stage_0,107,116248.296927997
model_core_stage_1,107,116248.296927997
model_core_stage_2,107,132855.196489139
model_core_stage_3,107,132855.196489139
model_core_stage_4,107,132855.196489139
model_core_stage_5,107,132855.196489139
model_core_stage_6,107,132855.196489139
model_core_stage_7,107,117381.911384088
model_core,108,1016632.802269778
model_core_stage_0,108,116532.675031869
model_core_stage_1,108,116532.675031869
model_core_stage_2,108,133180.200036421
model_core_stage_3,108,133180.200036421
model_core_stage_4,108,133180.200036421
model_core_stage_5,108,133180.200036421
model_core_stage_6,108,133180.200036421
model_core_stage_7,108,117666.452023934
model_core,109,1019060.122907751
model_core_stage_0,109,116811.201371442
model_core_stage_1,109,116811.201371442
model_core_stage_2,109,133498.515853077
model_core_stage_3,109,133498.515853077
model_core_stage_4,109,133498.515853077
model_core_stage_5,109,133498.515853077
model_core_stage_6,109,133498.515853077
model_core_stage_7,109,117945.140899483
model_core,110,1021437.502340746
model_core_stage_0,110,117083.996753067
model_core_stage_1,110,117083.996753067
model_core_stage_2,110,133810.282003506
model_core_stage_3,110,133810.282003506
model_core_stage_4,110,133810.282003506
model_core_stage_5,110,133810.282003506
model_core_stage_6,110,133810.282003506
model_core_stage_7,110,118218.098817083
model_core,111,1023765.971576573
model_core_stage_0,111,117351.179489116
model_core_stage_1,111,117351.179489116
model_core_stage_2,111,134115.633701847
model_core_stage_3,111,134115.633701847
model_core_stage_4,111,134115.633701847
model_core_stage_5,111,134115.633701847
model_core_stage_6,111,134115.633701847
model_core_stage_7,111,118485.444089106
model_core,112,1026046.540338467
model_core_stage_0,112,117612.865449467
model_core_stage_1,112,117612.865449467
model_core_stage_2,112,134414.703370820
model_core_stage_3,112,134414.703370820
model_core_stage_4,112,134414.703370820
model_core_stage_5,112,134414.703370820
model_core_stage_6,112,134414.703370820
model_core_stage_7,112,118747.292585432
model_core,113,1028280.197504506
model_core_stage_0,113,117869.168111934
model_core_stage_1,113,117869.168111934
model_core_stage_2,113,134707.620699353
model_core_stage_3,113,134707.620699353
model_core_stage_4,113,134707.620699353
model_core_stage_5,113,134707.620699353
model_core_stage_6,113,134707.620699353
model_core_stage_7,113,119003.757783874
model_core,114,1030467.911537937
model_core_stage_0,114,118120.198611642
model_core_stage_1,114,118120.198611642
model_core_stage_2,114,134994.512699019
model_core_stage_3,114,134994.512699019
model_core_stage_4,114,134994.512699019
model_core_stage_5,114,134994.512699019
model_core_stage_6,114,134994.512699019
model_core_stage_7,114,119254.950819556
model_core,115,1032610.630908635
model_core_stage_0,115,118366.065789397
model_core_stage_1,115,118366.065789397
model_core_stage_2,115,135275.503759311
model_core_stage_3,115,135275.503759311
model_core_stage_4,115,135275.503759311
model_core_stage_5,115,135275.503759311
model_core_stage_6,115,135275.503759311
model_core_stage_7,115,119500.980533287
model_core,116,1034709.284505856
model_core_stage_0,116,118606.876239048
model_core_stage_1,116,118606.876239048
model_core_stage_2,116,135550.715701769
model_core_stage_3,116,135550.715701769
model_core_stage_4,116,135550.715701769
model_core_stage_5,116,135550.715701769
model_core_stage_6,116,135550.715701769
model_core_stage_7,116,119741.953518913
model_core,117,1036764.782042460
model_core_stage_0,117,118842.734353875
model_core_stage_1,117,118842.734353875
model_core_stage_2,117,135820.267832999
model_core_stage_3,117,135820.267832999
model_core_stage_4,117,135820.267832999
model_core_stage_5,117,135820.267832999
model_core_stage_6,117,135820.267832999
model_core_stage_7,117,119977.974169714
model_core,118,1038778.014450805
model_core_stage_0,118,119073.742372015
model_core_stage_1,118,119073.742372015
model_core_stage_2,118,136084.276996589
model_core_stage_3,118,136084.276996589
model_core_stage_4,118,136084.276996589
model_core_stage_5,118,136084.276996589
model_core_stage_6,118,136084.276996589
model_core_stage_7,118,120209.144723829
model_core,119,1040749.854270456
model_core_stage_0,119,119300.000420962
model_core_stage_1,119,119300.000420962
model_core_stage_2,119,136342.857623956
model_core_stage_3,119,136342.857623956
model_core_stage_4,119,136342.857623956
model_core_stage_5,119,136342.857623956
model_core_stage_6,119,136342.857623956
model_core_stage_7,119,120435.565308751
model_core,120,1042681.156027895
model_core_stage_0,120,119521.606561130
model_core_stage_1,120,119521.606561130
model_core_stage_2,120,136596.121784148
model_core_stage_3,120,136596.121784148
model_core_stage_4,120,136596.121784148
model_core_stage_5,120,136596.121784148
model_core_stage_6,120,136596.121784148
model_core_stage_7,120,120657.333984893
model_core,121,1044575.512638392
model_core_stage_0,121,119738.656828533
model_core_stage_1,121,119738.656828533
model_core_stage_2,121,136844.179232610
model_core_stage_3,121,136844.179232610
model_core_stage_4,121,136844.179232610
model_core_stage_5,121,136844.179232610
model_core_stage_6,121,136844.179232610
model_core_stage_7,121,120877.302818277
model_core,122,1046497.228348388
model_core_stage_0,122,119958.101711942
model_core_stage_1,122,119958.101711942
model_core_stage_2,122,137094.973385076
model_core_stage_3,122,137094.973385076
model_core_stage_4,122,137094.973385076
model_core_stage_5,122,137094.973385076
model_core_stage_6,122,137094.973385076
model_core_stage_7,122,121106.157999121
model_core,123,1048397.068501988
model_core_stage_0,123,120175.036285600
model_core_stage_1,123,120175.036285600
model_core_stage_2,123,137342.898612114
model_core_stage_3,123,137342.898612114
model_core_stage_4,123,137342.898612114
model_core_stage_5,123,137342.898612114
model_core_stage_6,123,137342.898612114
model_core_stage_7,123,121332.502870216
model_core,124,1050259.615891652
model_core_stage_0,124,120387.691361757
model_core_stage_1,124,120387.691361757
model_core_stage_2,124,137585.932984866
model_core_stage_3,124,137585.932984866
model_core_stage_4,124,137585.932984866
model_core_stage_5,124,137585.932984866
model_core_stage_6,124,137585.932984866
model_core_stage_7,124,121554.568243809
model_core,125,1052085.640405308
model_core_stage_0,125,120596.155288209
model_core_stage_1,125,120596.155288209
model_core_stage_2,125,137824.177472239
model_core_stage_3,125,137824.177472239
model_core_stage_4,125,137824.177472239
model_core_stage_5,125,137824.177472239
model_core_stage_6,125,137824.177472239
model_core_stage_7,125,121772.442467696
model_core,126,1053875.896036985
model_core_stage_0,126,120800.514588860
model_core_stage_1,126,120800.514588860
model_core_stage_2,126,138057.730958697
model_core_stage_3,126,138057.730958697
model_core_stage_4,126,138057.730958697
model_core_stage_5,126,138057.730958697
model_core_stage_6,126,138057.730958697
model_core_stage_7,126,121986.212065783
model_core,127,1055631.121214933
model_core_stage_0,127,121000.854001377
model_core_stage_1,127,121000.854001377
model_core_stage_2,127,138286.690287288
model_core_stage_3,127,138286.690287288
model_core_stage_4,127,138286.690287288
model_core_stage_5,127,138286.690287288
model_core_stage_6,127,138286.690287288
model_core_stage_7,127,122195.961775736
model_core,128,1057352.039122971
model_core_stage_0,128,121197.256514069
model_core_stage_1,128,121197.256514069
model_core_stage_2,128,138511.150301794
model_core_stage_3,128,138511.150301794
model_core_stage_4,128,138511.150301794
model_core_stage_5,128,138511.150301794
model_core_stage_6,128,138511.150301794
model_core_stage_7,128,122401.774585864
model_core,129,1059039.358015198
model_core_stage_0,129,121389.803401996
model_core_stage_1,129,121389.803401996
model_core_stage_2,129,138731.203887996
model_core_stage_3,129,138731.203887996
model_core_stage_4,129,138731.203887996
model_core_stage_5,129,138731.203887996
model_core_stage_6,129,138731.203887996
model_core_stage_7,129,122603.731771227
model_core,130,1060693.771524211
model_core_stage_0,130,121578.574262341
model_core_stage_1,130,121578.574262341
model_core_stage_2,130,138946.942014104
model_core_stage_3,130,138946.942014104
model_core_stage_4,130,138946.942014104
model_core_stage_5,130,138946.942014104
model_core_stage_6,130,138946.942014104
model_core_stage_7,130,122801.912929008
model_core,131,1062315.958962955
model_core_stage_0,131,121763.647049049
model_core_stage_1,131,121763.647049049
model_core_stage_2,131,139158.453770341
model_core_stage_3,131,139158.453770341
model_core_stage_4,131,139158.453770341
model_core_stage_5,131,139158.453770341
model_core_stage_6,131,139158.453770341
model_core_stage_7,131,122996.396013151
model_core,132,1063906.585620343
model_core_stage_0,132,121945.098106748
model_core_stage_1,132,121945.098106748
model_core_stage_2,132,139365.826407712
model_core_stage_3,132,139365.826407712
model_core_stage_4,132,139365.826407712
model_core_stage_5,132,139365.826407712
model_core_stage_6,132,139365.826407712
model_core_stage_7,132,123187.257368287
model_core,133,1065466.303050780
model_core_stage_0,133,122123.002203978
model_core_stage_1,133,122123.002203978
model_core_stage_2,133,139569.145375975
model_core_stage_3,133,139569.145375975
model_core_stage_4,133,139569.145375975
model_core_stage_5,133,139569.145375975
model_core_stage_6,133,139569.145375975
model_core_stage_7,133,123374.571762952
model_core,134,1066995.749357700
model_core_stage_0,134,122297.432565722
model_core_stage_1,134,122297.432565722
model_core_stage_2,134,139768.494360825
model_core_stage_3,134,139768.494360825
model_core_stage_4,134,139768.494360825
model_core_stage_5,134,139768.494360825
model_core_stage_6,134,139768.494360825
model_core_stage_7,134,123558.412422132
model_core,135,1068495.549471250
model_core_stage_0,135,122468.460905276
model_core_stage_1,135,122468.460905276
model_core_stage_2,135,139963.955320315
model_core_stage_3,135,139963.955320315
model_core_stage_4,135,139963.955320315
model_core_stage_5,135,139963.955320315
model_core_stage_6,135,139963.955320315
model_core_stage_7,135,123738.851059122
model_core,136,1069966.315420255
model_core_stage_0,136,122636.157455456
model_core_stage_1,136,122636.157455456
model_core_stage_2,136,140155.608520521
model_core_stage_3,136,140155.608520521
model_core_stage_4,136,140155.608520521
model_core_stage_5,136,140155.608520521
model_core_stage_6,136,140155.608520521
model_core_stage_7,136,123915.957906738
model_core,137,1071408.646598547
model_core_stage_0,137,122800.590999161
model_core_stage_1,137,122800.590999161
model_core_stage_2,137,140343.532570469
model_core_stage_3,137,140343.532570469
model_core_stage_4,137,140343.532570469
model_core_stage_5,137,140343.532570469
model_core_stage_6,137,140343.532570469
model_core_stage_7,137,124089.801747879
model_core,138,1072823.130025817
model_core_stage_0,138,122961.828899306
model_core_stage_1,138,122961.828899306
model_core_stage_2,138,140527.804456349
model_core_stage_3,138,140527.804456349
model_core_stage_4,138,140527.804456349
model_core_stage_5,138,140527.804456349
model_core_stage_6,138,140527.804456349
model_core_stage_7,138,124260.449945459
model_core,139,1074210.340603066
model_core_stage_0,139,123119.937128137
model_core_stage_1,139,123119.937128137
model_core_stage_2,139,140708.499575013
model_core_stage_3,139,140708.499575013
model_core_stage_4,139,140708.499575013
model_core_stage_5,139,140708.499575013
model_core_stage_6,139,140708.499575013
model_core_stage_7,139,124427.968471726
model_core,140,1075570.841362790
model_core_stage_0,140,123274.980295940
model_core_stage_1,140,123274.980295940
model_core_stage_2,140,140885.691766789
model_core_stage_3,140,140885.691766789
model_core_stage_4,140,140885.691766789
model_core_stage_5,140,140885.691766789
model_core_stage_6,140,140885.691766789
model_core_stage_7,140,124592.421936966
model_core,141,1076905.183714001
model_core_stage_0,141,123427.021679160
model_core_stage_1,141,123427.021679160
model_core_stage_2,141,141059.453347612
model_core_stage_3,141,141059.453347612
model_core_stage_4,141,141059.453347612
model_core_stage_5,141,141059.453347612
model_core_stage_6,141,141059.453347612
model_core_stage_7,141,124753.873617622
model_core,142,1078213.907682183
model_core_stage_0,142,123576.123247934
model_core_stage_1,142,123576.123247934
model_core_stage_2,142,141229.855140496
model_core_stage_3,142,141229.855140496
model_core_stage_4,142,141229.855140496
model_core_stage_5,142,141229.855140496
model_core_stage_6,142,141229.855140496
model_core_stage_7,142,124912.385483832
model_core,143,1079497.542144301
model_core_stage_0,143,123722.345693062
model_core_stage_1,143,123722.345693062
model_core_stage_2,143,141396.966506356
model_core_stage_3,143,141396.966506356
model_core_stage_4,143,141396.966506356
model_core_stage_5,143,141396.966506356
model_core_stage_6,143,141396.966506356
model_core_stage_7,143,125068.018226395
model_core,144,1080756.605058957
model_core_stage_0,144,123865.748452415
model_core_stage_1,144,123865.748452415
model_core_stage_2,144,141560.855374188
model_core_stage_3,144,141560.855374188
model_core_stage_4,144,141560.855374188
model_core_stage_5,144,141560.855374188
model_core_stage_6,144,141560.855374188
model_core_stage_7,144,125220.831283184
model_core,145,1081991.603691789
model_core_stage_0,145,124006.389736805
model_core_stage_1,145,124006.389736805
model_core_stage_2,145,141721.588270634
model_core_stage_3,145,141721.588270634
model_core_stage_4,145,141721.588270634
model_core_stage_5,145,141721.588270634
model_core_stage_6,145,141721.588270634
model_core_stage_7,145,125370.882865010
model_core,146,1083203.034836228
model_core_stage_0,146,124144.326555313
model_core_stage_1,146,124144.326555313
model_core_stage_2,146,141879.230348930
model_core_stage_3,146,141879.230348930
model_core_stage_4,146,141879.230348930
model_core_stage_5,146,141879.230348930
model_core_stage_6,146,141879.230348930
model_core_stage_7,146,125518.229980954
model_core,147,1084391.385029684
model_core_stage_0,147,124279.614740102
model_core_stage_1,147,124279.614740102
model_core_stage_2,147,142033.845417260
model_core_stage_3,147,142033.845417260
model_core_stage_4,147,142033.845417260
model_core_stage_5,147,142033.845417260
model_core_stage_6,147,142033.845417260
model_core_stage_7,147,125662.928463179
model_core,148,1085557.130765279
model_core_stage_0,148,124412.308970711
model_core_stage_1,148,124412.308970711
model_core_stage_2,148,142185.495966527
model_core_stage_3,148,142185.495966527
model_core_stage_4,148,142185.495966527
model_core_stage_5,148,142185.495966527
model_core_stage_6,148,142185.495966527
model_core_stage_7,148,125805.032991224
model_core,149,1086700.738699205
model_core_stage_0,149,124542.462797849
model_core_stage_1,149,124542.462797849
model_core_stage_2,149,142334.243197542
model_core_stage_3,149,142334.243197542
model_core_stage_4,149,142334.243197542
model_core_stage_5,149,142334.243197542
model_core_stage_6,149,142334.243197542
model_core_stage_7,149,125944.597115798
model_core,150,1087822.665853803
model_core_stage_0,150,124670.128666704
model_core_stage_1,150,124670.128666704
model_core_stage_2,150,142480.147047661
model_core_stage_3,150,142480.147047661
model_core_stage_4,150,142480.147047661
model_core_stage_5,150,142480.147047661
model_core_stage_6,150,142480.147047661
model_core_stage_7,150,126081.673282088
model_core,151,1088923.359816446
model_core_stage_0,151,124795.357939760
model_core_stage_1,151,124795.357939760
model_core_stage_2,151,142623.266216869
model_core_stage_3,151,142623.266216869
model_core_stage_4,151,142623.266216869
model_core_stage_5,151,142623.266216869
model_core_stage_6,151,142623.266216869
model_core_stage_7,151,126216.312852581
model_core,152,1090003.258934322
model_core_stage_0,152,124918.200919155
model_core_stage_1,152,124918.200919155
model_core_stage_2,152,142763.658193320
model_core_stage_3,152,142763.658193320
model_core_stage_4,152,142763.658193320
model_core_stage_5,152,142763.658193320
model_core_stage_6,152,142763.658193320
model_core_stage_7,152,126348.566129411
model_core,153,1091062.792505188
model_core_stage_0,153,125038.706868565
model_core_stage_1,153,125038.706868565
model_core_stage_2,153,142901.379278360
model_core_stage_3,153,142901.379278360
model_core_stage_4,153,142901.379278360
model_core_stage_5,153,142901.379278360
model_core_stage_6,153,142901.379278360
model_core_stage_7,153,126478.482376257
model_core,154,1092102.380964193
model_core_stage_0,154,125156.924034647
model_core_stage_1,154,125156.924034647
model_core_stage_2,154,143036.484611025
model_core_stage_3,154,143036.484611025
model_core_stage_4,154,143036.484611025
model_core_stage_5,154,143036.484611025
model_core_stage_6,154,143036.484611025
model_core_stage_7,154,126606.109839775
model_core,155,1093122.436066844
model_core_stage_0,155,125272.899668032
model_core_stage_1,155,125272.899668032
model_core_stage_2,155,143169.028192037
model_core_stage_3,155,143169.028192037
model_core_stage_4,155,143169.028192037
model_core_stage_5,155,143169.028192037
model_core_stage_6,155,143169.028192037
model_core_stage_7,155,126731.495770596
model_core,156,1094123.361068184
model_core_stage_0,156,125386.680043890
model_core_stage_1,156,125386.680043890
model_core_stage_2,156,143299.062907303
model_core_stage_3,156,143299.062907303
model_core_stage_4,156,143299.062907303
model_core_stage_5,156,143299.062907303
model_core_stage_6,156,143299.062907303
model_core_stage_7,156,126854.686443890
model_core,157,1095105.550898292
model_core_stage_0,157,125498.310482065
model_core_stage_1,157,125498.310482065
model_core_stage_2,157,143426.640550932
model_core_stage_3,157,143426.640550932
model_core_stage_4,157,143426.640550932
model_core_stage_5,157,143426.640550932
model_core_stage_6,157,143426.640550932
model_core_stage_7,157,126975.727179501
model_core,158,1096069.392334132
model_core_stage_0,158,125607.835366800
model_core_stage_1,158,125607.835366800
model_core_stage_2,158,143551.811847772
model_core_stage_3,158,143551.811847772
model_core_stage_4,158,143551.811847772
model_core_stage_5,158,143551.811847772
model_core_stage_6,158,143551.811847772
model_core_stage_7,158,127094.662361672
model_core,159,1097015.264167884
model_core_stage_0,159,125715.298166050
model_core_stage_1,159,125715.298166050
model_core_stage_2,159,143674.626475485
model_core_stage_3,159,143674.626475485
model_core_stage_4,159,143674.626475485
model_core_stage_5,159,143674.626475485
model_core_stage_6,159,143674.626475485
model_core_stage_7,159,127211.535458357
model_core,160,1097943.537371774
model_core_stage_0,160,125820.741450397
model_core_stage_1,160,125820.741450397
model_core_stage_2,160,143795.133086168
model_core_stage_3,160,143795.133086168
model_core_stage_4,160,143795.133086168
model_core_stage_5,160,143795.133086168
model_core_stage_6,160,143795.133086168
model_core_stage_7,160,127326.389040141
model_core,161,1098854.575259520
model_core_stage_0,161,125924.206911580
model_core_stage_1,161,125924.206911580
model_core_stage_2,161,143913.379327520
model_core_stage_3,161,143913.379327520
model_core_stage_4,161,143913.379327520
model_core_stage_5,161,143913.379327520
model_core_stage_6,161,143913.379327520
model_core_stage_7,161,127439.264798760
model_core,162,1099748.733644432
model_core_stage_0,162,126025.735380635
model_core_stage_1,162,126025.735380635
model_core_stage_2,162,144029.411863582
model_core_stage_3,162,144029.411863582
model_core_stage_4,162,144029.411863582
model_core_stage_5,162,144029.411863582
model_core_stage_6,162,144029.411863582
model_core_stage_7,162,127550.203565250
model_core,163,1100626.360994259
model_core_stage_0,163,126125.366845663
model_core_stage_1,163,126125.366845663
model_core_stage_2,163,144143.276395044
model_core_stage_3,163,144143.276395044
model_core_stage_4,163,144143.276395044
model_core_stage_5,163,144143.276395044
model_core_stage_6,163,144143.276395044
model_core_stage_7,163,127659.245327714
model_core,164,1101487.798582830
model_core_stage_0,164,126223.140469236
model_core_stage_1,164,126223.140469236
model_core_stage_2,164,144255.017679127
model_core_stage_3,164,144255.017679127
model_core_stage_4,164,144255.017679127
model_core_stage_5,164,144255.017679127
model_core_stage_6,164,144255.017679127
model_core_stage_7,164,127766.429248723
model_core,165,1102333.380638569
model_core_stage_0,165,126319.094605435
model_core_stage_1,165,126319.094605435
model_core_stage_2,165,144364.679549068
model_core_stage_3,165,144364.679549068
model_core_stage_4,165,144364.679549068
model_core_stage_5,165,144364.679549068
model_core_stage_6,165,144364.679549068
model_core_stage_7,165,127871.793682358
model_core,166,1103163.434489946
model_core_stage_0,166,126413.266816543
model_core_stage_1,166,126413.266816543
model_core_stage_2,166,144472.304933192
model_core_stage_3,166,144472.304933192
model_core_stage_4,166,144472.304933192
model_core_stage_5,166,144472.304933192
model_core_stage_6,166,144472.304933192
model_core_stage_7,166,127975.376190902
model_core,167,1103978.280707918
model_core_stage_0,167,126505.693889391
model_core_stage_1,167,126505.693889391
model_core_stage_2,167,144577.935873590
model_core_stage_3,167,144577.935873590
model_core_stage_4,167,144577.935873590
model_core_stage_5,167,144577.935873590
model_core_stage_6,167,144577.935873590
model_core_stage_7,167,128077.213561186
model_core,168,1104778.233245440
model_core_stage_0,168,126596.411851368
model_core_stage_1,168,126596.411851368
model_core_stage_2,168,144681.613544421
model_core_stage_3,168,144681.613544421
model_core_stage_4,168,144681.613544421
model_core_stage_5,168,144681.613544421
model_core_stage_6,168,144681.613544421
model_core_stage_7,168,128177.341820599
model_core,169,1105563.599574083
model_core_stage_0,169,126685.455986097
model_core_stage_1,169,126685.455986097
model_core_stage_2,169,144783.378269825
model_core_stage_3,169,144783.378269825
model_core_stage_4,169,144783.378269825
model_core_stage_5,169,144783.378269825
model_core_stage_6,169,144783.378269825
model_core_stage_7,169,128275.796252764
model_core,170,1106334.680817845
model_core_stage_0,170,126772.860848790
model_core_stage_1,170,126772.860848790
model_core_stage_2,170,144883.269541474
model_core_stage_3,170,144883.269541474
model_core_stage_4,170,144883.269541474
model_core_stage_5,170,144883.269541474
model_core_stage_6,170,144883.269541474
model_core_stage_7,170,128372.611412893
model_core,171,1107091.771884188
model_core_stage_0,171,126858.660281288
model_core_stage_1,171,126858.660281288
model_core_stage_2,171,144981.326035757
model_core_stage_3,171,144981.326035757
model_core_stage_4,171,144981.326035757
model_core_stage_5,171,144981.326035757
model_core_stage_6,171,144981.326035757
model_core_stage_7,171,128467.821142826
model_core,172,1107835.161592378
model_core_stage_0,172,126942.887426784
model_core_stage_1,172,126942.887426784
model_core_stage_2,172,145077.585630610
model_core_stage_3,172,145077.585630610
model_core_stage_4,172,145077.585630610
model_core_stage_5,172,145077.585630610
model_core_stage_6,172,145077.585630610
model_core_stage_7,172,128561.458585758
model_core,173,1108565.132799172
model_core_stage_0,173,127025.574744251
model_core_stage_1,173,127025.574744251
model_core_stage_2,173,145172.085422002
model_core_stage_3,173,145172.085422002
model_core_stage_4,173,145172.085422002
model_core_stage_5,173,145172.085422002
model_core_stage_6,173,145172.085422002
model_core_stage_7,173,128653.556200662
model_core,174,1109281.962521909
model_core_stage_0,174,127106.754022565
model_core_stage_1,174,127106.754022565
model_core_stage_2,174,145264.861740074
model_core_stage_3,174,145264.861740074
model_core_stage_4,174,145264.861740074
model_core_stage_5,174,145264.861740074
model_core_stage_6,174,145264.861740074
model_core_stage_7,174,128744.145776411
model_core,175,1109985.922059061
model_core_stage_0,175,127186.456394335
model_core_stage_1,175,127186.456394335
model_core_stage_2,175,145355.950164955
model_core_stage_3,175,145355.950164955
model_core_stage_4,175,145355.950164955
model_core_stage_5,175,145355.950164955
model_core_stage_6,175,145355.950164955
model_core_stage_7,175,128833.258445617
model_core,176,1110677.277108301
model_core_stage_0,176,127264.712349460
model_core_stage_1,176,127264.712349460
model_core_stage_2,176,145445.385542240
model_core_stage_3,176,145445.385542240
model_core_stage_4,176,145445.385542240
model_core_stage_5,176,145445.385542240
model_core_stage_6,176,145445.385542240
model_core_stage_7,176,128920.924698178
model_core,177,1111356.287882120
model_core_stage_0,177,127341.551748390
model_core_stage_1,177,127341.551748390
model_core_stage_2,177,145533.201998160
model_core_stage_3,177,145533.201998160
model_core_stage_4,177,145533.201998160
model_core_stage_5,177,145533.201998160
model_core_stage_6,177,145533.201998160
model_core_stage_7,177,129007.174394543
model_core,178,1112023.209221074
model_core_stage_0,178,127417.003835121
model_core_stage_1,178,127417.003835121
model_core_stage_2,178,145619.432954424
model_core_stage_3,178,145619.432954424
model_core_stage_4,178,145619.432954424
model_core_stage_5,178,145619.432954424
model_core_stage_6,178,145619.432954424
model_core_stage_7,178,129092.036778711
model_core,179,1112678.290704677
model_core_stage_0,179,127491.097249927
model_core_stage_1,179,127491.097249927
model_core_stage_2,179,145704.111142774
model_core_stage_3,179,145704.111142774
model_core_stage_4,179,145704.111142774
model_core_stage_5,179,145704.111142774
model_core_stage_6,179,145704.111142774
model_core_stage_7,179,129175.540490953
model_core,180,1113321.776760017
model_core_stage_0,180,127563.860041818
model_core_stage_1,180,127563.860041818
model_core_stage_2,180,145787.268619220
model_core_stage_3,180,145787.268619220
model_core_stage_4,180,145787.268619220
model_core_stage_5,180,145787.268619220
model_core_stage_6,180,145787.268619220
model_core_stage_7,180,129257.713580279
model_core,181,1113953.906768126
model_core_stage_0,181,127635.319680748
model_core_stage_1,181,127635.319680748
model_core_stage_2,181,145868.936777997
model_core_stage_3,181,145868.936777997
model_core_stage_4,181,145868.936777997
model_core_stage_5,181,145868.936777997
model_core_stage_6,181,145868.936777997
model_core_stage_7,181,129338.583516645
model_core,182,1114574.915168146
model_core_stage_0,182,127705.503069569
model_core_stage_1,182,127705.503069569
model_core_stage_2,182,145949.146365221
model_core_stage_3,182,145949.146365221
model_core_stage_4,182,145949.146365221
model_core_stage_5,182,145949.146365221
model_core_stage_6,182,145949.146365221
model_core_stage_7,182,129418.177202902
model_core,183,1115185.031559361
model_core_stage_0,183,127774.436555740
model_core_stage_1,183,127774.436555740
model_core_stage_2,183,146027.927492274
model_core_stage_3,183,146027.927492274
model_core_stage_4,183,146027.927492274
model_core_stage_5,183,146027.927492274
model_core_stage_6,183,146027.927492274
model_core_stage_7,183,129496.520986509
model_core,184,1115784.480801103
model_core_stage_0,184,127842.145942792
model_core_stage_1,184,127842.145942792
model_core_stage_2,184,146105.309648905
model_core_stage_3,184,146105.309648905
model_core_stage_4,184,146105.309648905
model_core_stage_5,184,146105.309648905
model_core_stage_6,184,146105.309648905
model_core_stage_7,184,129573.640670997
model_core,185,1116373.483110616
model_core_stage_0,185,127908.656501554
model_core_stage_1,185,127908.656501554
model_core_stage_2,185,146181.321716062
model_core_stage_3,185,146181.321716062
model_core_stage_4,185,146181.321716062
model_core_stage_5,185,146181.321716062
model_core_stage_6,185,146181.321716062
model_core_stage_7,185,129649.561527195
model_core,186,1116952.254158880
model_core_stage_0,186,127973.992981158
model_core_stage_1,186,127973.992981158
model_core_stage_2,186,146255.991978466
model_core_stage_3,186,146255.991978466
model_core_stage_4,186,146255.991978466
model_core_stage_5,186,146255.991978466
model_core_stage_6,186,146255.991978466
model_core_stage_7,186,129724.308304235
model_core,187,1117521.005164472
model_core_stage_0,187,128038.179619799
model_core_stage_1,187,128038.179619799
model_core_stage_2,187,146329.348136913
model_core_stage_3,187,146329.348136913
model_core_stage_4,187,146329.348136913
model_core_stage_5,187,146329.348136913
model_core_stage_6,187,146329.348136913
model_core_stage_7,187,129797.905240311
model_core,188,1118079.942985482
model_core_stage_0,188,128101.240155291
model_core_stage_1,188,128101.240155291
model_core_stage_2,188,146401.417320332
model_core_stage_3,188,146401.417320332
model_core_stage_4,188,146401.417320332
model_core_stage_5,188,146401.417320332
model_core_stage_6,188,146401.417320332
model_core_stage_7,188,129870.376073239
model_core,189,1118629.270209530
model_core_stage_0,189,128163.197835394
model_core_stage_1,189,128163.197835394
model_core_stage_2,189,146472.226097593
model_core_stage_3,189,146472.226097593
model_core_stage_4,189,146472.226097593
model_core_stage_5,189,146472.226097593
model_core_stage_6,189,146472.226097593
model_core_stage_7,189,129941.744050778
model_core,190,1119169.185241933
model_core_stage_0,190,128224.075427931
model_core_stage_1,190,128224.075427931
model_core_stage_2,190,146541.800489064
model_core_stage_3,190,146541.800489064
model_core_stage_4,190,146541.800489064
model_core_stage_5,190,146541.800489064
model_core_stage_6,190,146541.800489064
model_core_stage_7,190,130012.031940751
model_core,191,1119699.882392039
model_core_stage_0,191,128283.895230696
model_core_stage_1,191,128283.895230696
model_core_stage_2,191,146610.165977939
model_core_stage_3,191,146610.165977939
model_core_stage_4,191,146610.165977939
model_core_stage_5,191,146610.165977939
model_core_stage_6,191,146610.165977939
model_core_stage_7,191,130081.262040953
model_core,192,1120221.551957794
model_core_stage_0,192,128342.679081159
model_core_stage_1,192,128342.679081159
model_core_stage_2,192,146677.347521325
model_core_stage_3,192,146677.347521325
model_core_stage_4,192,146677.347521325
model_core_stage_5,192,146677.347521325
model_core_stage_6,192,146677.347521325
model_core_stage_7,192,130149.456188852
model_core,193,1120734.380308548
model_core_stage_0,193,128400.448365966
model_core_stage_1,193,128400.448365966
model_core_stage_2,193,146743.369561104
model_core_stage_3,193,146743.369561104
model_core_stage_4,193,146743.369561104
model_core_stage_5,193,146743.369561104
model_core_stage_6,193,146743.369561104
model_core_stage_7,193,130216.635771094
model_core,194,1121238.549966162
model_core_stage_0,194,128457.224030249
model_core_stage_1,194,128457.224030249
model_core_stage_2,194,146808.256034570
model_core_stage_3,194,146808.256034570
model_core_stage_4,194,146808.256034570
model_core_stage_5,194,146808.256034570
model_core_stage_6,194,146808.256034570
model_core_stage_7,194,130282.821732813
model_core,195,1121734.239684438
model_core_stage_0,195,128513.026586739
model_core_stage_1,195,128513.026586739
model_core_stage_2,195,146872.030384844
model_core_stage_3,195,146872.030384844
model_core_stage_4,195,146872.030384844
model_core_stage_5,195,146872.030384844
model_core_stage_6,195,146872.030384844
model_core_stage_7,195,130348.034586739
model_core,196,1122221.624526907
model_core_stage_0,196,128567.876124693
model_core_stage_1,196,128567.876124693
model_core_stage_2,196,146934.715571078
model_core_stage_3,196,146934.715571078
model_core_stage_4,196,146934.715571078
model_core_stage_5,196,146934.715571078
model_core_stage_6,196,146934.715571078
model_core_stage_7,196,130412.294422129
model_core,197,1122700.875943011
model_core_stage_0,197,128621.792318639
model_core_stage_1,197,128621.792318639
model_core_stage_2,197,146996.334078445
model_core_stage_3,197,146996.334078445
model_core_stage_4,197,146996.334078445
model_core_stage_5,197,146996.334078445
model_core_stage_6,197,146996.334078445
model_core_stage_7,197,130475.620913511
model_core,198,1123172.161842720
model_core_stage_0,198,128674.794436933
model_core_stage_1,198,128674.794436933
model_core_stage_2,198,147056.907927923
model_core_stage_3,198,147056.907927923
model_core_stage_4,198,147056.907927923
model_core_stage_5,198,147056.907927923
model_core_stage_6,198,147056.907927923
model_core_stage_7,198,130538.033329240
model_core,199,1123635.646669593
model_core_stage_0,199,128726.901350147
model_core_stage_1,199,128726.901350147
model_core_stage_2,199,147116.458685882
model_core_stage_3,199,147116.458685882
model_core_stage_4,199,147116.458685882
model_core_stage_5,199,147116.458685882
model_core_stage_6,199,147116.458685882
model_core_stage_7,199,130599.550539890
model_core,200,1124091.491472348
model_core_stage_0,200,128778.131539282
model_core_stage_1,200,128778.131539282
model_core_stage_2,200,147175.007473465
model_core_stage_3,200,147175.007473465
model_core_stage_4,200,147175.007473465
model_core_stage_5,200,147175.007473465
model_core_stage_6,200,147175.007473465
model_core_stage_7,200,130660.191026461
model_core,201,1124539.853974943
model_core_stage_0,201,128828.503103808
model_core_stage_1,201,128828.503103808
model_core_stage_2,201,147232.574975781
model_core_stage_3,201,147232.574975781
model_core_stage_4,201,147232.574975781
model_core_stage_5,201,147232.574975781
model_core_stage_6,201,147232.574975781
model_core_stage_7,201,130719.972888423
model_core,202,1124980.888645215
model_core_stage_0,202,128878.033769543
model_core_stage_1,202,128878.033769543
model_core_stage_2,202,147289.181450907
model_core_stage_3,202,147289.181450907
model_core_stage_4,202,147289.181450907
model_core_stage_5,202,147289.181450907
model_core_stage_6,202,147289.181450907
model_core_stage_7,202,130778.913851595
model_core,203,1125414.746762100
model_core_stage_0,203,128926.740896365
model_core_stage_1,203,128926.740896365
model_core_stage_2,203,147344.846738703
model_core_stage_3,203,147344.846738703
model_core_stage_4,203,147344.846738703
model_core_stage_5,203,147344.846738703
model_core_stage_6,203,147344.846738703
model_core_stage_7,203,130837.031275853
model_core,204,1125841.576481465
model_core_stage_0,204,128974.641485767
model_core_stage_1,204,128974.641485767
model_core_stage_2,204,147399.590269448
model_core_stage_3,204,147399.590269448
model_core_stage_4,204,147399.590269448
model_core_stage_5,204,147399.590269448
model_core_stage_6,204,147399.590269448
model_core_stage_7,204,130894.342162690
model_core,205,1126261.522900585
model_core_stage_0,205,129021.752188255
model_core_stage_1,205,129021.752188255
model_core_stage_2,205,147453.431072292
model_core_stage_3,205,147453.431072292
model_core_stage_4,205,147453.431072292
model_core_stage_5,205,147453.431072292
model_core_stage_6,205,147453.431072292
model_core_stage_7,205,130950.863162614
model_core,206,1126674.728121285
model_core_stage_0,206,129068.089310597
model_core_stage_1,206,129068.089310597
model_core_stage_2,206,147506.387783540
model_core_stage_3,206,147506.387783540
model_core_stage_4,206,147506.387783540
model_core_stage_5,206,147506.387783540
model_core_stage_6,206,147506.387783540
model_core_stage_7,206,131006.610582392
model_core,207,1127081.331311775
model_core_stage_0,207,129113.668822915
model_core_stage_1,207,129113.668822915
model_core_stage_2,207,147558.478654760
model_core_stage_3,207,147558.478654760
model_core_stage_4,207,147558.478654760
model_core_stage_5,207,147558.478654760
model_core_stage_6,207,147558.478654760
model_core_stage_7,207,131061.600392146
model_core,208,1127481.468767219
model_core_stage_0,208,129158.506365637
model_core_stage_1,208,129158.506365637
model_core_stage_2,208,147609.721560728
model_core_stage_3,208,147609.721560728
model_core_stage_4,208,147609.721560728
model_core_stage_5,208,147609.721560728
model_core_stage_6,208,147609.721560728
model_core_stage_7,208,131115.848232304
model_core,209,1127875.273969046
model_core_stage_0,209,129202.617256305
model_core_stage_1,209,129202.617256305
model_core_stage_2,209,147660.134007206
model_core_stage_3,209,147660.134007206
model_core_stage_4,209,147660.134007206
model_core_stage_5,209,147660.134007206
model_core_stage_6,209,147660.134007206
model_core_stage_7,209,131169.369420408
model_core,210,1128262.877643032
model_core_stage_0,210,129246.016496237
model_core_stage_1,210,129246.016496237
model_core_stage_2,210,147709.733138557
model_core_stage_3,210,147709.733138557
model_core_stage_4,210,147709.733138557
model_core_stage_5,210,147709.733138557
model_core_stage_6,210,147709.733138557
model_core_stage_7,210,131222.178957775
model_core,211,1128644.407816199
model_core_stage_0,211,129288.718777059
model_core_stage_1,211,129288.718777059
model_core_stage_2,211,147758.535745210
model_core_stage_3,211,147758.535745210
model_core_stage_4,211,147758.535745210
model_core_stage_5,211,147758.535745210
model_core_stage_6,211,147758.535745210
model_core_stage_7,211,131274.291536033
model_core,212,1129019.989872521
model_core_stage_0,212,129330.738487095
model_core_stage_1,212,129330.738487095
model_core_stage_2,212,147806.558270965
model_core_stage_3,212,147806.558270965
model_core_stage_4,212,147806.558270965
model_core_stage_5,212,147806.558270965
model_core_stage_6,212,147806.558270965
model_core_stage_7,212,131325.721543505
model_core,213,1129389.746607490
model_core_stage_0,213,129372.089717631
model_core_stage_1,213,129372.089717631
model_core_stage_2,213,147853.816820150
model_core_stage_3,213,147853.816820150
model_core_stage_4,213,147853.816820150
model_core_stage_5,213,147853.816820150
model_core_stage_6,213,147853.816820150
model_core_stage_7,213,131376.483071477
model_core,214,1129753.798281558
model_core_stage_0,214,129412.786269048
model_core_stage_1,214,129412.786269048
model_core_stage_2,214,147900.327164626
model_core_stage_3,214,147900.327164626
model_core_stage_4,214,147900.327164626
model_core_stage_5,214,147900.327164626
model_core_stage_6,214,147900.327164626
model_core_stage_7,214,131426.589920330
model_core,215,1130112.262672467
model_core_stage_0,215,129452.841656824
model_core_stage_1,215,129452.841656824
model_core_stage_2,215,147946.104750656
model_core_stage_3,215,147946.104750656
model_core_stage_4,215,147946.104750656
model_core_stage_5,215,147946.104750656
model_core_stage_6,215,147946.104750656
model_core_stage_7,215,131476.055605542
model_core,216,1130465.255126502
model_core_stage_0,216,129492.269117417
model_core_stage_1,216,129492.269117417
model_core_stage_2,216,147991.164705620
model_core_stage_3,216,147991.164705620
model_core_stage_4,216,147991.164705620
model_core_stage_5,216,147991.164705620
model_core_stage_6,216,147991.164705620
model_core_stage_7,216,131524.893363571
model_core,217,1130812.888608693
model_core_stage_0,217,129531.081614028
model_core_stage_1,217,129531.081614028
model_core_stage_2,217,148035.521844604
model_core_stage_3,217,148035.521844604
model_core_stage_4,217,148035.521844604
model_core_stage_5,217,148035.521844604
model_core_stage_6,217,148035.521844604
model_core_stage_7,217,131573.116157618
model_core,218,1131155.273751970
model_core_stage_0,218,129569.291842239
model_core_stage_1,218,129569.291842239
model_core_stage_2,218,148079.190676845
model_core_stage_3,218,148079.190676845
model_core_stage_4,218,148079.190676845
model_core_stage_5,218,148079.190676845
model_core_stage_6,218,148079.190676845
model_core_stage_7,218,131620.736683265
model_core,219,1131492.518905306
model_core_stage_0,219,129606.912235540
model_core_stage_1,219,129606.912235540
model_core_stage_2,219,148122.185412045
model_core_stage_3,219,148122.185412045
model_core_stage_4,219,148122.185412045
model_core_stage_5,219,148122.185412045
model_core_stage_6,219,148122.185412045
model_core_stage_7,219,131667.767374001
model_core,220,1131824.730180877
model_core_stage_0,220,129643.954970735
model_core_stage_1,220,129643.954970735
model_core_stage_2,220,148164.519966555
model_core_stage_3,220,148164.519966555
model_core_stage_4,220,148164.519966555
model_core_stage_5,220,148164.519966555
model_core_stage_6,220,148164.519966555
model_core_stage_7,220,131714.220406633
model_core,221,1132152.011500228
model_core_stage_0,221,129680.431973250
model_core_stage_1,221,129680.431973250
model_core_stage_2,221,148206.207969429
model_core_stage_3,221,148206.207969429
model_core_stage_4,221,148206.207969429
model_core_stage_5,221,148206.207969429
model_core_stage_6,221,148206.207969429
model_core_stage_7,221,131760.107706584
model_core,222,1132474.464639506
model_core_stage_0,222,129716.354922314
model_core_stage_1,222,129716.354922314
model_core_stage_2,222,148247.262768359
model_core_stage_3,222,148247.262768359
model_core_stage_4,222,148247.262768359
model_core_stage_5,222,148247.262768359
model_core_stage_6,222,148247.262768359
model_core_stage_7,222,131805.440953083
model_core,223,1132792.189273745
model_core_stage_0,223,129751.735256046
model_core_stage_1,223,129751.735256046
model_core_stage_2,223,148287.697435481
model_core_stage_3,223,148287.697435481
model_core_stage_4,223,148287.697435481
model_core_stage_5,223,148287.697435481
model_core_stage_6,223,148287.697435481
model_core_stage_7,223,131850.231584251
model_core,224,1133105.283020245
model_core_stage_0,224,129786.584176430
model_core_stage_1,224,129786.584176430
model_core_stage_2,224,148327.524773063
model_core_stage_3,224,148327.524773063
model_core_stage_4,224,148327.524773063
model_core_stage_5,224,148327.524773063
model_core_stage_6,224,148327.524773063
model_core_stage_7,224,131894.490802071
model_core,225,1133413.841481055
model_core_stage_0,225,129820.912654194
model_core_stage_1,225,129820.912654194
model_core_stage_2,225,148366.757319079
model_core_stage_3,225,148366.757319079
model_core_stage_4,225,148366.757319079
model_core_stage_5,225,148366.757319079
model_core_stage_6,225,148366.757319079
model_core_stage_7,225,131938.229577271
model_core,226,1133717.958284570
model_core_stage_0,226,129854.731433580
model_core_stage_1,226,129854.731433580
model_core_stage_2,226,148405.407352663
model_core_stage_3,226,148405.407352663
model_core_stage_4,226,148405.407352663
model_core_stage_5,226,148405.407352663
model_core_stage_6,226,148405.407352663
model_core_stage_7,226,131981.458654093
model_core,227,1134017.725126283
model_core_stage_0,227,129888.051037022
model_core_stage_1,227,129888.051037022
model_core_stage_2,227,148443.486899454
model_core_stage_3,227,148443.486899454
model_core_stage_4,227,148443.486899454
model_core_stage_5,227,148443.486899454
model_core_stage_6,227,148443.486899454
model_core_stage_7,227,132024.188554971
model_core,228,1134313.231808683
model_core_stage_0,228,129920.881769723
model_core_stage_1,228,129920.881769723
model_core_stage_2,228,148481.007736826
model_core_stage_3,228,148481.007736826
model_core_stage_4,228,148481.007736826
model_core_stage_5,228,148481.007736826
model_core_stage_6,228,148481.007736826
model_core_stage_7,228,132066.429585107
model_core,229,1134604.566280341
model_core_stage_0,229,129953.233724142
model_core_stage_1,229,129953.233724142
model_core_stage_2,229,148517.981399019
model_core_stage_3,229,148517.981399019
model_core_stage_4,229,148517.981399019
model_core_stage_5,229,148517.981399019
model_core_stage_6,229,148517.981399019
model_core_stage_7,229,132108.191836962
model_core,230,1134891.814674176
model_core_stage_0,230,129985.116784384
model_core_stage_1,230,129985.116784384
model_core_stage_2,230,148554.419182153
model_core_stage_3,230,148554.419182153
model_core_stage_4,230,148554.419182153
model_core_stage_5,230,148554.419182153
model_core_stage_6,230,148554.419182153
model_core_stage_7,230,132149.485194641
model_core,231,1135175.061344945
model_core_stage_0,231,130016.540630504
model_core_stage_1,231,130016.540630504
model_core_stage_2,231,148590.332149148
model_core_stage_3,231,148590.332149148
model_core_stage_4,231,148590.332149148
model_core_stage_5,231,148590.332149148
model_core_stage_6,231,148590.332149148
model_core_stage_7,231,132190.319338197
model_core,232,1135454.388905947
model_core_stage_0,232,130047.514742717
model_core_stage_1,232,130047.514742717
model_core_stage_2,232,148625.731134534
model_core_stage_3,232,148625.731134534
model_core_stage_4,232,148625.731134534
model_core_stage_5,232,148625.731134534
model_core_stage_6,232,148625.731134534
model_core_stage_7,232,132230.703747845
model_core,233,1135729.878264976
model_core_stage_0,233,130078.048405523
model_core_stage_1,233,130078.048405523
model_core_stage_2,233,148660.626749169
model_core_stage_3,233,148660.626749169
model_core_stage_4,233,148660.626749169
model_core_stage_5,233,148660.626749169
model_core_stage_6,233,148660.626749169
model_core_stage_7,233,132270.647708087
model_core,234,1136001.608659534
model_core_stage_0,234,130108.150711750
model_core_stage_1,234,130108.150711750
model_core_stage_2,234,148695.029384857
model_core_stage_3,234,148695.029384857
model_core_stage_4,234,148695.029384857
model_core_stage_5,234,148695.029384857
model_core_stage_6,234,148695.029384857
model_core_stage_7,234,132310.160311750
model_core,235,1136269.657691305
model_core_stage_0,235,130137.830566510
model_core_stage_1,235,130137.830566510
model_core_stage_2,235,148728.949218868
model_core_stage_3,235,148728.949218868
model_core_stage_4,235,148728.949218868
model_core_stage_5,235,148728.949218868
model_core_stage_6,235,148728.949218868
model_core_stage_7,235,132349.250463945
model_core,236,1136534.101359933
model_core_stage_0,236,130167.096691073
model_core_stage_1,236,130167.096691073
model_core_stage_2,236,148762.396218369
model_core_stage_3,236,148762.396218369
model_core_stage_4,236,148762.396218369
model_core_stage_5,236,148762.396218369
model_core_stage_6,236,148762.396218369
model_core_stage_7,236,132387.926885944
model_core,237,1136795.014096092
model_core_stage_0,237,130195.957626664
model_core_stage_1,237,130195.957626664
model_core_stage_2,237,148795.380144759
model_core_stage_3,237,148795.380144759
model_core_stage_4,237,148795.380144759
model_core_stage_5,237,148795.380144759
model_core_stage_6,237,148795.380144759
model_core_stage_7,237,132426.198118972
model_core,238,1137052.468793878
model_core_stage_0,238,130224.421738179
model_core_stage_1,238,130224.421738179
model_core_stage_2,238,148827.910557919
model_core_stage_3,238,148827.910557919
model_core_stage_4,238,148827.910557919
model_core_stage_5,238,148827.910557919
model_core_stage_6,238,148827.910557919
model_core_stage_7,238,132464.072527923
model_core,239,1137306.536842529
model_core_stage_0,239,130252.497217827
model_core_stage_1,239,130252.497217827
model_core_stage_2,239,148859.996820374
model_core_stage_3,239,148859.996820374
model_core_stage_4,239,148859.996820374
model_core_stage_5,239,148859.996820374
model_core_stage_6,239,148859.996820374
model_core_stage_7,239,132501.558305006
model_core,240,1137557.288157491
model_core_stage_0,240,130280.192088691
model_core_stage_1,240,130280.192088691
model_core_stage_2,240,148891.648101361
model_core_stage_3,240,148891.648101361
model_core_stage_4,240,148891.648101361
model_core_stage_5,240,148891.648101361
model_core_stage_6,240,148891.648101361
model_core_stage_7,240,132538.663473306
model_core,241,1137804.791210849
model_core_stage_0,241,130307.514208223
model_core_stage_1,241,130307.514208223
model_core_stage_2,241,148922.873380826
model_core_stage_3,241,148922.873380826
model_core_stage_4,241,148922.873380826
model_core_stage_5,241,148922.873380826
model_core_stage_6,241,148922.873380826
model_core_stage_7,241,132575.395890274
model_core,242,1138049.113061117
model_core_stage_0,242,130334.471271662
model_core_stage_1,242,130334.471271662
model_core_stage_2,242,148953.681453329
model_core_stage_3,242,148953.681453329
model_core_stage_4,242,148953.681453329
model_core_stage_5,242,148953.681453329
model_core_stage_6,242,148953.681453329
model_core_stage_7,242,132611.763251150
model_core,243,1138290.319382428
model_core_stage_0,243,130361.070815386
model_core_stage_1,243,130361.070815386
model_core_stage_2,243,148984.080931870
model_core_stage_3,243,148984.080931870
model_core_stage_4,243,148984.080931870
model_core_stage_5,243,148984.080931870
model_core_stage_6,243,148984.080931870
model_core_stage_7,243,132647.773092309
model_core,244,1138528.474493105
model_core_stage_0,244,130387.320220184
model_core_stage_1,244,130387.320220184
model_core_stage_2,244,149014.080251639
model_core_stage_3,244,149014.080251639
model_core_stage_4,244,149014.080251639
model_core_stage_5,244,149014.080251639
model_core_stage_6,244,149014.080251639
model_core_stage_7,244,132683.432794543
model_core,245,1138763.641383660
model_core_stage_0,245,130413.226714476
model_core_stage_1,245,130413.226714476
model_core_stage_2,245,149043.687673687
model_core_stage_3,245,149043.687673687
model_core_stage_4,245,149043.687673687
model_core_stage_5,245,149043.687673687
model_core_stage_6,245,149043.687673687
model_core_stage_7,245,132718.749586271
model_core,246,1138995.881744199
model_core_stage_0,246,130438.797377455
model_core_stage_1,246,130438.797377455
model_core_stage_2,246,149072.911288520
model_core_stage_3,246,149072.911288520
model_core_stage_4,246,149072.911288520
model_core_stage_5,246,149072.911288520
model_core_stage_6,246,149072.911288520
model_core_stage_7,246,132753.730546686
model_core,247,1139225.255991272
model_core_stage_0,247,130464.039142168
model_core_stage_1,247,130464.039142168
model_core_stage_2,247,149101.759019620
model_core_stage_3,247,149101.759019620
model_core_stage_4,247,149101.759019620
model_core_stage_5,247,149101.759019620
model_core_stage_6,247,149101.759019620
model_core_stage_7,247,132788.382608835
model_core,248,1139451.823294164
model_core_stage_0,248,130488.958798532
model_core_stage_1,248,130488.958798532
model_core_stage_2,248,149130.238626893
model_core_stage_3,248,149130.238626893
model_core_stage_4,248,149130.238626893
model_core_stage_5,248,149130.238626893
model_core_stage_6,248,149130.238626893
model_core_stage_7,248,132822.712562634
model_core,249,1139675.641600643
model_core_stage_0,249,130513.562996291
model_core_stage_1,249,130513.562996291
model_core_stage_2,249,149158.357710046
model_core_stage_3,249,149158.357710046
model_core_stage_4,249,149158.357710046
model_core_stage_5,249,149158.357710046
model_core_stage_6,249,149158.357710046
model_core_stage_7,249,132856.727057829
model_core,250,1139896.767662178
model_core_stage_0,250,130537.858247909
model_core_stage_1,250,130537.858247909
model_core_stage_2,250,149186.123711896
model_core_stage_3,250,149186.123711896
model_core_stage_4,250,149186.123711896
model_core_stage_5,250,149186.123711896
model_core_stage_6,250,149186.123711896
model_core_stage_7,250,132890.432606883
model_core,251,1140115.257058637
model_core_stage_0,251,130561.850931403
model_core_stage_1,251,130561.850931403
model_core_stage_2,251,149213.543921603
model_core_stage_3,251,149213.543921603
model_core_stage_4,251,149213.543921603
model_core_stage_5,251,149213.543921603
model_core_stage_6,251,149213.543921603
model_core_stage_7,251,132923.835587813
model_core,252,1140331.164222472
model_core_stage_0,252,130585.547293121
model_core_stage_1,252,130585.547293121
model_core_stage_2,252,149240.625477853
model_core_stage_3,252,149240.625477853
model_core_stage_4,252,149240.625477853
model_core_stage_5,252,149240.625477853
model_core_stage_6,252,149240.625477853
model_core_stage_7,252,132956.942246967
model_core,253,1140544.542462411
model_core_stage_0,253,130608.953450457
model_core_stage_1,253,130608.953450457
model_core_stage_2,253,149267.375371951
model_core_stage_3,253,149267.375371951
model_core_stage_4,253,149267.375371951
model_core_stage_5,253,149267.375371951
model_core_stage_6,253,149267.375371951
model_core_stage_7,253,132989.758701739
model_core,254,1140755.443986648
model_core_stage_0,254,130632.075394517
model_core_stage_1,254,130632.075394517
model_core_stage_2,254,149293.800450876
model_core_stage_3,254,149293.800450876
model_core_stage_4,254,149293.800450876
model_core_stage_5,254,149293.800450876
model_core_stage_6,254,149293.800450876
model_core_stage_7,254,133022.290943234
model_core,255,1140963.919925574
model_core_stage_0,255,130654.918992720
model_core_stage_1,255,130654.918992720
model_core_stage_2,255,149319.907420252
model_core_stage_3,255,149319.907420252
model_core_stage_4,255,149319.907420252
model_core_stage_5,255,149319.907420252
model_core_stage_6,255,149319.907420252
model_core_stage_7,255,133054.544838874
model_core,256,1141170.020354019
model_core_stage_0,256,130677.489991361
model_core_stage_1,256,130677.489991361
model_core_stage_2,256,149345.702847269
model_core_stage_3,256,149345.702847269
model_core_stage_4,256,149345.702847269
model_core_stage_5,256,149345.702847269
model_core_stage_6,256,149345.702847269
model_core_stage_7,256,133086.526134951
model_core,257,1141373.794313049
model_core_stage_0,257,130699.794018101
model_core_stage_1,257,130699.794018101
model_core_stage_2,257,149371.193163544
model_core_stage_3,257,149371.193163544
model_core_stage_4,257,149371.193163544
model_core_stage_5,257,149371.193163544
model_core_stage_6,257,149371.193163544
model_core_stage_7,257,133118.240459127
model_core,258,1141575.289831302
model_core_stage_0,258,130721.836584424
model_core_stage_1,258,130721.836584424
model_core_stage_2,258,149396.384667913
model_core_stage_3,258,149396.384667913
model_core_stage_4,258,149396.384667913
model_core_stage_5,258,149396.384667913
model_core_stage_6,258,149396.384667913
model_core_stage_7,258,133149.693322886
model_core,259,1141774.553945894
model_core_stage_0,259,130743.623088032
model_core_stage_1,259,130743.623088032
model_core_stage_2,259,149421.283529180
model_core_stage_3,259,149421.283529180
model_core_stage_4,259,149421.283529180
model_core_stage_5,259,149421.283529180
model_core_stage_6,259,149421.283529180
model_core_stage_7,259,133180.890123930
model_core,260,1141971.632722886
model_core_stage_0,260,130765.158815195
model_core_stage_1,260,130765.158815195
model_core_stage_2,260,149445.895788794
model_core_stage_3,260,149445.895788794
model_core_stage_4,260,149445.895788794
model_core_stage_5,260,149445.895788794
model_core_stage_6,260,149445.895788794
model_core_stage_7,260,133211.836148528
model_core,261,1142166.571277331
model_core_stage_0,261,130786.448943048
model_core_stage_1,261,130786.448943048
model_core_stage_2,261,149470.227363484
model_core_stage_3,261,149470.227363484
model_core_stage_4,261,149470.227363484
model_core_stage_5,261,149470.227363484
model_core_stage_6,261,149470.227363484
model_core_stage_7,261,133242.536573817
model_core,262,1142359.413792909
model_core_stage_0,262,130807.498541851
model_core_stage_1,262,130807.498541851
model_core_stage_2,262,149494.284047830
model_core_stage_3,262,149494.284047830
model_core_stage_4,262,149494.284047830
model_core_stage_5,262,149494.284047830
model_core_stage_6,262,149494.284047830
model_core_stage_7,262,133272.996470056
model_core,263,1142550.203541151
model_core_stage_0,263,130828.312577190
model_core_stage_1,263,130828.312577190
model_core_stage_2,263,149518.071516788
model_core_stage_3,263,149518.071516788
model_core_stage_4,263,149518.071516788
model_core_stage_5,263,149518.071516788
model_core_stage_6,263,149518.071516788
model_core_stage_7,263,133303.220802831
model_core,264,1142738.982900272
model_core_stage_0,264,130848.895912137
model_core_stage_1,264,130848.895912137
model_core_stage_2,264,149541.595328157
model_core_stage_3,264,149541.595328157
model_core_stage_4,264,149541.595328157
model_core_stage_5,264,149541.595328157
model_core_stage_6,264,149541.595328157
model_core_stage_7,264,133333.214435214
model_core,265,1142925.793373615
model_core_stage_0,265,130869.253309372
model_core_stage_1,265,130869.253309372
model_core_stage_2,265,149564.860924997
model_core_stage_3,265,149564.860924997
model_core_stage_4,265,149564.860924997
model_core_stage_5,265,149564.860924997
model_core_stage_6,265,149564.860924997
model_core_stage_7,265,133362.982129885
model_core,266,1143110.675607707
model_core_stage_0,266,130889.389433251
model_core_stage_1,266,130889.389433251
model_core_stage_2,266,149587.873638001
model_core_stage_3,266,149587.873638001
model_core_stage_4,266,149587.873638001
model_core_stage_5,266,149587.873638001
model_core_stage_6,266,149587.873638001
model_core_stage_7,266,133392.528551200
model_core,267,1143293.669409953
model_core_stage_0,267,130909.308851836
model_core_stage_1,267,130909.308851836
model_core_stage_2,267,149610.638687812
model_core_stage_3,267,149610.638687812
model_core_stage_4,267,149610.638687812
model_core_stage_5,267,149610.638687812
model_core_stage_6,267,149610.638687812
model_core_stage_7,267,133421.858267220
model_core,268,1143474.813765955
model_core_stage_0,268,130929.016038884
model_core_stage_1,268,130929.016038884
model_core_stage_2,268,149633.161187296
model_core_stage_3,268,149633.161187296
model_core_stage_4,268,149633.161187296
model_core_stage_5,268,149633.161187296
model_core_stage_6,268,149633.161187296
model_core_stage_7,268,133450.975751705
model_core,269,1143654.146856481
model_core_stage_0,269,130948.515375796
model_core_stage_1,269,130948.515375796
model_core_stage_2,269,149655.446143767
model_core_stage_3,269,149655.446143767
model_core_stage_4,269,149655.446143767
model_core_stage_5,269,149655.446143767
model_core_stage_6,269,149655.446143767
model_core_stage_7,269,133479.885386053
model_core,270,1143831.706074077
model_core_stage_0,270,130967.811153520
model_core_stage_1,270,130967.811153520
model_core_stage_2,270,149677.498461165
model_core_stage_3,270,149677.498461165
model_core_stage_4,270,149677.498461165
model_core_stage_5,270,149677.498461165
model_core_stage_6,270,149677.498461165
model_core_stage_7,270,133508.591461212
model_core,271,1144007.528039342
model_core_stage_0,271,130986.907574418
model_core_stage_1,271,130986.907574418
model_core_stage_2,271,149699.322942192
model_core_stage_3,271,149699.322942192
model_core_stage_4,271,149699.322942192
model_core_stage_5,271,149699.322942192
model_core_stage_6,271,149699.322942192
model_core_stage_7,271,133537.098179546
model_core,272,1144181.648616864
model_core_stage_0,272,131005.808754100
model_core_stage_1,272,131005.808754100
model_core_stage_2,272,149720.924290400
model_core_stage_3,272,149720.924290400
model_core_stage_4,272,149720.924290400
model_core_stage_5,272,149720.924290400
model_core_stage_6,272,149720.924290400
model_core_stage_7,272,133565.409656664
model_core,273,1144354.102930827
model_core_stage_0,273,131024.518723210
model_core_stage_1,273,131024.518723210
model_core_stage_2,273,149742.307112240
model_core_stage_3,273,149742.307112240
model_core_stage_4,273,149742.307112240
model_core_stage_5,273,149742.307112240
model_core_stage_6,273,149742.307112240
model_core_stage_7,273,133593.529923210
model_core,274,1144524.925380296
model_core_stage_0,274,131043.041429181
model_core_stage_1,274,131043.041429181
model_core_stage_2,274,149763.475919064
model_core_stage_3,274,149763.475919064
model_core_stage_4,274,149763.475919064
model_core_stage_5,274,149763.475919064
model_core_stage_6,274,149763.475919064
model_core_stage_7,274,133621.462926617
model_core,275,1144694.149654184
model_core_stage_0,275,131061.380737954
model_core_stage_1,275,131061.380737954
model_core_stage_2,275,149784.435129090
model_core_stage_3,275,149784.435129090
model_core_stage_4,275,149784.435129090
model_core_stage_5,275,149784.435129090
model_core_stage_6,275,149784.435129090
model_core_stage_7,275,133649.212532826
model_core,276,1144861.808745921
model_core_stage_0,276,131079.540435661
model_core_stage_1,276,131079.540435661
model_core_stage_2,276,149805.189069326
model_core_stage_3,276,149805.189069326
model_core_stage_4,276,149805.189069326
model_core_stage_5,276,149805.189069326
model_core_stage_6,276,149805.189069326
model_core_stage_7,276,133676.782527968
model_core,277,1145027.934967801
model_core_stage_0,277,131097.524230269
model_core_stage_1,277,131097.524230269
model_core_stage_2,277,149825.741977450
model_core_stage_3,277,149825.741977450
model_core_stage_4,277,149825.741977450
model_core_stage_5,277,149825.741977450
model_core_stage_6,277,149825.741977450
model_core_stage_7,277,133704.176620012
model_core,278,1145192.559965053
model_core_stage_0,278,131115.335753199
model_core_stage_1,278,131115.335753199
model_core_stage_2,278,149846.098003656
model_core_stage_3,278,149846.098003656
model_core_stage_4,278,149846.098003656
model_core_stage_5,278,149846.098003656
model_core_stage_6,278,149846.098003656
model_core_stage_7,278,133731.398440378
model_core,279,1145355.714729607
model_core_stage_0,279,131132.978560901
model_core_stage_1,279,131132.978560901
model_core_stage_2,279,149866.261212458
model_core_stage_3,279,149866.261212458
model_core_stage_4,279,149866.261212458
model_core_stage_5,279,149866.261212458
model_core_stage_6,279,149866.261212458
model_core_stage_7,279,133758.451545516
model_core,280,1145517.429613581
model_core_stage_0,280,131150.456136405
model_core_stage_1,280,131150.456136405
model_core_stage_2,280,149886.235584463
model_core_stage_3,280,149886.235584463
model_core_stage_4,280,149886.235584463
model_core_stage_5,280,149886.235584463
model_core_stage_6,280,149886.235584463
model_core_stage_7,280,133785.339418456
model_core,281,1145677.734342491
model_core_stage_0,281,131167.771890837
model_core_stage_1,281,131167.771890837
model_core_stage_2,281,149906.025018099
model_core_stage_3,281,149906.025018099
model_core_stage_4,281,149906.025018099
model_core_stage_5,281,149906.025018099
model_core_stage_6,281,149906.025018099
model_core_stage_7,281,133812.065470324
model_core,282,1145836.658028189
model_core_stage_0,282,131184.929164899
model_core_stage_1,282,131184.929164899
model_core_stage_2,282,149925.633331314
model_core_stage_3,282,149925.633331314
model_core_stage_4,282,149925.633331314
model_core_stage_5,282,149925.633331314
model_core_stage_6,282,149925.633331314
model_core_stage_7,282,133838.633041822
model_core,283,1145994.229181527
model_core_stage_0,283,131201.931230331
model_core_stage_1,283,131201.931230331
model_core_stage_2,283,149945.064263235
model_core_stage_3,283,149945.064263235
model_core_stage_4,283,149945.064263235
model_core_stage_5,283,149945.064263235
model_core_stage_6,283,149945.064263235
model_core_stage_7,283,133865.045404690
model_core,284,1146150.475724766
model_core_stage_0,284,131218.781291325
model_core_stage_1,284,131218.781291325
model_core_stage_2,284,149964.321475800
model_core_stage_3,284,149964.321475800
model_core_stage_4,284,149964.321475800
model_core_stage_5,284,149964.321475800
model_core_stage_6,284,149964.321475800
model_core_stage_7,284,133891.305763120
model_core,285,1146305.425003731
model_core_stage_0,285,131235.482485926
model_core_stage_1,285,131235.482485926
model_core_stage_2,285,149983.408555344
model_core_stage_3,285,149983.408555344
model_core_stage_4,285,149983.408555344
model_core_stage_5,285,149983.408555344
model_core_stage_6,285,149983.408555344
model_core_stage_7,285,133917.417255157
model_core,286,1146459.103799705
model_core_stage_0,286,131252.037887398
model_core_stage_1,286,131252.037887398
model_core_stage_2,286,150002.329014169
model_core_stage_3,286,150002.329014169
model_core_stage_4,286,150002.329014169
model_core_stage_5,286,150002.329014169
model_core_stage_6,286,150002.329014169
model_core_stage_7,286,133943.382954065
model_core,287,1146611.538341088
model_core_stage_0,287,131268.450505556
model_core_stage_1,287,131268.450505556
model_core_stage_2,287,150021.086292064
model_core_stage_3,287,150021.086292064
model_core_stage_4,287,150021.086292064
model_core_stage_5,287,150021.086292064
model_core_stage_6,287,150021.086292064
model_core_stage_7,287,133969.205869658
model_core,288,1146762.754314809
model_core_stage_0,288,131284.723288080
model_core_stage_1,288,131284.723288080
model_core_stage_2,288,150039.683757806
model_core_stage_3,288,150039.683757806
model_core_stage_4,288,150039.683757806
model_core_stage_5,288,150039.683757806
model_core_stage_6,288,150039.683757806
model_core_stage_7,288,133994.888949619
model_core,289,1146912.776877505
model_core_stage_0,289,131300.859121799
model_core_stage_1,289,131300.859121799
model_core_stage_2,289,150058.124710627
model_core_stage_3,289,150058.124710627
model_core_stage_4,289,150058.124710627
model_core_stage_5,289,150058.124710627
model_core_stage_6,289,150058.124710627
model_core_stage_7,289,134020.435080773
model_core,290,1147061.630666470
model_core_stage_0,290,131316.860833941
model_core_stage_1,290,131316.860833941
model_core_stage_2,290,150076.412381647
model_core_stage_3,290,150076.412381647
model_core_stage_4,290,150076.412381647
model_core_stage_5,290,150076.412381647
model_core_stage_6,290,150076.412381647
model_core_stage_7,290,134045.847090351
model_core,291,1147209.339810372
model_core_stage_0,291,131332.731193372
model_core_stage_1,291,131332.731193372
model_core_stage_2,291,150094.549935282
model_core_stage_3,291,150094.549935282
model_core_stage_4,291,150094.549935282
model_core_stage_5,291,150094.549935282
model_core_stage_6,291,150094.549935282
model_core_stage_7,291,134071.127747218
model_core,292,1147355.927939759
model_core_stage_0,292,131348.472911792
model_core_stage_1,292,131348.472911792
model_core_stage_2,292,150112.540470620
model_core_stage_3,292,150112.540470620
model_core_stage_4,292,150112.540470620
model_core_stage_5,292,150112.540470620
model_core_stage_6,292,150112.540470620
model_core_stage_7,292,134096.279763074
model_core,293,1147501.418197338
model_core_stage_0,293,131364.088644924
model_core_stage_1,293,131364.088644924
model_core_stage_2,293,150130.387022770
model_core_stage_3,293,150130.387022770
model_core_stage_4,293,150130.387022770
model_core_stage_5,293,150130.387022770
model_core_stage_6,293,150130.387022770
model_core_stage_7,293,134121.305793642
model_core,294,1147645.833248051
model_core_stage_0,294,131379.580993660
model_core_stage_1,294,131379.580993660
model_core_stage_2,294,150148.092564183
model_core_stage_3,294,150148.092564183
model_core_stage_4,294,150148.092564183
model_core_stage_5,294,150148.092564183
model_core_stage_6,294,150148.092564183
model_core_stage_7,294,134146.208439814
model_core,295,1147789.195288931
model_core_stage_0,295,131394.952505203
model_core_stage_1,295,131394.952505203
model_core_stage_2,295,150165.660005946
model_core_stage_3,295,150165.660005946
model_core_stage_4,295,150165.660005946
model_core_stage_5,295,150165.660005946
model_core_stage_6,295,150165.660005946
model_core_stage_7,295,134170.990248793
model_core,296,1147931.526058768
model_core_stage_0,296,131410.205674167
model_core_stage_1,296,131410.205674167
model_core_stage_2,296,150183.092199048
model_core_stage_3,296,150183.092199048
model_core_stage_4,296,150183.092199048
model_core_stage_5,296,150183.092199048
model_core_stage_6,296,150183.092199048
model_core_stage_7,296,134195.653715193
model_core,297,1148072.846847568
model_core_stage_0,297,131425.342943668
model_core_stage_1,297,131425.342943668
model_core_stage_2,297,150200.391935621
model_core_stage_3,297,150200.391935621
model_core_stage_4,297,150200.391935621
model_core_stage_5,297,150200.391935621
model_core_stage_6,297,150200.391935621
model_core_stage_7,297,134220.201282130
model_core,298,1148213.178505815
model_core_stage_0,298,131440.366706384
model_core_stage_1,298,131440.366706384
model_core_stage_2,298,150217.561950153
model_core_stage_3,298,150217.561950153
model_core_stage_4,298,150217.561950153
model_core_stage_5,298,150217.561950153
model_core_stage_6,298,150217.561950153
model_core_stage_7,298,134244.635342281
model_core,299,1148352.541453548
model_core_stage_0,299,131455.279305598
model_core_stage_1,299,131455.279305598
model_core_stage_2,299,150234.604920684
model_core_stage_3,299,150234.604920684
model_core_stage_4,299,150234.604920684
model_core_stage_5,299,150234.604920684
model_core_stage_6,299,150234.604920684
model_core_stage_7,299,134268.958238932
model_core,300,1148490.955689244
model_core_stage_0,300,131470.083036218
model_core_stage_1,300,131470.083036218
model_core_stage_2,300,150251.523469964
model_core_stage_3,300,150251.523469964
model_core_stage_4,300,150251.523469964
model_core_stage_5,300,150251.523469964
model_core_stage_6,300,150251.523469964
model_core_stage_7,300,134293.172266988
model_core,301,1148628.440798525
model_core_stage_0,301,131484.780145774
model_core_stage_1,301,131484.780145774
model_core_stage_2,301,150268.320166599
model_core_stage_3,301,150268.320166599
model_core_stage_4,301,150268.320166599
model_core_stage_5,301,150268.320166599
model_core_stage_6,301,150268.320166599
model_core_stage_7,301,134317.279673980
model_core,302,1148765.015962679
model_core_stage_0,302,131499.372835398
model_core_stage_1,302,131499.372835398
model_core_stage_2,302,150284.997526169
model_core_stage_3,302,150284.997526169
model_core_stage_4,302,150284.997526169
model_core_stage_5,302,150284.997526169
model_core_stage_6,302,150284.997526169
model_core_stage_7,302,134341.282661039
model_core,303,1148900.699967004
model_core_stage_0,303,131513.863260779
model_core_stage_1,303,131513.863260779
model_core_stage_2,303,150301.558012318
model_core_stage_3,303,150301.558012318
model_core_stage_4,303,150301.558012318
model_core_stage_5,303,150301.558012318
model_core_stage_6,303,150301.558012318
model_core_stage_7,303,134365.183383855
model_core,304,1149035.511208991
model_core_stage_0,304,131528.253533104
model_core_stage_1,304,131528.253533104
model_core_stage_2,304,150318.004037833
model_core_stage_3,304,150318.004037833
model_core_stage_4,304,150318.004037833
model_core_stage_5,304,150318.004037833
model_core_stage_6,304,150318.004037833
model_core_stage_7,304,134388.983953617
model_core,305,1149169.467706321
model_core_stage_0,305,131542.545719977
model_core_stage_1,305,131542.545719977
model_core_stage_2,305,150334.337965688
model_core_stage_3,305,150334.337965688
model_core_stage_4,305,150334.337965688
model_core_stage_5,305,150334.337965688
model_core_stage_6,305,150334.337965688
model_core_stage_7,305,134412.686437926
model_core,306,1149302.587104712
model_core_stage_0,306,131556.741846316
model_core_stage_1,306,131556.741846316
model_core_stage_2,306,150350.562110076
model_core_stage_3,306,150350.562110076
model_core_stage_4,306,150350.562110076
model_core_stage_5,306,150350.562110076
model_core_stage_6,306,150350.562110076
model_core_stage_7,306,134436.292861701
model_core,307,1149434.886685597
model_core_stage_0,307,131570.843895237
model_core_stage_1,307,131570.843895237
model_core_stage_2,307,150366.678737413
model_core_stage_3,307,150366.678737413
model_core_stage_4,307,150366.678737413
model_core_stage_5,307,150366.678737413
model_core_stage_6,307,150366.678737413
model_core_stage_7,307,134459.805208057
model_core,308,1149566.383373642
model_core_stage_0,308,131584.853808913
model_core_stage_1,308,131584.853808913
model_core_stage_2,308,150382.690067329
model_core_stage_3,308,150382.690067329
model_core_stage_4,308,150382.690067329
model_core_stage_5,308,150382.690067329
model_core_stage_6,308,150382.690067329
model_core_stage_7,308,134483.225419170
model_core,309,1149697.093744113
model_core_stage_0,309,131598.773489425
model_core_stage_1,309,131598.773489425
model_core_stage_2,309,150398.598273629
model_core_stage_3,309,150398.598273629
model_core_stage_4,309,150398.598273629
model_core_stage_5,309,150398.598273629
model_core_stage_6,309,150398.598273629
model_core_stage_7,309,134506.555397118
model_core,310,1149827.034030092
model_core_stage_0,310,131612.604799586
model_core_stage_1,310,131612.604799586
model_core_stage_2,310,150414.405485241
model_core_stage_3,310,150414.405485241
model_core_stage_4,310,150414.405485241
model_core_stage_5,310,150414.405485241
model_core_stage_6,310,150414.405485241
model_core_stage_7,310,134529.797004714
model_core,311,1149956.220129533
model_core_stage_0,311,131626.349563751
model_core_stage_1,311,131626.349563751
model_core_stage_2,311,150430.113787143
model_core_stage_3,311,150430.113787143
model_core_stage_4,311,150430.113787143
model_core_stage_5,311,150430.113787143
model_core_stage_6,311,150430.113787143
model_core_stage_7,311,134552.952066315
model_core,312,1150084.667612191
model_core_stage_0,312,131640.009568612
model_core_stage_1,312,131640.009568612
model_core_stage_2,312,150445.725221271
model_core_stage_3,312,150445.725221271
model_core_stage_4,312,150445.725221271
model_core_stage_5,312,150445.725221271
model_core_stage_6,312,150445.725221271
model_core_stage_7,312,134576.022368612
model_core,313,1150212.391726388
model_core_stage_0,313,131653.586563978
model_core_stage_1,313,131653.586563978
model_core_stage_2,313,150461.241787404
model_core_stage_3,313,150461.241787404
model_core_stage_4,313,150461.241787404
model_core_stage_5,313,150461.241787404
model_core_stage_6,313,150461.241787404
model_core_stage_7,313,134599.009661414
model_core,314,1150339.407405657
model_core_stage_0,314,131667.082263533
model_core_stage_1,314,131667.082263533
model_core_stage_2,314,150476.665444037
model_core_stage_3,314,150476.665444037
model_core_stage_4,314,150476.665444037
model_core_stage_5,314,150476.665444037
model_core_stage_6,314,150476.665444037
model_core_stage_7,314,134621.915658404
model_core,315,1150465.729275233
model_core_stage_0,315,131680.498345582
model_core_stage_1,315,131680.498345582
model_core_stage_2,315,150491.998109236
model_core_stage_3,315,150491.998109236
model_core_stage_4,315,150491.998109236
model_core_stage_5,315,150491.998109236
model_core_stage_6,315,150491.998109236
model_core_stage_7,315,134644.742037889
model_core,316,1150591.371658424
model_core_stage_0,316,131693.836453783
model_core_stage_1,316,131693.836453783
model_core_stage_2,316,150507.241661466
model_core_stage_3,316,150507.241661466
model_core_stage_4,316,150507.241661466
model_core_stage_5,316,150507.241661466
model_core_stage_6,316,150507.241661466
model_core_stage_7,316,134667.490443527
model_core,317,1150716.348582839
model_core_stage_0,317,131707.098197863
model_core_stage_1,317,131707.098197863
model_core_stage_2,317,150522.397940414
model_core_stage_3,317,150522.397940414
model_core_stage_4,317,150522.397940414
model_core_stage_5,317,150522.397940414
model_core_stage_6,317,150522.397940414
model_core_stage_7,317,134690.162485042
model_core,318,1150840.673786498
model_core_stage_0,318,131720.285154314
model_core_stage_1,318,131720.285154314
model_core_stage_2,318,150537.468747788
model_core_stage_3,318,150537.468747788
model_core_stage_4,318,150537.468747788
model_core_stage_5,318,150537.468747788
model_core_stage_6,318,150537.468747788
model_core_stage_7,318,134712.759738930
model_core,319,1150964.360723806
model_core_stage_0,319,131733.398867087
model_core_stage_1,319,131733.398867087
model_core_stage_2,319,150552.455848099
model_core_stage_3,319,150552.455848099
model_core_stage_4,319,150552.455848099
model_core_stage_5,319,150552.455848099
model_core_stage_6,319,150552.455848099
model_core_stage_7,319,134735.283749138
model_core,320,1151087.422571408
model_core_stage_0,320,131746.440848253
model_core_stage_1,320,131746.440848253
model_core_stage_2,320,150567.360969432
model_core_stage_3,320,150567.360969432
model_core_stage_4,320,150567.360969432
model_core_stage_5,320,150567.360969432
model_core_stage_6,320,150567.360969432
model_core_stage_7,320,134757.736027740
model_core,321,1151209.872233927
model_core_stage_0,321,131759.412578673
model_core_stage_1,321,131759.412578673
model_core_stage_2,321,150582.185804197
model_core_stage_3,321,150582.185804197
model_core_stage_4,321,150582.185804197
model_core_stage_5,321,150582.185804197
model_core_stage_6,321,150582.185804197
model_core_stage_7,321,134780.118055596
model_core,322,1151331.722349574
model_core_stage_0,322,131772.315508631
model_core_stage_1,322,131772.315508631
model_core_stage_2,322,150596.932009864
model_core_stage_3,322,150596.932009864
model_core_stage_4,322,150596.932009864
model_core_stage_5,322,150596.932009864
model_core_stage_6,322,150596.932009864
model_core_stage_7,322,134802.431282990
model_core,323,1151452.985295657
model_core_stage_0,323,131785.151058476
model_core_stage_1,323,131785.151058476
model_core_stage_2,323,150611.601209687
model_core_stage_3,323,150611.601209687
model_core_stage_4,323,150611.601209687
model_core_stage_5,323,150611.601209687
model_core_stage_6,323,150611.601209687
model_core_stage_7,323,134824.677130271
model_core,324,1151573.673193956
model_core_stage_0,324,131797.920619231
model_core_stage_1,324,131797.920619231
model_core_stage_2,324,150626.194993407
model_core_stage_3,324,150626.194993407
model_core_stage_4,324,150626.194993407
model_core_stage_5,324,150626.194993407
model_core_stage_6,324,150626.194993407
model_core_stage_7,324,134846.856988462
model_core,325,1151693.797916007
model_core_stage_0,325,131810.625553203
model_core_stage_1,325,131810.625553203
model_core_stage_2,325,150640.714917946
model_core_stage_3,325,150640.714917946
model_core_stage_4,325,150640.714917946
model_core_stage_5,325,150640.714917946
model_core_stage_6,325,150640.714917946
model_core_stage_7,325,134868.972219870
model_core,326,1151813.371088262
model_core_stage_0,326,131823.267194576
model_core_stage_1,326,131823.267194576
model_core_stage_2,326,150655.162508086
model_core_stage_3,326,150655.162508086
model_core_stage_4,326,150655.162508086
model_core_stage_5,326,150655.162508086
model_core_stage_6,326,150655.162508086
model_core_stage_7,326,134891.024158678
model_core,327,1151932.404097155
model_core_stage_0,327,131835.846849989
model_core_stage_1,327,131835.846849989
model_core_stage_2,327,150669.539257130
model_core_stage_3,327,150669.539257130
model_core_stage_4,327,150669.539257130
model_core_stage_5,327,150669.539257130
model_core_stage_6,327,150669.539257130
model_core_stage_7,327,134913.014111527
model_core,328,1152050.908094051
model_core_stage_0,328,131848.365799107
model_core_stage_1,328,131848.365799107
model_core_stage_2,328,150683.846627551
model_core_stage_3,328,150683.846627551
model_core_stage_4,328,150683.846627551
model_core_stage_5,328,150683.846627551
model_core_stage_6,328,150683.846627551
model_core_stage_7,328,134934.943358081
model_core,329,1152168.894000102
model_core_stage_0,329,131860.825295178
model_core_stage_1,329,131860.825295178
model_core_stage_2,329,150698.086051632
model_core_stage_3,329,150698.086051632
model_core_stage_4,329,150698.086051632
model_core_stage_5,329,150698.086051632
model_core_stage_6,329,150698.086051632
model_core_stage_7,329,134956.813151588
model_core,330,1152286.372510999
model_core_stage_0,330,131873.226565575
model_core_stage_1,330,131873.226565575
model_core_stage_2,330,150712.258932086
model_core_stage_3,330,150712.258932086
model_core_stage_4,330,150712.258932086
model_core_stage_5,330,150712.258932086
model_core_stage_6,330,150712.258932086
model_core_stage_7,330,134978.624719421
model_core,331,1152403.354101628
model_core_stage_0,331,131885.570812335
model_core_stage_1,331,131885.570812335
model_core_stage_2,331,150726.366642668
model_core_stage_3,331,150726.366642668
model_core_stage_4,331,150726.366642668
model_core_stage_5,331,150726.366642668
model_core_stage_6,331,150726.366642668
model_core_stage_7,331,135000.379263617
model_core,332,1152519.849030624
model_core_stage_0,332,131897.859212678
model_core_stage_1,332,131897.859212678
model_core_stage_2,332,150740.410528775
model_core_stage_3,332,150740.410528775
model_core_stage_4,332,150740.410528775
model_core_stage_5,332,150740.410528775
model_core_stage_6,332,150740.410528775
model_core_stage_7,332,135022.077961396
model_core,333,1152635.867344842
model_core_stage_0,333,131910.092919522
model_core_stage_1,333,131910.092919522
model_core_stage_2,333,150754.391908025
model_core_stage_3,333,150754.391908025
model_core_stage_4,333,150754.391908025
model_core_stage_5,333,150754.391908025
model_core_stage_6,333,150754.391908025
model_core_stage_7,333,135043.721965675
model_core,334,1152751.418883721
model_core_stage_0,334,131922.273061982
model_core_stage_1,334,131922.273061982
model_core_stage_2,334,150768.312070837
model_core_stage_3,334,150768.312070837
model_core_stage_4,334,150768.312070837
model_core_stage_5,334,150768.312070837
model_core_stage_6,334,150768.312070837
model_core_stage_7,334,135065.312405572
model_core,335,1152866.513283574
model_core_stage_0,335,131934.400745866
model_core_stage_1,335,131934.400745866
model_core_stage_2,335,150782.172280990
model_core_stage_3,335,150782.172280990
model_core_stage_4,335,150782.172280990
model_core_stage_5,335,150782.172280990
model_core_stage_6,335,150782.172280990
model_core_stage_7,335,135086.850386892
model_core,336,1152981.159981778
model_core_stage_0,336,131946.477054151
model_core_stage_1,336,131946.477054151
model_core_stage_2,336,150795.973776173
model_core_stage_3,336,150795.973776173
model_core_stage_4,336,150795.973776173
model_core_stage_5,336,150795.973776173
model_core_stage_6,336,150795.973776173
model_core_stage_7,336,135108.336992613
model_core,337,1153095.368220876
model_core_stage_0,337,131958.503047457
model_core_stage_1,337,131958.503047457
model_core_stage_2,337,150809.717768522
model_core_stage_3,337,150809.717768522
model_core_stage_4,337,150809.717768522
model_core_stage_5,337,150809.717768522
model_core_stage_6,337,150809.717768522
model_core_stage_7,337,135129.773283354
model_core,338,1153209.147052610
model_core_stage_0,338,131970.479764507
model_core_stage_1,338,131970.479764507
model_core_stage_2,338,150823.405445151
model_core_stage_3,338,150823.405445151
model_core_stage_4,338,150823.405445151
model_core_stage_5,338,150823.405445151
model_core_stage_6,338,150823.405445151
model_core_stage_7,338,135151.160297840
model_core,339,1153322.505341849
model_core_stage_0,339,131982.408222583
model_core_stage_1,339,131982.408222583
model_core_stage_2,339,150837.037968666
model_core_stage_3,339,150837.037968666
model_core_stage_4,339,150837.037968666
model_core_stage_5,339,150837.037968666
model_core_stage_6,339,150837.037968666
model_core_stage_7,339,135172.499053352
model_core,340,1153435.451770455
model_core_stage_0,340,131994.289417963
model_core_stage_1,340,131994.289417963
model_core_stage_2,340,150850.616477672
model_core_stage_3,340,150850.616477672
model_core_stage_4,340,150850.616477672
model_core_stage_5,340,150850.616477672
model_core_stage_6,340,150850.616477672
model_core_stage_7,340,135193.790546168
model_core,341,1153547.994841057
model_core_stage_0,341,132006.124326359
model_core_stage_1,341,132006.124326359
model_core_stage_2,341,150864.142087268
model_core_stage_3,341,150864.142087268
model_core_stage_4,341,150864.142087268
model_core_stage_5,341,150864.142087268
model_core_stage_6,341,150864.142087268
model_core_stage_7,341,135215.035752000
model_core,342,1153660.142880751
model_core_stage_0,342,132017.913903340
model_core_stage_1,342,132017.913903340
model_core_stage_2,342,150877.615889531
model_core_stage_3,342,150877.615889531
model_core_stage_4,342,150877.615889531
model_core_stage_5,342,150877.615889531
model_core_stage_6,342,150877.615889531
model_core_stage_7,342,135236.235626417
model_core,343,1153771.904044727
model_core_stage_0,343,132029.659084746
model_core_stage_1,343,132029.659084746
model_core_stage_2,343,150891.038953995
model_core_stage_3,343,150891.038953995
model_core_stage_4,343,150891.038953995
model_core_stage_5,343,150891.038953995
model_core_stage_6,343,150891.038953995
model_core_stage_7,343,135257.391105259
model_core,344,1153883.286319813
model_core_stage_0,344,132041.360787099
model_core_stage_1,344,132041.360787099
model_core_stage_2,344,150904.412328113
model_core_stage_3,344,150904.412328113
model_core_stage_4,344,150904.412328113
model_core_stage_5,344,150904.412328113
model_core_stage_6,344,150904.412328113
model_core_stage_7,344,135278.503105048
model_core,345,1153994.297527956
model_core_stage_0,345,132053.019908000
model_core_stage_1,345,132053.019908000
model_core_stage_2,345,150917.737037714
model_core_stage_3,345,150917.737037714
model_core_stage_4,345,150917.737037714
model_core_stage_5,345,150917.737037714
model_core_stage_6,345,150917.737037714
model_core_stage_7,345,135299.572523385
model_core,346,1154104.945329622
model_core_stage_0,346,132064.637326518
model_core_stage_1,346,132064.637326518
model_core_stage_2,346,150931.014087449
model_core_stage_3,346,150931.014087449
model_core_stage_4,346,150931.014087449
model_core_stage_5,346,150931.014087449
model_core_stage_6,346,150931.014087449
model_core_stage_7,346,135320.600239339
model_core,347,1154215.237227131
model_core_stage_0,347,132076.213903576
model_core_stage_1,347,132076.213903576
model_core_stage_2,347,150944.244461229
model_core_stage_3,347,150944.244461229
model_core_stage_4,347,150944.244461229
model_core_stage_5,347,150944.244461229
model_core_stage_6,347,150944.244461229
model_core_stage_7,347,135341.587113832
model_core,348,1154325.180567923
model_core_stage_0,348,132087.750482322
model_core_stage_1,348,132087.750482322
model_core_stage_2,348,150957.429122653
model_core_stage_3,348,150957.429122653
model_core_stage_4,348,150957.429122653
model_core_stage_5,348,150957.429122653
model_core_stage_6,348,150957.429122653
model_core_stage_7,348,135362.533990014
model_core,349,1154434.782547752
model_core_stage_0,349,132099.247888498
model_core_stage_1,349,132099.247888498
model_core_stage_2,349,150970.569015426
model_core_stage_3,349,150970.569015426
model_core_stage_4,349,150970.569015426
model_core_stage_5,349,150970.569015426
model_core_stage_6,349,150970.569015426
model_core_stage_7,349,135383.441693626
model_core,350,1154544.050213822
model_core_stage_0,350,132110.706930800
model_core_stage_1,350,132110.706930800
model_core_stage_2,350,150983.665063772
model_core_stage_3,350,150983.665063772
model_core_stage_4,350,150983.665063772
model_core_stage_5,350,150983.665063772
model_core_stage_6,350,150983.665063772
model_core_stage_7,350,135404.311033364
model_core,351,1154652.990467851
model_core_stage_0,351,132122.128401229
model_core_stage_1,351,132122.128401229
model_core_stage_2,351,150996.718172833
model_core_stage_3,351,150996.718172833
model_core_stage_4,351,150996.718172833
model_core_stage_5,351,150996.718172833
model_core_stage_6,351,150996.718172833
model_core_stage_7,351,135425.142801229
model_core,352,1154761.610069073
model_core_stage_0,352,132133.513075434
model_core_stage_1,352,132133.513075434
model_core_stage_2,352,151009.729229067
model_core_stage_3,352,151009.729229067
model_core_stage_4,352,151009.729229067
model_core_stage_5,352,151009.729229067
model_core_stage_6,352,151009.729229067
model_core_stage_7,352,135445.937772870
model_core,353,1154869.915637185
model_core_stage_0,353,132144.861713052
model_core_stage_1,353,132144.861713052
model_core_stage_2,353,151022.699100631
model_core_stage_3,353,151022.699100631
model_core_stage_4,353,151022.699100631
model_core_stage_5,353,151022.699100631
model_core_stage_6,353,151022.699100631
model_core_stage_7,353,135466.696707924
model_core,354,1154977.913655222
model_core_stage_0,354,132156.175058039
model_core_stage_1,354,132156.175058039
model_core_stage_2,354,151035.628637759
model_core_stage_3,354,151035.628637759
model_core_stage_4,354,151035.628637759
model_core_stage_5,354,151035.628637759
model_core_stage_6,354,151035.628637759
model_core_stage_7,354,135487.420350347
model_core,355,1155085.610472379
model_core_stage_0,355,132167.453838991
model_core_stage_1,355,132167.453838991
model_core_stage_2,355,151048.518673133
model_core_stage_3,355,151048.518673133
model_core_stage_4,355,151048.518673133
model_core_stage_5,355,151048.518673133
model_core_stage_6,355,151048.518673133
model_core_stage_7,355,135508.109428735
model_core,356,1155193.012306779
model_core_stage_0,356,132178.698769462
model_core_stage_1,356,132178.698769462
model_core_stage_2,356,151061.370022243
model_core_stage_3,356,151061.370022243
model_core_stage_4,356,151061.370022243
model_core_stage_5,356,151061.370022243
model_core_stage_6,356,151061.370022243
model_core_stage_7,356,135528.764656642
model_core,357,1155300.125248172
model_core_stage_0,357,132189.910548277
model_core_stage_1,357,132189.910548277
model_core_stage_2,357,151074.183483745
model_core_stage_3,357,151074.183483745
model_core_stage_4,357,151074.183483745
model_core_stage_5,357,151074.183483745
model_core_stage_6,357,151074.183483745
model_core_stage_7,357,135549.386732892
model_core,358,1155406.955260591
model_core_stage_0,358,132201.089859832
model_core_stage_1,358,132201.089859832
model_core_stage_2,358,151086.959839808
model_core_stage_3,358,151086.959839808
model_core_stage_4,358,151086.959839808
model_core_stage_5,358,151086.959839808
model_core_stage_6,358,151086.959839808
model_core_stage_7,358,135569.976341884
model_core,359,1155513.508184943
model_core_stage_0,359,132212.237374397
model_core_stage_1,359,132212.237374397
model_core_stage_2,359,151099.699856453
model_core_stage_3,359,151099.699856453
model_core_stage_4,359,151099.699856453
model_core_stage_5,359,151099.699856453
model_core_stage_6,359,151099.699856453
model_core_stage_7,359,135590.534153884
model_core,360,1155619.789741555
model_core_stage_0,360,132223.353748400
model_core_stage_1,360,132223.353748400
model_core_stage_2,360,151112.404283886
model_core_stage_3,360,151112.404283886
model_core_stage_4,360,151112.404283886
model_core_stage_5,360,151112.404283886
model_core_stage_6,360,151112.404283886
model_core_stage_7,360,135611.060825323
model_core,361,1155725.805532658
model_core_stage_0,361,132234.439624723
model_core_stage_1,361,132234.439624723
model_core_stage_2,361,151125.073856826
model_core_stage_3,361,151125.073856826
model_core_stage_4,361,151125.073856826
model_core_stage_5,361,151125.073856826
model_core_stage_6,361,151125.073856826
model_core_stage_7,361,135631.556999082
model_core,362,1155831.561044832
model_core_stage_0,362,132245.495632971
model_core_stage_1,362,132245.495632971
model_core_stage_2,362,151137.709294825
model_core_stage_3,362,151137.709294825
model_core_stage_4,362,151137.709294825
model_core_stage_5,362,151137.709294825
model_core_stage_6,362,151137.709294825
model_core_stage_7,362,135652.023304766
model_core,363,1155937.061651386
model_core_stage_0,363,132256.522389756
model_core_stage_1,363,132256.522389756
model_core_stage_2,363,151150.311302578
model_core_stage_3,363,151150.311302578
model_core_stage_4,363,151150.311302578
model_core_stage_5,363,151150.311302578
model_core_stage_6,363,151150.311302578
model_core_stage_7,363,135672.460358986
model_core,364,1156042.312614703
model_core_stage_0,364,132267.520498955
model_core_stage_1,364,132267.520498955
model_core_stage_2,364,151162.880570234
model_core_stage_3,364,151162.880570234
model_core_stage_4,364,151162.880570234
model_core_stage_5,364,151162.880570234
model_core_stage_6,364,151162.880570234
model_core_stage_7,364,135692.868765622
model_core,365,1156147.319088526
model_core_stage_0,365,132278.490551983
model_core_stage_1,365,132278.490551983
model_core_stage_2,365,151175.417773695
model_core_stage_3,365,151175.417773695
model_core_stage_4,365,151175.417773695
model_core_stage_5,365,151175.417773695
model_core_stage_6,365,151175.417773695
model_core_stage_7,365,135713.249116086
model_core,366,1156252.086120200
model_core_stage_0,366,132289.433128043
model_core_stage_1,366,132289.433128043
model_core_stage_2,366,151187.923574906
model_core_stage_3,366,151187.923574906
model_core_stage_4,366,151187.923574906
model_core_stage_5,366,151187.923574906
model_core_stage_6,366,151187.923574906
model_core_stage_7,366,135733.601989582
model_core,367,1156356.618652873
model_core_stage_0,367,132300.348794382
model_core_stage_1,367,132300.348794382
model_core_stage_2,367,151200.398622151
model_core_stage_3,367,151200.398622151
model_core_stage_4,367,151200.398622151
model_core_stage_5,367,151200.398622151
model_core_stage_6,367,151200.398622151
model_core_stage_7,367,135753.927953356
model_core,368,1156460.921527644
model_core_stage_0,368,132311.238106535
model_core_stage_1,368,132311.238106535
model_core_stage_2,368,151212.843550326
model_core_stage_3,368,151212.843550326
model_core_stage_4,368,151212.843550326
model_core_stage_5,368,151212.843550326
model_core_stage_6,368,151212.843550326
model_core_stage_7,368,135774.227562945
model_core,369,1156564.999485670
model_core_stage_0,369,132322.101608570
model_core_stage_1,369,132322.101608570
model_core_stage_2,369,151225.258981223
model_core_stage_3,369,151225.258981223
model_core_stage_4,369,151225.258981223
model_core_stage_5,369,151225.258981223
model_core_stage_6,369,151225.258981223
model_core_stage_7,369,135794.501362416
model_core,370,1156668.857170230
model_core_stage_0,370,132332.939833322
model_core_stage_1,370,132332.939833322
model_core_stage_2,370,151237.645523796
model_core_stage_3,370,151237.645523796
model_core_stage_4,370,151237.645523796
model_core_stage_5,370,151237.645523796
model_core_stage_6,370,151237.645523796
model_core_stage_7,370,135814.749884604
model_core,371,1156772.499128742
model_core_stage_0,371,132343.753302626
model_core_stage_1,371,132343.753302626
model_core_stage_2,371,151250.003774429
model_core_stage_3,371,151250.003774429
model_core_stage_4,371,151250.003774429
model_core_stage_5,371,151250.003774429
model_core_stage_6,371,151250.003774429
model_core_stage_7,371,135834.973651344
model_core,372,1156875.929814751
model_core_stage_0,372,132354.542527544
model_core_stage_1,372,132354.542527544
model_core_stage_2,372,151262.334317193
model_core_stage_3,372,151262.334317193
model_core_stage_4,372,151262.334317193
model_core_stage_5,372,151262.334317193
model_core_stage_6,372,151262.334317193
model_core_stage_7,372,135855.173173698
model_core,373,1156979.153589855
model_core_stage_0,373,132365.308008588
model_core_stage_1,373,132365.308008588
model_core_stage_2,373,151274.637724100
model_core_stage_3,373,151274.637724100
model_core_stage_4,373,151274.637724100
model_core_stage_5,373,151274.637724100
model_core_stage_6,373,151274.637724100
model_core_stage_7,373,135875.348952178
model_core,374,1157082.174725614
model_core_stage_0,374,132376.050235936
model_core_stage_1,374,132376.050235936
model_core_stage_2,374,151286.914555356
model_core_stage_3,374,151286.914555356
model_core_stage_4,374,151286.914555356
model_core_stage_5,374,151286.914555356
model_core_stage_6,374,151286.914555356
model_core_stage_7,374,135895.501476962
model_core,375,1157184.997405402
model_core_stage_0,375,132386.769689649
model_core_stage_1,375,132386.769689649
model_core_stage_2,375,151299.165359599
model_core_stage_3,375,151299.165359599
model_core_stage_4,375,151299.165359599
model_core_stage_5,375,151299.165359599
model_core_stage_6,375,151299.165359599
model_core_stage_7,375,135915.631228110
model_core,376,1157287.625726229
model_core_stage_0,376,132397.466839874
model_core_stage_1,376,132397.466839874
model_core_stage_2,376,151311.390674142
model_core_stage_3,376,151311.390674142
model_core_stage_4,376,151311.390674142
model_core_stage_5,376,151311.390674142
model_core_stage_6,376,151311.390674142
model_core_stage_7,376,135935.738675772
model_core,377,1157390.063700526
model_core_stage_0,377,132408.142147055
model_core_stage_1,377,132408.142147055
model_core_stage_2,377,151323.591025206
model_core_stage_3,377,151323.591025206
model_core_stage_4,377,151323.591025206
model_core_stage_5,377,151323.591025206
model_core_stage_6,377,151323.591025206
model_core_stage_7,377,135955.824280388
model_core,378,1157492.315257889
model_core_stage_0,378,132418.796062129
model_core_stage_1,378,132418.796062129
model_core_stage_2,378,151335.766928147
model_core_stage_3,378,151335.766928147
model_core_stage_4,378,151335.766928147
model_core_stage_5,378,151335.766928147
model_core_stage_6,378,151335.766928147
model_core_stage_7,378,135975.888492898
model_core,379,1157594.384246789
model_core_stage_0,379,132429.429026723
model_core_stage_1,379,132429.429026723
model_core_stage_2,379,151347.918887683
model_core_stage_3,379,151347.918887683
model_core_stage_4,379,151347.918887683
model_core_stage_5,379,151347.918887683
model_core_stage_6,379,151347.918887683
model_core_stage_7,379,135995.931754928
model_core,380,1157696.274436249
model_core_stage_0,380,132440.041473348
model_core_stage_1,380,132440.041473348
model_core_stage_2,380,151360.047398113
model_core_stage_3,380,151360.047398113
model_core_stage_4,380,151360.047398113
model_core_stage_5,380,151360.047398113
model_core_stage_6,380,151360.047398113
model_core_stage_7,380,136015.954498989
model_core,381,1157797.989517481
model_core_stage_0,381,132450.633825587
model_core_stage_1,381,132450.633825587
model_core_stage_2,381,151372.152943528
model_core_stage_3,381,151372.152943528
model_core_stage_4,381,151372.152943528
model_core_stage_5,381,151372.152943528
model_core_stage_6,381,151372.152943528
model_core_stage_7,381,136035.957148664
model_core,382,1157899.533105495
model_core_stage_0,382,132461.206498277
model_core_stage_1,382,132461.206498277
model_core_stage_2,382,151384.235998030
model_core_stage_3,382,151384.235998030
model_core_stage_4,382,151384.235998030
model_core_stage_5,382,151384.235998030
model_core_stage_6,382,151384.235998030
model_core_stage_7,382,136055.940118789
model_core,383,1158000.908740673
model_core_stage_0,383,132471.759897690
model_core_stage_1,383,132471.759897690
model_core_stage_2,383,151396.297025931
model_core_stage_3,383,151396.297025931
model_core_stage_4,383,151396.297025931
model_core_stage_5,383,151396.297025931
model_core_stage_6,383,151396.297025931
model_core_stage_7,383,136075.903815638
model_core,384,1158102.119890303
model_core_stage_0,384,132482.294421712
model_core_stage_1,384,132482.294421712
model_core_stage_2,384,151408.336481956
model_core_stage_3,384,151408.336481956
model_core_stage_4,384,151408.336481956
model_core_stage_5,384,151408.336481956
model_core_stage_6,384,151408.336481956
model_core_stage_7,384,136095.848637097
model_core,385,1158203.169950098
model_core_stage_0,385,132492.810460015
model_core_stage_1,385,132492.810460015
model_core_stage_2,385,151420.354811446
model_core_stage_3,385,151420.354811446
model_core_stage_4,385,151420.354811446
model_core_stage_5,385,151420.354811446
model_core_stage_6,385,151420.354811446
model_core_stage_7,385,136115.774972836
model_core,386,1158304.062245664
model_core_stage_0,386,132503.308394227
model_core_stage_1,386,132503.308394227
model_core_stage_2,386,151432.352450545
model_core_stage_3,386,151432.352450545
model_core_stage_4,386,151432.352450545
model_core_stage_5,386,151432.352450545
model_core_stage_6,386,151432.352450545
model_core_stage_7,386,136135.683204484
model_core,387,1158404.800033956
model_core_stage_0,387,132513.788598096
model_core_stage_1,387,132513.788598096
model_core_stage_2,387,151444.329826395
model_core_stage_3,387,151444.329826395
model_core_stage_4,387,151444.329826395
model_core_stage_5,387,151444.329826395
model_core_stage_6,387,151444.329826395
model_core_stage_7,387,136155.573705788
model_core,388,1158505.386504688
model_core_stage_0,388,132524.251437654
model_core_stage_1,388,132524.251437654
model_core_stage_2,388,151456.287357319
model_core_stage_3,388,151456.287357319
model_core_stage_4,388,151456.287357319
model_core_stage_5,388,151456.287357319
model_core_stage_6,388,151456.287357319
model_core_stage_7,388,136175.446842783
model_core,389,1158605.824781725
model_core_stage_0,389,132534.697271379
model_core_stage_1,389,132534.697271379
model_core_stage_2,389,151468.225453005
model_core_stage_3,389,151468.225453005
model_core_stage_4,389,151468.225453005
model_core_stage_5,389,151468.225453005
model_core_stage_6,389,151468.225453005
model_core_stage_7,389,136195.302973943
model_core,390,1158706.117924442
model_core_stage_0,390,132545.126450346
model_core_stage_1,390,132545.126450346
model_core_stage_2,390,151480.144514681
model_core_stage_3,390,151480.144514681
model_core_stage_4,390,151480.144514681
model_core_stage_5,390,151480.144514681
model_core_stage_6,390,151480.144514681
model_core_stage_7,390,136215.142450346
model_core,391,1158806.268929054
model_core_stage_0,391,132555.539318382
model_core_stage_1,391,132555.539318382
model_core_stage_2,391,151492.044935294
model_core_stage_3,391,151492.044935294
model_core_stage_4,391,151492.044935294
model_core_stage_5,391,151492.044935294
model_core_stage_6,391,151492.044935294
model_core_stage_7,391,136234.965615818
model_core,392,1158906.280729922
model_core_stage_0,392,132565.936212219
model_core_stage_1,392,132565.936212219
model_core_stage_2,392,151503.927099679
model_core_stage_3,392,151503.927099679
model_core_stage_4,392,151503.927099679
model_core_stage_5,392,151503.927099679
model_core_stage_6,392,151503.927099679
model_core_stage_7,392,136254.772807091
model_core,393,1159006.156200828
model_core_stage_0,393,132576.317461633
model_core_stage_1,393,132576.317461633
model_core_stage_2,393,151515.791384724
model_core_stage_3,393,151515.791384724
model_core_stage_4,393,151515.791384724
model_core_stage_5,393,151515.791384724
model_core_stage_6,393,151515.791384724
model_core_stage_7,393,136274.564353941
model_core,394,1159105.898156226
model_core_stage_0,394,132586.683389596
model_core_stage_1,394,132586.683389596
model_core_stage_2,394,151527.638159539
model_core_stage_3,394,151527.638159539
model_core_stage_4,394,151527.638159539
model_core_stage_5,394,151527.638159539
model_core_stage_6,394,151527.638159539
model_core_stage_7,394,136294.340579340
model_core,395,1159205.509352469
model_core_stage_0,395,132597.034312410
model_core_stage_1,395,132597.034312410
model_core_stage_2,395,151539.467785612
model_core_stage_3,395,151539.467785612
model_core_stage_4,395,151539.467785612
model_core_stage_5,395,151539.467785612
model_core_stage_6,395,151539.467785612
model_core_stage_7,395,136314.101799590
model_core,396,1159304.992489005
model_core_stage_0,396,132607.370539848
model_core_stage_1,396,132607.370539848
model_core_stage_2,396,151551.280616969
model_core_stage_3,396,151551.280616969
model_core_stage_4,396,151551.280616969
model_core_stage_5,396,151551.280616969
model_core_stage_6,396,151551.280616969
model_core_stage_7,396,136333.848324463
model_core,397,1159404.350209554
model_core_stage_0,397,132617.692375287
model_core_stage_1,397,132617.692375287
model_core_stage_2,397,151563.077000328
model_core_stage_3,397,151563.077000328
model_core_stage_4,397,151563.077000328
model_core_stage_5,397,151563.077000328
model_core_stage_6,397,151563.077000328
model_core_stage_7,397,136353.580457338
model_core,398,1159503.585103257
model_core_stage_0,398,132628.000115842
model_core_stage_1,398,132628.000115842
model_core_stage_2,398,151574.857275249
model_core_stage_3,398,151574.857275249
model_core_stage_4,398,151574.857275249
model_core_stage_5,398,151574.857275249
model_core_stage_6,398,151574.857275249
model_core_stage_7,398,136373.298495330
model_core,399,1159602.699705805
model_core_stage_0,399,132638.294052495
model_core_stage_1,399,132638.294052495
model_core_stage_2,399,151586.621774280
model_core_stage_3,399,151586.621774280
model_core_stage_4,399,151586.621774280
model_core_stage_5,399,151586.621774280
model_core_stage_6,399,151586.621774280
model_core_stage_7,399,136393.002729418
model_core,400,1159701.696500542
model_core_stage_0,400,132648.574470218
model_core_stage_1,400,132648.574470218
model_core_stage_2,400,151598.370823106
model_core_stage_3,400,151598.370823106
model_core_stage_4,400,151598.370823106
model_core_stage_5,400,151598.370823106
model_core_stage_6,400,151598.370823106
model_core_stage_7,400,136412.693444577
model_core,401,1159800.577919541
model_core_stage_0,401,132658.841648102
model_core_stage_1,401,132658.841648102
model_core_stage_2,401,151610.104740688
model_core_stage_3,401,151610.104740688
model_core_stage_4,401,151610.104740688
model_core_stage_5,401,151610.104740688
model_core_stage_6,401,151610.104740688
model_core_stage_7,401,136432.370919897
model_core,402,1159899.346344670
model_core_stage_0,402,132669.095859477
model_core_stage_1,402,132669.095859477
model_core_stage_2,402,151621.823839402
model_core_stage_3,402,151621.823839402
model_core_stage_4,402,151621.823839402
model_core_stage_5,402,151621.823839402
model_core_stage_6,402,151621.823839402
model_core_stage_7,402,136452.035428707
model_core,403,1159998.004108622
model_core_stage_0,403,132679.337372028
model_core_stage_1,403,132679.337372028
model_core_stage_2,403,151633.528425175
model_core_stage_3,403,151633.528425175
model_core_stage_4,403,151633.528425175
model_core_stage_5,403,151633.528425175
model_core_stage_6,403,151633.528425175
model_core_stage_7,403,136471.687238694
model_core,404,1160096.553495936
model_core_stage_0,404,132689.566447915
model_core_stage_1,404,132689.566447915
model_core_stage_2,404,151645.218797618
model_core_stage_3,404,151645.218797618
model_core_stage_4,404,151645.218797618
model_core_stage_5,404,151645.218797618
model_core_stage_6,404,151645.218797618
model_core_stage_7,404,136491.326612018
model_core,405,1160194.996743985
model_core_stage_0,405,132699.783343887
model_core_stage_1,405,132699.783343887
model_core_stage_2,405,151656.895250157
model_core_stage_3,405,151656.895250157
model_core_stage_4,405,151656.895250157
model_core_stage_5,405,151656.895250157
model_core_stage_6,405,151656.895250157
model_core_stage_7,405,136510.953805426
model_core,406,1160293.336043953
model_core_stage_0,406,132709.988311391
model_core_stage_1,406,132709.988311391
model_core_stage_2,406,151668.558070161
model_core_stage_3,406,151668.558070161
model_core_stage_4,406,151668.558070161
model_core_stage_5,406,151668.558070161
model_core_stage_6,406,151668.558070161
model_core_stage_7,406,136530.569070365
model_core,407,1160391.573541791
model_core_stage_0,407,132720.181596683
model_core_stage_1,407,132720.181596683
model_core_stage_2,407,151680.207539066
model_core_stage_3,407,151680.207539066
model_core_stage_4,407,151680.207539066
model_core_stage_5,407,151680.207539066
model_core_stage_6,407,151680.207539066
model_core_stage_7,407,136550.172653093
model_core,408,1160489.711339145
model_core_stage_0,408,132730.363440936
model_core_stage_1,408,132730.363440936
model_core_stage_2,408,151691.843932498
model_core_stage_3,408,151691.843932498
model_core_stage_4,408,151691.843932498
model_core_stage_5,408,151691.843932498
model_core_stage_6,408,151691.843932498
model_core_stage_7,408,136569.764794782
model_core,409,1160587.751494275
model_core_stage_0,409,132740.534080343
model_core_stage_1,409,132740.534080343
model_core_stage_2,409,151703.467520392
model_core_stage_3,409,151703.467520392
model_core_stage_4,409,151703.467520392
model_core_stage_5,409,151703.467520392
model_core_stage_6,409,151703.467520392
model_core_stage_7,409,136589.345731626
model_core,410,1160685.696022949
model_core_stage_0,410,132750.693746223
model_core_stage_1,410,132750.693746223
model_core_stage_2,410,151715.078567112
model_core_stage_3,410,151715.078567112
model_core_stage_4,410,151715.078567112
model_core_stage_5,410,151715.078567112
model_core_stage_6,410,151715.078567112
model_core_stage_7,410,136608.915694941
model_core,411,1160783.546899322
model_core_stage_0,411,132760.842665118
model_core_stage_1,411,132760.842665118
model_core_stage_2,411,151726.677331563
model_core_stage_3,411,151726.677331563
model_core_stage_4,411,151726.677331563
model_core_stage_5,411,151726.677331563
model_core_stage_6,411,151726.677331563
model_core_stage_7,411,136628.474911271
model_core,412,1160881.306056791
model_core_stage_0,412,132770.981058892
model_core_stage_1,412,132770.981058892
model_core_stage_2,412,151738.264067305
model_core_stage_3,412,151738.264067305
model_core_stage_4,412,151738.264067305
model_core_stage_5,412,151738.264067305
model_core_stage_6,412,151738.264067305
model_core_stage_7,412,136648.023602482
model_core,413,1160978.975388841
model_core_stage_0,413,132781.109144831
model_core_stage_1,413,132781.109144831
model_core_stage_2,413,151749.839022664
model_core_stage_3,413,151749.839022664
model_core_stage_4,413,151749.839022664
model_core_stage_5,413,151749.839022664
model_core_stage_6,413,151749.839022664
model_core_stage_7,413,136667.561985857
model_core,414,1161076.556749868
model_core_stage_0,414,132791.227135735
model_core_stage_1,414,132791.227135735
model_core_stage_2,414,151761.402440840
model_core_stage_3,414,151761.402440840
model_core_stage_4,414,151761.402440840
model_core_stage_5,414,151761.402440840
model_core_stage_6,414,151761.402440840
model_core_stage_7,414,136687.090274197
model_core,415,1161174.051955983
model_core_stage_0,415,132801.335240010
model_core_stage_1,415,132801.335240010
model_core_stage_2,415,151772.954560011
model_core_stage_3,415,151772.954560011
model_core_stage_4,415,151772.954560011
model_core_stage_5,415,151772.954560011
model_core_stage_6,415,151772.954560011
model_core_stage_7,415,136706.608675907
model_core,416,1161271.462785804
model_core_stage_0,416,132811.433661759
model_core_stage_1,416,132811.433661759
model_core_stage_2,416,151784.495613439
model_core_stage_3,416,151784.495613439
model_core_stage_4,416,151784.495613439
model_core_stage_5,416,151784.495613439
model_core_stage_6,416,151784.495613439
model_core_stage_7,416,136726.117395092
model_core,417,1161368.790981234
model_core_stage_0,417,132821.522600873
model_core_stage_1,417,132821.522600873
model_core_stage_2,417,151796.025829569
model_core_stage_3,417,151796.025829569
model_core_stage_4,417,151796.025829569
model_core_stage_5,417,151796.025829569
model_core_stage_6,417,151796.025829569
model_core_stage_7,417,136745.616631642
model_core,418,1161466.038248212
model_core_stage_0,418,132831.602253116
model_core_stage_1,418,132831.602253116
model_core_stage_2,418,151807.545432132
model_core_stage_3,418,151807.545432132
model_core_stage_4,418,151807.545432132
model_core_stage_5,418,151807.545432132
model_core_stage_6,418,151807.545432132
model_core_stage_7,418,136765.106581321
model_core,419,1161563.206257459
model_core_stage_0,419,132841.672810209
model_core_stage_1,419,132841.672810209
model_core_stage_2,419,151819.054640238
model_core_stage_3,419,151819.054640238
model_core_stage_4,419,151819.054640238
model_core_stage_5,419,151819.054640238
model_core_stage_6,419,151819.054640238
model_core_stage_7,419,136784.587435850
model_core,420,1161660.296645207
model_core_stage_0,420,132851.734459917
model_core_stage_1,420,132851.734459917
model_core_stage_2,420,151830.553668476
model_core_stage_3,420,151830.553668476
model_core_stage_4,420,151830.553668476
model_core_stage_5,420,151830.553668476
model_core_stage_6,420,151830.553668476
model_core_stage_7,420,136804.059382993
model_core,421,1161757.311013907
model_core_stage_0,421,132861.787386127
model_core_stage_1,421,132861.787386127
model_core_stage_2,421,151842.042727003
model_core_stage_3,421,151842.042727003
model_core_stage_4,421,151842.042727003
model_core_stage_5,421,151842.042727003
model_core_stage_6,421,151842.042727003
model_core_stage_7,421,136823.522606640
model_core,422,1161854.250932930
model_core_stage_0,422,132871.831768932
model_core_stage_1,422,132871.831768932
model_core_stage_2,422,151853.522021637
model_core_stage_3,422,151853.522021637
model_core_stage_4,422,151853.522021637
model_core_stage_5,422,151853.522021637
model_core_stage_6,422,151853.522021637
model_core_stage_7,422,136842.977286881
model_core,423,1161951.117939247
model_core_stage_0,423,132881.867784705
model_core_stage_1,423,132881.867784705
model_core_stage_2,423,151864.991753949
model_core_stage_3,423,151864.991753949
model_core_stage_4,423,151864.991753949
model_core_stage_5,423,151864.991753949
model_core_stage_6,423,151864.991753949
model_core_stage_7,423,136862.423600090
model_core,424,1162047.913538098
model_core_stage_0,424,132891.895606179
model_core_stage_1,424,132891.895606179
model_core_stage_2,424,151876.452121348
model_core_stage_3,424,151876.452121348
model_core_stage_4,424,151876.452121348
model_core_stage_5,424,151876.452121348
model_core_stage_6,424,151876.452121348
model_core_stage_7,424,136881.861719000
model_core,425,1162144.639203652
model_core_stage_0,425,132901.915402521
model_core_stage_1,425,132901.915402521
model_core_stage_2,425,151887.903317167
model_core_stage_3,425,151887.903317167
model_core_stage_4,425,151887.903317167
model_core_stage_5,425,151887.903317167
model_core_stage_6,425,151887.903317167
model_core_stage_7,425,136901.291812777
model_core,426,1162241.296379640
model_core_stage_0,426,132911.927339404
model_core_stage_1,426,132911.927339404
model_core_stage_2,426,151899.345530747
model_core_stage_3,426,151899.345530747
model_core_stage_4,426,151899.345530747
model_core_stage_5,426,151899.345530747
model_core_stage_6,426,151899.345530747
model_core_stage_7,426,136920.714047096
model_core,427,1162337.886479991
model_core_stage_0,427,132921.931579083
model_core_stage_1,427,132921.931579083
model_core_stage_2,427,151910.778947523
model_core_stage_3,427,151910.778947523
model_core_stage_4,427,151910.778947523
model_core_stage_5,427,151910.778947523
model_core_stage_6,427,151910.778947523
model_core_stage_7,427,136940.128584211
model_core,428,1162434.410889445
model_core_stage_0,428,132931.928280462
model_core_stage_1,428,132931.928280462
model_core_stage_2,428,151922.203749099
model_core_stage_3,428,151922.203749099
model_core_stage_4,428,151922.203749099
model_core_stage_5,428,151922.203749099
model_core_stage_6,428,151922.203749099
model_core_stage_7,428,136959.535583026
model_core,429,1162530.870964150
model_core_stage_0,429,132941.917599165
model_core_stage_1,429,132941.917599165
model_core_stage_2,429,151933.620113331
model_core_stage_3,429,151933.620113331
model_core_stage_4,429,151933.620113331
model_core_stage_5,429,151933.620113331
model_core_stage_6,429,151933.620113331
model_core_stage_7,429,136978.935199165
model_core,430,1162627.268032263
model_core_stage_0,430,132951.899687603
model_core_stage_1,430,132951.899687603
model_core_stage_2,430,151945.028214404
model_core_stage_3,430,151945.028214404
model_core_stage_4,430,151945.028214404
model_core_stage_5,430,151945.028214404
model_core_stage_6,430,151945.028214404
model_core_stage_7,430,136998.327585039
model_core,431,1162723.603394518
model_core_stage_0,431,132961.874695041
model_core_stage_1,431,132961.874695041
model_core_stage_2,431,151956.428222905
model_core_stage_3,431,151956.428222905
model_core_stage_4,431,151956.428222905
model_core_stage_5,431,151956.428222905
model_core_stage_6,431,151956.428222905
model_core_stage_7,431,137017.712889913
model_core,432,1162819.878324798
model_core_stage_0,432,132971.842767663
model_core_stage_1,432,132971.842767663
model_core_stage_2,432,151967.820305900
model_core_stage_3,432,151967.820305900
model_core_stage_4,432,151967.820305900
model_core_stage_5,432,151967.820305900
model_core_stage_6,432,151967.820305900
model_core_stage_7,432,137037.091259971
model_core,433,1162916.094070687
model_core_stage_0,433,132981.804048633
model_core_stage_1,433,132981.804048633
model_core_stage_2,433,151979.204627009
model_core_stage_3,433,151979.204627009
model_core_stage_4,433,151979.204627009
model_core_stage_5,433,151979.204627009
model_core_stage_6,433,151979.204627009
model_core_stage_7,433,137056.462838376
model_core,434,1163012.251854013
model_core_stage_0,434,132991.758678161
model_core_stage_1,434,132991.758678161
model_core_stage_2,434,151990.581346470
model_core_stage_3,434,151990.581346470
model_core_stage_4,434,151990.581346470
model_core_stage_5,434,151990.581346470
model_core_stage_6,434,151990.581346470
model_core_stage_7,434,137075.827765341
model_core,435,1163108.352871379
model_core_stage_0,435,133001.706793563
model_core_stage_1,435,133001.706793563
model_core_stage_2,435,152001.950621215
model_core_stage_3,435,152001.950621215
model_core_stage_4,435,152001.950621215
model_core_stage_5,435,152001.950621215
model_core_stage_6,435,152001.950621215
model_core_stage_7,435,137095.186178178
model_core,436,1163204.398294688
model_core_stage_0,436,133011.648529319
model_core_stage_1,436,133011.648529319
model_core_stage_2,436,152013.312604936
model_core_stage_3,436,152013.312604936
model_core_stage_4,436,152013.312604936
model_core_stage_5,436,152013.312604936
model_core_stage_6,436,152013.312604936
model_core_stage_7,436,137114.538211370
model_core,437,1163300.389271646
model_core_stage_0,437,133021.584017133
model_core_stage_1,437,133021.584017133
model_core_stage_2,437,152024.667448152
model_core_stage_3,437,152024.667448152
model_core_stage_4,437,152024.667448152
model_core_stage_5,437,152024.667448152
model_core_stage_6,437,152024.667448152
model_core_stage_7,437,137133.883996620
model_core,438,1163396.326926267
model_core_stage_0,438,133031.513385990
model_core_stage_1,438,133031.513385990
model_core_stage_2,438,152036.015298275
model_core_stage_3,438,152036.015298275
model_core_stage_4,438,152036.015298275
model_core_stage_5,438,152036.015298275
model_core_stage_6,438,152036.015298275
model_core_stage_7,438,137153.223662913
model_core,439,1163492.212359362
model_core_stage_0,439,133041.436762214
model_core_stage_1,439,133041.436762214
model_core_stage_2,439,152047.356299673
model_core_stage_3,439,152047.356299673
model_core_stage_4,439,152047.356299673
model_core_stage_5,439,152047.356299673
model_core_stage_6,439,152047.356299673
model_core_stage_7,439,137172.557336572
model_core,440,1163588.046649014
model_core_stage_0,440,133051.354269517
model_core_stage_1,440,133051.354269517
model_core_stage_2,440,152058.690593734
model_core_stage_3,440,152058.690593734
model_core_stage_4,440,152058.690593734
model_core_stage_5,440,152058.690593734
model_core_stage_6,440,152058.690593734
model_core_stage_7,440,137191.885141312
model_core,441,1163683.830851049
model_core_stage_0,441,133061.266029061
model_core_stage_1,441,133061.266029061
model_core_stage_2,441,152070.018318927
model_core_stage_3,441,152070.018318927
model_core_stage_4,441,152070.018318927
model_core_stage_5,441,152070.018318927
model_core_stage_6,441,152070.018318927
model_core_stage_7,441,137211.207198292
model_core,442,1163779.565999499
model_core_stage_0,442,133071.172159505
model_core_stage_1,442,133071.172159505
model_core_stage_2,442,152081.339610863
model_core_stage_3,442,152081.339610863
model_core_stage_4,442,152081.339610863
model_core_stage_5,442,152081.339610863
model_core_stage_6,442,152081.339610863
model_core_stage_7,442,137230.523626172
model_core,443,1163875.253107047
model_core_stage_0,443,133081.072777059
model_core_stage_1,443,133081.072777059
model_core_stage_2,443,152092.654602353
model_core_stage_3,443,152092.654602353
model_core_stage_4,443,152092.654602353
model_core_stage_5,443,152092.654602353
model_core_stage_6,443,152092.654602353
model_core_stage_7,443,137249.834541162
model_core,444,1163970.893165470
model_core_stage_0,444,133090.967995533
model_core_stage_1,444,133090.967995533
model_core_stage_2,444,152103.963423466
model_core_stage_3,444,152103.963423466
model_core_stage_4,444,152103.963423466
model_core_stage_5,444,152103.963423466
model_core_stage_6,444,152103.963423466
model_core_stage_7,444,137269.140057072
model_core,445,1164066.487146070
model_core_stage_0,445,133100.857926388
model_core_stage_1,445,133100.857926388
model_core_stage_2,445,152115.266201586
model_core_stage_3,445,152115.266201586
model_core_stage_4,445,152115.266201586
model_core_stage_5,445,152115.266201586
model_core_stage_6,445,152115.266201586
model_core_stage_7,445,137288.440285362
model_core,446,1164162.036000099
model_core_stage_0,446,133110.742678784
model_core_stage_1,446,133110.742678784
model_core_stage_2,446,152126.563061467
model_core_stage_3,446,152126.563061467
model_core_stage_4,446,152126.563061467
model_core_stage_5,446,152126.563061467
model_core_stage_6,446,152126.563061467
model_core_stage_7,446,137307.735335194
model_core,447,1164257.540659168
model_core_stage_0,447,133120.622359627
model_core_stage_1,447,133120.622359627
model_core_stage_2,447,152137.854125288
model_core_stage_3,447,152137.854125288
model_core_stage_4,447,152137.854125288
model_core_stage_5,447,152137.854125288
model_core_stage_6,447,152137.854125288
model_core_stage_7,447,137327.025313473
model_core,448,1164353.002035656
model_core_stage_0,448,133130.497073617
model_core_stage_1,448,133130.497073617
model_core_stage_2,448,152149.139512705
model_core_stage_3,448,152149.139512705
model_core_stage_4,448,152149.139512705
model_core_stage_5,448,152149.139512705
model_core_stage_6,448,152149.139512705
model_core_stage_7,448,137346.310324899
model_core,449,1164448.421023110
model_core_stage_0,449,133140.366923291
model_core_stage_1,449,133140.366923291
model_core_stage_2,449,152160.419340904
model_core_stage_3,449,152160.419340904
model_core_stage_4,449,152160.419340904
model_core_stage_5,449,152160.419340904
model_core_stage_6,449,152160.419340904
model_core_stage_7,449,137365.590472009
model_core,450,1164543.798496625
model_core_stage_0,450,133150.232009070
model_core_stage_1,450,133150.232009070
model_core_stage_2,450,152171.693724652
model_core_stage_3,450,152171.693724652
model_core_stage_4,450,152171.693724652
model_core_stage_5,450,152171.693724652
model_core_stage_6,450,152171.693724652
model_core_stage_7,450,137384.865855224
model_core,451,1164639.135313234
model_core_stage_0,451,133160.092429303
model_core_stage_1,451,133160.092429303
model_core_stage_2,451,152182.962776347
model_core_stage_3,451,152182.962776347
model_core_stage_4,451,152182.962776347
model_core_stage_5,451,152182.962776347
model_core_stage_6,451,152182.962776347
model_core_stage_7,451,137404.136572893
model_core,452,1164734.432312276
model_core_stage_0,452,133169.948280307
model_core_stage_1,452,133169.948280307
model_core_stage_2,452,152194.226606066
model_core_stage_3,452,152194.226606066
model_core_stage_4,452,152194.226606066
model_core_stage_5,452,152194.226606066
model_core_stage_6,452,152194.226606066
model_core_stage_7,452,137423.402721333
model_core,453,1164829.690315761
model_core_stage_0,453,133179.799656411
model_core_stage_1,453,133179.799656411
model_core_stage_2,453,152205.485321613
model_core_stage_3,453,152205.485321613
model_core_stage_4,453,152205.485321613
model_core_stage_5,453,152205.485321613
model_core_stage_6,453,152205.485321613
model_core_stage_7,453,137442.664394873
model_core,454,1164924.910128731
model_core_stage_0,454,133189.646649997
model_core_stage_1,454,133189.646649997
model_core_stage_2,454,152216.739028568
model_core_stage_3,454,152216.739028568
model_core_stage_4,454,152216.739028568
model_core_stage_5,454,152216.739028568
model_core_stage_6,454,152216.739028568
model_core_stage_7,454,137461.921685895
model_core,455,1165020.092539607
model_core_stage_0,455,133199.489351540
model_core_stage_1,455,133199.489351540
model_core_stage_2,455,152227.987830331
model_core_stage_3,455,152227.987830331
model_core_stage_4,455,152227.987830331
model_core_stage_5,455,152227.987830331
model_core_stage_6,455,152227.987830331
model_core_stage_7,455,137481.174684873
model_core,456,1165115.238320534
model_core_stage_0,456,133209.327849645
model_core_stage_1,456,133209.327849645
model_core_stage_2,456,152239.231828166
model_core_stage_3,456,152239.231828166
model_core_stage_4,456,152239.231828166
model_core_stage_5,456,152239.231828166
model_core_stage_6,456,152239.231828166
model_core_stage_7,456,137500.423480414
model_core,457,1165210.348227717
model_core_stage_0,457,133219.162231092
model_core_stage_1,457,133219.162231092
model_core_stage_2,457,152250.471121247
model_core_stage_3,457,152250.471121247
model_core_stage_4,457,152250.471121247
model_core_stage_5,457,152250.471121247
model_core_stage_6,457,152250.471121247
model_core_stage_7,457,137519.668159297
model_core,458,1165305.423001749
model_core_stage_0,458,133228.992580865
model_core_stage_1,458,133228.992580865
model_core_stage_2,458,152261.705806703
model_core_stage_3,458,152261.705806703
model_core_stage_4,458,152261.705806703
model_core_stage_5,458,152261.705806703
model_core_stage_6,458,152261.705806703
model_core_stage_7,458,137538.908806506
model_core,459,1165400.463367933
model_core_stage_0,459,133238.818982197
model_core_stage_1,459,133238.818982197
model_core_stage_2,459,152272.935979653
model_core_stage_3,459,152272.935979653
model_core_stage_4,459,152272.935979653
model_core_stage_5,459,152272.935979653
model_core_stage_6,459,152272.935979653
model_core_stage_7,459,137558.145505273
model_core,460,1165495.470036599
model_core_stage_0,460,133248.641516600
model_core_stage_1,460,133248.641516600
model_core_stage_2,460,152284.161733257
model_core_stage_3,460,152284.161733257
model_core_stage_4,460,152284.161733257
model_core_stage_5,460,152284.161733257
model_core_stage_6,460,152284.161733257
model_core_stage_7,460,137577.378337113
model_core,461,1165590.443703416
model_core_stage_0,461,133258.460263906
model_core_stage_1,461,133258.460263906
model_core_stage_2,461,152295.383158750
model_core_stage_3,461,152295.383158750
model_core_stage_4,461,152295.383158750
model_core_stage_5,461,152295.383158750
model_core_stage_6,461,152295.383158750
model_core_stage_7,461,137596.607381855
model_core,462,1165685.385049686
model_core_stage_0,462,133268.275302297
model_core_stage_1,462,133268.275302297
model_core_stage_2,462,152306.600345482
model_core_stage_3,462,152306.600345482
model_core_stage_4,462,152306.600345482
model_core_stage_5,462,152306.600345482
model_core_stage_6,462,152306.600345482
model_core_stage_7,462,137615.832717681
model_core,463,1165780.294742649
model_core_stage_0,463,133278.086708341
model_core_stage_1,463,133278.086708341
model_core_stage_2,463,152317.813380961
model_core_stage_3,463,152317.813380961
model_core_stage_4,463,152317.813380961
model_core_stage_5,463,152317.813380961
model_core_stage_6,463,152317.813380961
model_core_stage_7,463,137635.054421161
model_core,464,1165875.173435769
model_core_stage_0,464,133287.894557026
model_core_stage_1,464,133287.894557026
model_core_stage_2,464,152329.022350887
model_core_stage_3,464,152329.022350887
model_core_stage_4,464,152329.022350887
model_core_stage_5,464,152329.022350887
model_core_stage_6,464,152329.022350887
model_core_stage_7,464,137654.272567282
model_core,465,1165970.021769021
model_core_stage_0,465,133297.698921792
model_core_stage_1,465,133297.698921792
model_core_stage_2,465,152340.227339191
model_core_stage_3,465,152340.227339191
model_core_stage_4,465,152340.227339191
model_core_stage_5,465,152340.227339191
model_core_stage_6,465,152340.227339191
model_core_stage_7,465,137673.487229484
model_core,466,1166064.840369167
model_core_stage_0,466,133307.499874562
model_core_stage_1,466,133307.499874562
model_core_stage_2,466,152351.428428071
model_core_stage_3,466,152351.428428071
model_core_stage_4,466,152351.428428071
model_core_stage_5,466,152351.428428071
model_core_stage_6,466,152351.428428071
model_core_stage_7,466,137692.698479690
model_core,467,1166159.629850030
model_core_stage_0,467,133317.297485775
model_core_stage_1,467,133317.297485775
model_core_stage_2,467,152362.625698028
model_core_stage_3,467,152362.625698028
model_core_stage_4,467,152362.625698028
model_core_stage_5,467,152362.625698028
model_core_stage_6,467,152362.625698028
model_core_stage_7,467,137711.906388339
model_core,468,1166254.390812761
model_core_stage_0,468,133327.091824415
model_core_stage_1,468,133327.091824415
model_core_stage_2,468,152373.819227903
model_core_stage_3,468,152373.819227903
model_core_stage_4,468,152373.819227903
model_core_stage_5,468,152373.819227903
model_core_stage_6,468,152373.819227903
model_core_stage_7,468,137731.111024415
model_core,469,1166349.123846101
model_core_stage_0,469,133336.882958044
model_core_stage_1,469,133336.882958044
model_core_stage_2,469,152385.009094907
model_core_stage_3,469,152385.009094907
model_core_stage_4,469,152385.009094907
model_core_stage_5,469,152385.009094907
model_core_stage_6,469,152385.009094907
model_core_stage_7,469,137750.312455479
model_core,470,1166443.829526636
model_core_stage_0,470,133346.670952825
model_core_stage_1,470,133346.670952825
model_core_stage_2,470,152396.195374658
model_core_stage_3,470,152396.195374658
model_core_stage_4,470,152396.195374658
model_core_stage_5,470,152396.195374658
model_core_stage_6,470,152396.195374658
model_core_stage_7,470,137769.510747697
model_core,471,1166538.508419049
model_core_stage_0,471,133356.455873560
model_core_stage_1,471,133356.455873560
model_core_stage_2,471,152407.378141212
model_core_stage_3,471,152407.378141212
model_core_stage_4,471,152407.378141212
model_core_stage_5,471,152407.378141212
model_core_stage_6,471,152407.378141212
model_core_stage_7,471,137788.705965868
model_core,472,1166633.161076366
model_core_stage_0,472,133366.237783711
model_core_stage_1,472,133366.237783711
model_core_stage_2,472,152418.557467098
model_core_stage_3,472,152418.557467098
model_core_stage_4,472,152418.557467098
model_core_stage_5,472,152418.557467098
model_core_stage_6,472,152418.557467098
model_core_stage_7,472,137807.898173454
model_core,473,1166727.788040195
model_core_stage_0,473,133376.016745428
model_core_stage_1,473,133376.016745428
model_core_stage_2,473,152429.733423346
model_core_stage_3,473,152429.733423346
model_core_stage_4,473,152429.733423346
model_core_stage_5,473,152429.733423346
model_core_stage_6,473,152429.733423346
model_core_stage_7,473,137827.087432607
model_core,474,1166822.389840964
model_core_stage_0,474,133385.792819581
model_core_stage_1,474,133385.792819581
model_core_stage_2,474,152440.906079521
model_core_stage_3,474,152440.906079521
model_core_stage_4,474,152440.906079521
model_core_stage_5,474,152440.906079521
model_core_stage_6,474,152440.906079521
model_core_stage_7,474,137846.273804196
model_core,475,1166916.966998150
model_core_stage_0,475,133395.566065782
model_core_stage_1,475,133395.566065782
model_core_stage_2,475,152452.075503751
model_core_stage_3,475,152452.075503751
model_core_stage_4,475,152452.075503751
model_core_stage_5,475,152452.075503751
model_core_stage_6,475,152452.075503751
model_core_stage_7,475,137865.457347833
model_core,476,1167011.520020506
model_core_stage_0,476,133405.336542412
model_core_stage_1,476,133405.336542412
model_core_stage_2,476,152463.241762757
model_core_stage_3,476,152463.241762757
model_core_stage_4,476,152463.241762757
model_core_stage_5,476,152463.241762757
model_core_stage_6,476,152463.241762757
model_core_stage_7,476,137884.638121899
model_core,477,1167106.049406281
model_core_stage_0,477,133415.104306648
model_core_stage_1,477,133415.104306648
model_core_stage_2,477,152474.404921883
model_core_stage_3,477,152474.404921883
model_core_stage_4,477,152474.404921883
model_core_stage_5,477,152474.404921883
model_core_stage_6,477,152474.404921883
model_core_stage_7,477,137903.816183571
model_core,478,1167200.555643440
model_core_stage_0,478,133424.869414485
model_core_stage_1,478,133424.869414485
model_core_stage_2,478,152485.565045125
model_core_stage_3,478,152485.565045125
model_core_stage_4,478,152485.565045125
model_core_stage_5,478,152485.565045125
model_core_stage_6,478,152485.565045125
model_core_stage_7,478,137922.991588844
model_core,479,1167295.039209872
model_core_stage_0,479,133434.631920763
model_core_stage_1,479,133434.631920763
model_core_stage_2,479,152496.722195158
model_core_stage_3,479,152496.722195158
model_core_stage_4,479,152496.722195158
model_core_stage_5,479,152496.722195158
model_core_stage_6,479,152496.722195158
model_core_stage_7,479,137942.164392558
model_core,480,1167389.500573602
model_core_stage_0,480,133444.391879190
model_core_stage_1,480,133444.391879190
model_core_stage_2,480,152507.876433360
model_core_stage_3,480,152507.876433360
model_core_stage_4,480,152507.876433360
model_core_stage_5,480,152507.876433360
model_core_stage_6,480,152507.876433360
model_core_stage_7,480,137961.334648421
model_core,481,1167483.940192992
model_core_stage_0,481,133454.149342365
model_core_stage_1,481,133454.149342365
model_core_stage_2,481,152519.027819846
model_core_stage_3,481,152519.027819846
model_core_stage_4,481,152519.027819846
model_core_stage_5,481,152519.027819846
model_core_stage_6,481,152519.027819846
model_core_stage_7,481,137980.502409032
model_core,482,1167578.358516942
model_core_stage_0,482,133463.904361801
model_core_stage_1,482,133463.904361801
model_core_stage_2,482,152530.176413487
model_core_stage_3,482,152530.176413487
model_core_stage_4,482,152530.176413487
model_core_stage_5,482,152530.176413487
model_core_stage_6,482,152530.176413487
model_core_stage_7,482,137999.667725904
model_core,483,1167672.755985082
model_core_stage_0,483,133473.656987948
model_core_stage_1,483,133473.656987948
model_core_stage_2,483,152541.322271940
model_core_stage_3,483,152541.322271940
model_core_stage_4,483,152541.322271940
model_core_stage_5,483,152541.322271940
model_core_stage_6,483,152541.322271940
model_core_stage_7,483,138018.830649486
model_core,484,1167767.133027971
model_core_stage_0,484,133483.407270213
model_core_stage_1,484,133483.407270213
model_core_stage_2,484,152552.465451672
model_core_stage_3,484,152552.465451672
model_core_stage_4,484,152552.465451672
model_core_stage_5,484,152552.465451672
model_core_stage_6,484,152552.465451672
model_core_stage_7,484,138037.991229187
model_core,485,1167861.490067275
model_core_stage_0,485,133493.155256985
model_core_stage_1,485,133493.155256985
model_core_stage_2,485,152563.606007982
model_core_stage_3,485,152563.606007982
model_core_stage_4,485,152563.606007982
model_core_stage_5,485,152563.606007982
model_core_stage_6,485,152563.606007982
model_core_stage_7,485,138057.149513395
model_core,486,1167955.827515959
model_core_stage_0,486,133502.900995652
model_core_stage_1,486,133502.900995652
model_core_stage_2,486,152574.743995031
model_core_stage_3,486,152574.743995031
model_core_stage_4,486,152574.743995031
model_core_stage_5,486,152574.743995031
model_core_stage_6,486,152574.743995031
model_core_stage_7,486,138076.305549498
model_core,487,1168050.145778458
model_core_stage_0,487,133512.644532627
model_core_stage_1,487,133512.644532627
model_core_stage_2,487,152585.879465859
model_core_stage_3,487,152585.879465859
model_core_stage_4,487,152585.879465859
model_core_stage_5,487,152585.879465859
model_core_stage_6,487,152585.879465859
model_core_stage_7,487,138095.459383909
model_core,488,1168144.445250859
model_core_stage_0,488,133522.385913360
model_core_stage_1,488,133522.385913360
model_core_stage_2,488,152597.012472412
model_core_stage_3,488,152597.012472412
model_core_stage_4,488,152597.012472412
model_core_stage_5,488,152597.012472412
model_core_stage_6,488,152597.012472412
model_core_stage_7,488,138114.611062078
model_core,489,1168238.726321076
model_core_stage_0,489,133532.125182368
model_core_stage_1,489,133532.125182368
model_core_stage_2,489,152608.143065564
model_core_stage_3,489,152608.143065564
model_core_stage_4,489,152608.143065564
model_core_stage_5,489,152608.143065564
model_core_stage_6,489,152608.143065564
model_core_stage_7,489,138133.760628522
model_core,490,1168332.989369010
model_core_stage_0,490,133541.862383245
model_core_stage_1,490,133541.862383245
model_core_stage_2,490,152619.271295137
model_core_stage_3,490,152619.271295137
model_core_stage_4,490,152619.271295137
model_core_stage_5,490,152619.271295137
model_core_stage_6,490,152619.271295137
model_core_stage_7,490,138152.908126835
model_core,491,1168427.234766720
model_core_stage_0,491,133551.597558686
model_core_stage_1,491,133551.597558686
model_core_stage_2,491,152630.397209927
model_core_stage_3,491,152630.397209927
model_core_stage_4,491,152630.397209927
model_core_stage_5,491,152630.397209927
model_core_stage_6,491,152630.397209927
model_core_stage_7,491,138172.053599712
model_core,492,1168521.462878586
model_core_stage_0,492,133561.330750506
model_core_stage_1,492,133561.330750506
model_core_stage_2,492,152641.520857721
model_core_stage_3,492,152641.520857721
model_core_stage_4,492,152641.520857721
model_core_stage_5,492,152641.520857721
model_core_stage_6,492,152641.520857721
model_core_stage_7,492,138191.197088968
model_core,493,1168615.674061464
model_core_stage_0,493,133571.061999655
model_core_stage_1,493,133571.061999655
model_core_stage_2,493,152652.642285320
model_core_stage_3,493,152652.642285320
model_core_stage_4,493,152652.642285320
model_core_stage_5,493,152652.642285320
model_core_stage_6,493,152652.642285320
model_core_stage_7,493,138210.338635553
model_core,494,1168709.868664844
model_core_stage_0,494,133580.791346239
model_core_stage_1,494,133580.791346239
model_core_stage_2,494,152663.761538559
model_core_stage_3,494,152663.761538559
model_core_stage_4,494,152663.761538559
model_core_stage_5,494,152663.761538559
model_core_stage_6,494,152663.761538559
model_core_stage_7,494,138229.478279572
model_core,495,1168804.047030999
model_core_stage_0,495,133590.518829535
model_core_stage_1,495,133590.518829535
model_core_stage_2,495,152674.878662325
model_core_stage_3,495,152674.878662325
model_core_stage_4,495,152674.878662325
model_core_stage_5,495,152674.878662325
model_core_stage_6,495,152674.878662325
model_core_stage_7,495,138248.616060304
model_core,496,1168898.209495138
model_core_stage_0,496,133600.244488009
model_core_stage_1,496,133600.244488009
model_core_stage_2,496,152685.993700581
model_core_stage_3,496,152685.993700581
model_core_stage_4,496,152685.993700581
model_core_stage_5,496,152685.993700581
model_core_stage_6,496,152685.993700581
model_core_stage_7,496,138267.752016214
model_core,497,1168992.356385550
model_core_stage_0,497,133609.968359334
model_core_stage_1,497,133609.968359334
model_core_stage_2,497,152697.106696381
model_core_stage_3,497,152697.106696381
model_core_stage_4,497,152697.106696381
model_core_stage_5,497,152697.106696381
model_core_stage_6,497,152697.106696381
model_core_stage_7,497,138286.886184975
model_core,498,1169086.488023744
model_core_stage_0,498,133619.690480404
model_core_stage_1,498,133619.690480404
model_core_stage_2,498,152708.217691891
model_core_stage_3,498,152708.217691891
model_core_stage_4,498,152708.217691891
model_core_stage_5,498,152708.217691891
model_core_stage_6,498,152708.217691891
model_core_stage_7,498,138306.018603481
model_core,499,1169180.604724595
model_core_stage_0,499,133629.410887354
model_core_stage_1,499,133629.410887354
model_core_stage_2,499,152719.326728404
model_core_stage_3,499,152719.326728404
model_core_stage_4,499,152719.326728404
model_core_stage_5,499,152719.326728404
model_core_stage_6,499,152719.326728404
model_core_stage_7,499,138325.149307866
model_core,500,1169274.706796475
model_core_stage_0,500,133639.129615569
model_core_stage_1,500,133639.129615569
model_core_stage_2,500,152730.433846364
model_core_stage_3,500,152730.433846364
model_core_stage_4,500,152730.433846364
model_core_stage_5,500,152730.433846364
model_core_stage_6,500,152730.433846364
model_core_stage_7,500,138344.278333517
model_core,501,1169368.794541391
model_core_stage_0,501,133648.846699706
model_core_stage_1,501,133648.846699706
model_core_stage_2,501,152741.539085378
model_core_stage_3,501,152741.539085378
model_core_stage_4,501,152741.539085378
model_core_stage_5,501,152741.539085378
model_core_stage_6,501,152741.539085378
model_core_stage_7,501,138363.405715090
model_core,502,1169462.868255115
model_core_stage_0,502,133658.562173706
model_core_stage_1,502,133658.562173706
model_core_stage_2,502,152752.642484235
model_core_stage_3,502,152752.642484235
model_core_stage_4,502,152752.642484235
model_core_stage_5,502,152752.642484235
model_core_stage_6,502,152752.642484235
model_core_stage_7,502,138382.531486526
model_core,503,1169556.928227313
model_core_stage_0,503,133668.276070810
model_core_stage_1,503,133668.276070810
model_core_stage_2,503,152763.744080925
model_core_stage_3,503,152763.744080925
model_core_stage_4,503,152763.744080925
model_core_stage_5,503,152763.744080925
model_core_stage_6,503,152763.744080925
model_core_stage_7,503,138401.655681066
model_core,504,1169650.974741671
model_core_stage_0,504,133677.988423571
model_core_stage_1,504,133677.988423571
model_core_stage_2,504,152774.843912653
model_core_stage_3,504,152774.843912653
model_core_stage_4,504,152774.843912653
model_core_stage_5,504,152774.843912653
model_core_stage_6,504,152774.843912653
model_core_stage_7,504,138420.778331264
model_core,505,1169745.008076019
model_core_stage_0,505,133687.699263873
model_core_stage_1,505,133687.699263873
model_core_stage_2,505,152785.942015854
model_core_stage_3,505,152785.942015854
model_core_stage_4,505,152785.942015854
model_core_stage_5,505,152785.942015854
model_core_stage_6,505,152785.942015854
model_core_stage_7,505,138439.899469001
model_core,506,1169839.028502449
model_core_stage_0,506,133697.408622938
model_core_stage_1,506,133697.408622938
model_core_stage_2,506,152797.038426214
model_core_stage_3,506,152797.038426214
model_core_stage_4,506,152797.038426214
model_core_stage_5,506,152797.038426214
model_core_stage_6,506,152797.038426214
model_core_stage_7,506,138459.019125502
model_core,507,1169933.036287440
model_core_stage_0,507,133707.116531346
model_core_stage_1,507,133707.116531346
model_core_stage_2,507,152808.133178681
model_core_stage_3,507,152808.133178681
model_core_stage_4,507,152808.133178681
model_core_stage_5,507,152808.133178681
model_core_stage_6,507,152808.133178681
model_core_stage_7,507,138478.137331346
model_core,508,1170027.031691966
model_core_stage_0,508,133716.823019044
model_core_stage_1,508,133716.823019044
model_core_stage_2,508,152819.226307479
model_core_stage_3,508,152819.226307479
model_core_stage_4,508,152819.226307479
model_core_stage_5,508,152819.226307479
model_core_stage_6,508,152819.226307479
model_core_stage_7,508,138497.254116480
model_core,509,1170121.014971615
model_core_stage_0,509,133726.528115364
model_core_stage_1,509,133726.528115364
model_core_stage_2,509,152830.317846130
model_core_stage_3,509,152830.317846130
model_core_stage_4,509,152830.317846130
model_core_stage_5,509,152830.317846130
model_core_stage_6,509,152830.317846130
model_core_stage_7,509,138516.369510236
model_core,510,1170214.986376699
model_core_stage_0,510,133736.231849028
model_core_stage_1,510,133736.231849028
model_core_stage_2,510,152841.407827461
model_core_stage_3,510,152841.407827461
model_core_stage_4,510,152841.407827461
model_core_stage_5,510,152841.407827461
model_core_stage_6,510,152841.407827461
model_core_stage_7,510,138535.483541336
model_core,511,1170308.946152360
model_core_stage_0,511,133745.934248169
model_core_stage_1,511,133745.934248169
model_core_stage_2,511,152852.496283622
model_core_stage_3,511,152852.496283622
model_core_stage_4,511,152852.496283622
model_core_stage_5,511,152852.496283622
model_core_stage_6,511,152852.496283622
model_core_stage_7,511,138554.596237913
model_core,512,1170402.894538681
model_core_stage_0,512,133755.635340336
model_core_stage_1,512,133755.635340336
model_core_stage_2,512,152863.583246099
model_core_stage_3,512,152863.583246099
model_core_stage_4,512,152863.583246099
model_core_stage_5,512,152863.583246099
model_core_stage_6,512,152863.583246099
model_core_stage_7,512,138573.707627516
model_core,513,1170496.831770790
model_core_stage_0,513,133765.335152512
model_core_stage_1,513,133765.335152512
model_core_stage_2,513,152874.668745728
model_core_stage_3,513,152874.668745728
model_core_stage_4,513,152874.668745728
model_core_stage_5,513,152874.668745728
model_core_stage_6,513,152874.668745728
model_core_stage_7,513,138592.817737127
model_core,514,1170590.758078958
model_core_stage_0,514,133775.033711120
model_core_stage_1,514,133775.033711120
model_core_stage_2,514,152885.752812709
model_core_stage_3,514,152885.752812709
model_core_stage_4,514,152885.752812709
model_core_stage_5,514,152885.752812709
model_core_stage_6,514,152885.752812709
model_core_stage_7,514,138611.926593172
model_core,515,1170684.673688704
model_core_stage_0,515,133784.731042041
model_core_stage_1,515,133784.731042041
model_core_stage_2,515,152896.835476619
model_core_stage_3,515,152896.835476619
model_core_stage_4,515,152896.835476619
model_core_stage_5,515,152896.835476619
model_core_stage_6,515,152896.835476619
model_core_stage_7,515,138631.034221528
model_core,516,1170778.578820891
model_core_stage_0,516,133794.427170619
model_core_stage_1,516,133794.427170619
model_core_stage_2,516,152907.916766422
model_core_stage_3,516,152907.916766422
model_core_stage_4,516,152907.916766422
model_core_stage_5,516,152907.916766422
model_core_stage_6,516,152907.916766422
model_core_stage_7,516,138650.140647542
model_core,517,1170872.473691822
model_core_stage_0,517,133804.122121676
model_core_stage_1,517,133804.122121676
model_core_stage_2,517,152918.996710487
model_core_stage_3,517,152918.996710487
model_core_stage_4,517,152918.996710487
model_core_stage_5,517,152918.996710487
model_core_stage_6,517,152918.996710487
model_core_stage_7,517,138669.245896035
model_core,518,1170966.358513335
model_core_stage_0,518,133813.815919521
model_core_stage_1,518,133813.815919521
model_core_stage_2,518,152930.075336596
model_core_stage_3,518,152930.075336596
model_core_stage_4,518,152930.075336596
model_core_stage_5,518,152930.075336596
model_core_stage_6,518,152930.075336596
model_core_stage_7,518,138688.349991316
model_core,519,1171060.233492895
model_core_stage_0,519,133823.508587961
model_core_stage_1,519,133823.508587961
model_core_stage_2,519,152941.152671956
model_core_stage_3,519,152941.152671956
model_core_stage_4,519,152941.152671956
model_core_stage_5,519,152941.152671956
model_core_stage_6,519,152941.152671956
model_core_stage_7,519,138707.452957192
model_core,520,1171154.098833682
model_core_stage_0,520,133833.200150313
model_core_stage_1,520,133833.200150313
model_core_stage_2,520,152952.228743215
model_core_stage_3,520,152952.228743215
model_core_stage_4,520,152952.228743215
model_core_stage_5,520,152952.228743215
model_core_stage_6,520,152952.228743215
model_core_stage_7,520,138726.554816980
model_core,521,1171247.954734685
model_core_stage_0,521,133842.890629411
model_core_stage_1,521,133842.890629411
model_core_stage_2,521,152963.303576470
model_core_stage_3,521,152963.303576470
model_core_stage_4,521,152963.303576470
model_core_stage_5,521,152963.303576470
model_core_stage_6,521,152963.303576470
model_core_stage_7,521,138745.655593514
model_core,522,1171341.801390782
model_core_stage_0,522,133852.580047618
model_core_stage_1,522,133852.580047618
model_core_stage_2,522,152974.377197278
model_core_stage_3,522,152974.377197278
model_core_stage_4,522,152974.377197278
model_core_stage_5,522,152974.377197278
model_core_stage_6,522,152974.377197278
model_core_stage_7,522,138764.755309156
model_core,523,1171435.638992827
model_core_stage_0,523,133862.268426836
model_core_stage_1,523,133862.268426836
model_core_stage_2,523,152985.449630669
model_core_stage_3,523,152985.449630669
model_core_stage_4,523,152985.449630669
model_core_stage_5,523,152985.449630669
model_core_stage_6,523,152985.449630669
model_core_stage_7,523,138783.853985810
model_core,524,1171529.467727739
model_core_stage_0,524,133871.955788513
model_core_stage_1,524,133871.955788513
model_core_stage_2,524,152996.520901158
model_core_stage_3,524,152996.520901158
model_core_stage_4,524,152996.520901158
model_core_stage_5,524,152996.520901158
model_core_stage_6,524,152996.520901158
model_core_stage_7,524,138802.951644923
model_core,525,1171623.287778574
model_core_stage_0,525,133881.642153657
model_core_stage_1,525,133881.642153657
model_core_stage_2,525,153007.591032751
model_core_stage_3,525,153007.591032751
model_core_stage_4,525,153007.591032751
model_core_stage_5,525,153007.591032751
model_core_stage_6,525,153007.591032751
model_core_stage_7,525,138822.048307503
model_core,526,1171717.099324608
model_core_stage_0,526,133891.327542841
model_core_stage_1,526,133891.327542841
model_core_stage_2,526,153018.660048961
model_core_stage_3,526,153018.660048961
model_core_stage_4,526,153018.660048961
model_core_stage_5,526,153018.660048961
model_core_stage_6,526,153018.660048961
model_core_stage_7,526,138841.143994123
model_core,527,1171810.902541420
model_core_stage_0,527,133901.011976212
model_core_stage_1,527,133901.011976212
model_core_stage_2,527,153029.727972813
model_core_stage_3,527,153029.727972813
model_core_stage_4,527,153029.727972813
model_core_stage_5,527,153029.727972813
model_core_stage_6,527,153029.727972813
model_core_stage_7,527,138860.238724930
model_core,528,1171904.697600960
model_core_stage_0,528,133910.695473502
model_core_stage_1,528,133910.695473502
model_core_stage_2,528,153040.794826860
model_core_stage_3,528,153040.794826860
model_core_stage_4,528,153040.794826860
model_core_stage_5,528,153040.794826860
model_core_stage_6,528,153040.794826860
model_core_stage_7,528,138879.332519656
model_core,529,1171998.484671632
model_core_stage_0,529,133920.378054038
model_core_stage_1,529,133920.378054038
model_core_stage_2,529,153051.860633186
model_core_stage_3,529,153051.860633186
model_core_stage_4,529,153051.860633186
model_core_stage_5,529,153051.860633186
model_core_stage_6,529,153051.860633186
model_core_stage_7,529,138898.425397627
model_core,530,1172092.263918361
model_core_stage_0,530,133930.059736743
model_core_stage_1,530,133930.059736743
model_core_stage_2,530,153062.925413421
model_core_stage_3,530,153062.925413421
model_core_stage_4,530,153062.925413421
model_core_stage_5,530,153062.925413421
model_core_stage_6,530,153062.925413421
model_core_stage_7,530,138917.517377769
model_core,531,1172186.035502668
model_core_stage_0,531,133939.740540155
model_core_stage_1,531,133939.740540155
model_core_stage_2,531,153073.989188748
model_core_stage_3,531,153073.989188748
model_core_stage_4,531,153073.989188748
model_core_stage_5,531,153073.989188748
model_core_stage_6,531,153073.989188748
model_core_stage_7,531,138936.608478616
model_core,532,1172279.799582739
model_core_stage_0,532,133949.420482424
model_core_stage_1,532,133949.420482424
model_core_stage_2,532,153085.051979914
model_core_stage_3,532,153085.051979914
model_core_stage_4,532,153085.051979914
model_core_stage_5,532,153085.051979914
model_core_stage_6,532,153085.051979914
model_core_stage_7,532,138955.698718322
model_core,533,1172373.556313496
model_core_stage_0,533,133959.099581330
model_core_stage_1,533,133959.099581330
model_core_stage_2,533,153096.113807234
model_core_stage_3,533,153096.113807234
model_core_stage_4,533,153096.113807234
model_core_stage_5,533,153096.113807234
model_core_stage_6,533,153096.113807234
model_core_stage_7,533,138974.788114663
model_core,534,1172467.305846659
model_core_stage_0,534,133968.777854282
model_core_stage_1,534,133968.777854282
model_core_stage_2,534,153107.174690608
model_core_stage_3,534,153107.174690608
model_core_stage_4,534,153107.174690608
model_core_stage_5,534,153107.174690608
model_core_stage_6,534,153107.174690608
model_core_stage_7,534,138993.876685052
model_core,535,1172561.048330820
model_core_stage_0,535,133978.455318333
model_core_stage_1,535,133978.455318333
model_core_stage_2,535,153118.234649523
model_core_stage_3,535,153118.234649523
model_core_stage_4,535,153118.234649523
model_core_stage_5,535,153118.234649523
model_core_stage_6,535,153118.234649523
model_core_stage_7,535,139012.964446538
model_core,536,1172654.783911501
model_core_stage_0,536,133988.131990181
model_core_stage_1,536,133988.131990181
model_core_stage_2,536,153129.293703064
model_core_stage_3,536,153129.293703064
model_core_stage_4,536,153129.293703064
model_core_stage_5,536,153129.293703064
model_core_stage_6,536,153129.293703064
model_core_stage_7,536,139032.051415822
model_core,537,1172748.512731221
model_core_stage_0,537,133997.807886181
model_core_stage_1,537,133997.807886181
model_core_stage_2,537,153140.351869921
model_core_stage_3,537,153140.351869921
model_core_stage_4,537,153140.351869921
model_core_stage_5,537,153140.351869921
model_core_stage_6,537,153140.351869921
model_core_stage_7,537,139051.137609257
model_core,538,1172842.234929556
model_core_stage_0,538,134007.483022349
model_core_stage_1,538,134007.483022349
model_core_stage_2,538,153151.409168399
model_core_stage_3,538,153151.409168399
model_core_stage_4,538,153151.409168399
model_core_stage_5,538,153151.409168399
model_core_stage_6,538,153151.409168399
model_core_stage_7,538,139070.223042862
model_core,539,1172935.950643200
model_core_stage_0,539,134017.157414373
model_core_stage_1,539,134017.157414373
model_core_stage_2,539,153162.465616426
model_core_stage_3,539,153162.465616426
model_core_stage_4,539,153162.465616426
model_core_stage_5,539,153162.465616426
model_core_stage_6,539,153162.465616426
model_core_stage_7,539,139089.307732322
model_core,540,1173029.660006027
model_core_stage_0,540,134026.831077615
model_core_stage_1,540,134026.831077615
model_core_stage_2,540,153173.521231560
model_core_stage_3,540,153173.521231560
model_core_stage_4,540,153173.521231560
model_core_stage_5,540,153173.521231560
model_core_stage_6,540,153173.521231560
model_core_stage_7,540,139108.391692999
model_core,541,1173123.363149145
model_core_stage_0,541,134036.504027119
model_core_stage_1,541,134036.504027119
model_core_stage_2,541,153184.576030993
model_core_stage_3,541,153184.576030993
model_core_stage_4,541,153184.576030993
model_core_stage_5,541,153184.576030993
model_core_stage_6,541,153184.576030993
model_core_stage_7,541,139127.474939940
model_core,542,1173217.060200956
model_core_stage_0,542,134046.176277621
model_core_stage_1,542,134046.176277621
model_core_stage_2,542,153195.630031567
model_core_stage_3,542,153195.630031567
model_core_stage_4,542,153195.630031567
model_core_stage_5,542,153195.630031567
model_core_stage_6,542,153195.630031567
model_core_stage_7,542,139146.557487878
model_core,543,1173310.751287213
model_core_stage_0,543,134055.847843552
model_core_stage_1,543,134055.847843552
model_core_stage_2,543,153206.683249773
model_core_stage_3,543,153206.683249773
model_core_stage_4,543,153206.683249773
model_core_stage_5,543,153206.683249773
model_core_stage_6,543,153206.683249773
model_core_stage_7,543,139165.639351244
model_core,544,1173404.436531071
model_core_stage_0,544,134065.518739043
model_core_stage_1,544,134065.518739043
model_core_stage_2,544,153217.735701763
model_core_stage_3,544,153217.735701763
model_core_stage_4,544,153217.735701763
model_core_stage_5,544,153217.735701763
model_core_stage_6,544,153217.735701763
model_core_stage_7,544,139184.720544171
model_core,545,1173498.116053143
model_core_stage_0,545,134075.188977935
model_core_stage_1,545,134075.188977935
model_core_stage_2,545,153228.787403355
model_core_stage_3,545,153228.787403355
model_core_stage_4,545,153228.787403355
model_core_stage_5,545,153228.787403355
model_core_stage_6,545,153228.787403355
model_core_stage_7,545,139203.801080499
model_core,546,1173591.789971551
model_core_stage_0,546,134084.858573785
model_core_stage_1,546,134084.858573785
model_core_stage_2,546,153239.838370039
model_core_stage_3,546,153239.838370039
model_core_stage_4,546,153239.838370039
model_core_stage_5,546,153239.838370039
model_core_stage_6,546,153239.838370039
model_core_stage_7,546,139222.880973785
model_core,547,1173685.458401980
model_core_stage_0,547,134094.527539866
model_core_stage_1,547,134094.527539866
model_core_stage_2,547,153250.888616989
model_core_stage_3,547,153250.888616989
model_core_stage_4,547,153250.888616989
model_core_stage_5,547,153250.888616989
model_core_stage_6,547,153250.888616989
model_core_stage_7,547,139241.960237302
model_core,548,1173779.121457727
model_core_stage_0,548,134104.195889180
model_core_stage_1,548,134104.195889180
model_core_stage_2,548,153261.938159063
model_core_stage_3,548,153261.938159063
model_core_stage_4,548,153261.938159063
model_core_stage_5,548,153261.938159063
model_core_stage_6,548,153261.938159063
model_core_stage_7,548,139261.038884052
model_core,549,1173872.779249749
model_core_stage_0,549,134113.863634460
model_core_stage_1,549,134113.863634460
model_core_stage_2,549,153272.987010812
model_core_stage_3,549,153272.987010812
model_core_stage_4,549,153272.987010812
model_core_stage_5,549,153272.987010812
model_core_stage_6,549,153272.987010812
model_core_stage_7,549,139280.116926768
model_core,550,1173966.431886712
model_core_stage_0,550,134123.530788177
model_core_stage_1,550,134123.530788177
model_core_stage_2,550,153284.035186488
model_core_stage_3,550,153284.035186488
model_core_stage_4,550,153284.035186488
model_core_stage_5,550,153284.035186488
model_core_stage_6,550,153284.035186488
model_core_stage_7,550,139299.194377920
model_core,551,1174060.079475040
model_core_stage_0,551,134133.197362541
model_core_stage_1,551,134133.197362541
model_core_stage_2,551,153295.082700047
model_core_stage_3,551,153295.082700047
model_core_stage_4,551,153295.082700047
model_core_stage_5,551,153295.082700047
model_core_stage_6,551,153295.082700047
model_core_stage_7,551,139318.271249721
model_core,552,1174153.722118958
model_core_stage_0,552,134142.863369515
model_core_stage_1,552,134142.863369515
model_core_stage_2,552,153306.129565160
model_core_stage_3,552,153306.129565160
model_core_stage_4,552,153306.129565160
model_core_stage_5,552,153306.129565160
model_core_stage_6,552,153306.129565160
model_core_stage_7,552,139337.347554130
model_core,553,1174247.359920542
model_core_stage_0,553,134152.528820810
model_core_stage_1,553,134152.528820810
model_core_stage_2,553,153317.175795212
model_core_stage_3,553,153317.175795212
model_core_stage_4,553,153317.175795212
model_core_stage_5,553,153317.175795212
model_core_stage_6,553,153317.175795212
model_core_stage_7,553,139356.423302862
model_core,554,1174340.992979758
model_core_stage_0,554,134162.193727900
model_core_stage_1,554,134162.193727900
model_core_stage_2,554,153328.221403314
model_core_stage_3,554,153328.221403314
model_core_stage_4,554,153328.221403314
model_core_stage_5,554,153328.221403314
model_core_stage_6,554,153328.221403314
model_core_stage_7,554,139375.498507387
model_core,555,1174434.621394510
model_core_stage_0,555,134171.858102018
model_core_stage_1,555,134171.858102018
model_core_stage_2,555,153339.266402307
model_core_stage_3,555,153339.266402307
model_core_stage_4,555,153339.266402307
model_core_stage_5,555,153339.266402307
model_core_stage_6,555,153339.266402307
model_core_stage_7,555,139394.573178941
model_core,556,1174528.245260681
model_core_stage_0,556,134181.521954168
model_core_stage_1,556,134181.521954168
model_core_stage_2,556,153350.310804763
model_core_stage_3,556,153350.310804763
model_core_stage_4,556,153350.310804763
model_core_stage_5,556,153350.310804763
model_core_stage_6,556,153350.310804763
model_core_stage_7,556,139413.647328527
model_core,557,1174621.864672173
model_core_stage_0,557,134191.185295125
model_core_stage_1,557,134191.185295125
model_core_stage_2,557,153361.354623000
model_core_stage_3,557,153361.354623000
model_core_stage_4,557,153361.354623000
model_core_stage_5,557,153361.354623000
model_core_stage_6,557,153361.354623000
model_core_stage_7,557,139432.720966920
model_core,558,1174715.479720950
model_core_stage_0,558,134200.848135443
model_core_stage_1,558,134200.848135443
model_core_stage_2,558,153372.397869078
model_core_stage_3,558,153372.397869078
model_core_stage_4,558,153372.397869078
model_core_stage_5,558,153372.397869078
model_core_stage_6,558,153372.397869078
model_core_stage_7,558,139451.794104674
model_core,559,1174809.090497079
model_core_stage_0,559,134210.510485457
model_core_stage_1,559,134210.510485457
model_core_stage_2,559,153383.440554808
model_core_stage_3,559,153383.440554808
model_core_stage_4,559,153383.440554808
model_core_stage_5,559,153383.440554808
model_core_stage_6,559,153383.440554808
model_core_stage_7,559,139470.866752124
model_core,560,1174902.697088765
model_core_stage_0,560,134220.172355289
model_core_stage_1,560,134220.172355289
model_core_stage_2,560,153394.482691759
model_core_stage_3,560,153394.482691759
model_core_stage_4,560,153394.482691759
model_core_stage_5,560,153394.482691759
model_core_stage_6,560,153394.482691759
model_core_stage_7,560,139489.938919392
model_core,561,1174996.299582395
model_core_stage_0,561,134229.833754852
model_core_stage_1,561,134229.833754852
model_core_stage_2,561,153405.524291260
model_core_stage_3,561,153405.524291260
model_core_stage_4,561,153405.524291260
model_core_stage_5,561,153405.524291260
model_core_stage_6,561,153405.524291260
model_core_stage_7,561,139509.010616391
model_core,562,1175089.898062570
model_core_stage_0,562,134239.494693855
model_core_stage_1,562,134239.494693855
model_core_stage_2,562,153416.565364406
model_core_stage_3,562,153416.565364406
model_core_stage_4,562,153416.565364406
model_core_stage_5,562,153416.565364406
model_core_stage_6,562,153416.565364406
model_core_stage_7,562,139528.081852830
model_core,563,1175183.492612146
model_core_stage_0,563,134249.155181806
model_core_stage_1,563,134249.155181806
model_core_stage_2,563,153427.605922064
model_core_stage_3,563,153427.605922064
model_core_stage_4,563,153427.605922064
model_core_stage_5,563,153427.605922064
model_core_stage_6,563,153427.605922064
model_core_stage_7,563,139547.152638216
model_core,564,1175277.083312267
model_core_stage_0,564,134258.815228016
model_core_stage_1,564,134258.815228016
model_core_stage_2,564,153438.645974875
model_core_stage_3,564,153438.645974875
model_core_stage_4,564,153438.645974875
model_core_stage_5,564,153438.645974875
model_core_stage_6,564,153438.645974875
model_core_stage_7,564,139566.222981862
model_core,565,1175370.670242404
model_core_stage_0,565,134268.474841604
model_core_stage_1,565,134268.474841604
model_core_stage_2,565,153449.685533262
model_core_stage_3,565,153449.685533262
model_core_stage_4,565,153449.685533262
model_core_stage_5,565,153449.685533262
model_core_stage_6,565,153449.685533262
model_core_stage_7,565,139585.292892886
model_core,566,1175464.253480386
model_core_stage_0,566,134278.134031503
model_core_stage_1,566,134278.134031503
model_core_stage_2,566,153460.724607432
model_core_stage_3,566,153460.724607432
model_core_stage_4,566,153460.724607432
model_core_stage_5,566,153460.724607432
model_core_stage_6,566,153460.724607432
model_core_stage_7,566,139604.362380221
model_core,567,1175557.833102434
model_core_stage_0,567,134287.792806458
model_core_stage_1,567,134287.792806458
model_core_stage_2,567,153471.763207381
model_core_stage_3,567,153471.763207381
model_core_stage_4,567,153471.763207381
model_core_stage_5,567,153471.763207381
model_core_stage_6,567,153471.763207381
model_core_stage_7,567,139623.431452612
model_core,568,1175651.409183199
model_core_stage_0,568,134297.451175037
model_core_stage_1,568,134297.451175037
model_core_stage_2,568,153482.801342900
model_core_stage_3,568,153482.801342900
model_core_stage_4,568,153482.801342900
model_core_stage_5,568,153482.801342900
model_core_stage_6,568,153482.801342900
model_core_stage_7,568,139642.500118627
model_core,569,1175744.981795787
model_core_stage_0,569,134307.109145628
model_core_stage_1,569,134307.109145628
model_core_stage_2,569,153493.839023575
model_core_stage_3,569,153493.839023575
model_core_stage_4,569,153493.839023575
model_core_stage_5,569,153493.839023575
model_core_stage_6,569,153493.839023575
model_core_stage_7,569,139661.568386654
model_core,570,1175838.551011798
model_core_stage_0,570,134316.766726448
model_core_stage_1,570,134316.766726448
model_core_stage_2,570,153504.876258798
model_core_stage_3,570,153504.876258798
model_core_stage_4,570,153504.876258798
model_core_stage_5,570,153504.876258798
model_core_stage_6,570,153504.876258798
model_core_stage_7,570,139680.636264910
model_core,571,1175932.116901352
model_core_stage_0,571,134326.423925544
model_core_stage_1,571,134326.423925544
model_core_stage_2,571,153515.913057764
model_core_stage_3,571,153515.913057764
model_core_stage_4,571,153515.913057764
model_core_stage_5,571,153515.913057764
model_core_stage_6,571,153515.913057764
model_core_stage_7,571,139699.703761441
model_core,572,1176025.679533121
model_core_stage_0,572,134336.080750795
model_core_stage_1,572,134336.080750795
model_core_stage_2,572,153526.949429480
model_core_stage_3,572,153526.949429480
model_core_stage_4,572,153526.949429480
model_core_stage_5,572,153526.949429480
model_core_stage_6,572,153526.949429480
model_core_stage_7,572,139718.770884129
model_core,573,1176119.238974361
model_core_stage_0,573,134345.737209920
model_core_stage_1,573,134345.737209920
model_core_stage_2,573,153537.985382766
model_core_stage_3,573,153537.985382766
model_core_stage_4,573,153537.985382766
model_core_stage_5,573,153537.985382766
model_core_stage_6,573,153537.985382766
model_core_stage_7,573,139737.837640690
model_core,574,1176212.795290938
model_core_stage_0,574,134355.393310478
model_core_stage_1,574,134355.393310478
model_core_stage_2,574,153549.020926260
model_core_stage_3,574,153549.020926260
model_core_stage_4,574,153549.020926260
model_core_stage_5,574,153549.020926260
model_core_stage_6,574,153549.020926260
model_core_stage_7,574,139756.904038683
model_core,575,1176306.348547359
model_core_stage_0,575,134365.049059869
model_core_stage_1,575,134365.049059869
model_core_stage_2,575,153560.056068422
model_core_stage_3,575,153560.056068422
model_core_stage_4,575,153560.056068422
model_core_stage_5,575,153560.056068422
model_core_stage_6,575,153560.056068422
model_core_stage_7,575,139775.970085510
model_core,576,1176399.898806800
model_core_stage_0,576,134374.704465345
model_core_stage_1,576,134374.704465345
model_core_stage_2,576,153571.090817537
model_core_stage_3,576,153571.090817537
model_core_stage_4,576,153571.090817537
model_core_stage_5,576,153571.090817537
model_core_stage_6,576,153571.090817537
model_core_stage_7,576,139795.035788422
model_core,577,1176493.446131131
model_core_stage_0,577,134384.359534005
model_core_stage_1,577,134384.359534005
model_core_stage_2,577,153582.125181720
model_core_stage_3,577,153582.125181720
model_core_stage_4,577,153582.125181720
model_core_stage_5,577,153582.125181720
model_core_stage_6,577,153582.125181720
model_core_stage_7,577,139814.101154518
model_core,578,1176586.990580946
model_core_stage_0,578,134394.014272803
model_core_stage_1,578,134394.014272803
model_core_stage_2,578,153593.159168918
model_core_stage_3,578,153593.159168918
model_core_stage_4,578,153593.159168918
model_core_stage_5,578,153593.159168918
model_core_stage_6,578,153593.159168918
model_core_stage_7,578,139833.166190752
model_core,579,1176680.532215588
model_core_stage_0,579,134403.668688548
model_core_stage_1,579,134403.668688548
model_core_stage_2,579,153604.192786912
model_core_stage_3,579,153604.192786912
model_core_stage_4,579,153604.192786912
model_core_stage_5,579,153604.192786912
model_core_stage_6,579,153604.192786912
model_core_stage_7,579,139852.230903933
model_core,580,1176774.071093175
model_core_stage_0,580,134413.322787910
model_core_stage_1,580,134413.322787910
model_core_stage_2,580,153615.226043325
model_core_stage_3,580,153615.226043325
model_core_stage_4,580,153615.226043325
model_core_stage_5,580,153615.226043325
model_core_stage_6,580,153615.226043325
model_core_stage_7,580,139871.295300730
model_core,581,1176867.607270624
model_core_stage_0,581,134422.976577419
model_core_stage_1,581,134422.976577419
model_core_stage_2,581,153626.258945622
model_core_stage_3,581,153626.258945622
model_core_stage_4,581,153626.258945622
model_core_stage_5,581,153626.258945622
model_core_stage_6,581,153626.258945622
model_core_stage_7,581,139890.359387676
model_core,582,1176961.140803678
model_core_stage_0,582,134432.630063474
model_core_stage_1,582,134432.630063474
model_core_stage_2,582,153637.291501113
model_core_stage_3,582,153637.291501113
model_core_stage_4,582,153637.291501113
model_core_stage_5,582,153637.291501113
model_core_stage_6,582,153637.291501113
model_core_stage_7,582,139909.423171166
model_core,583,1177054.671746929
model_core_stage_0,583,134442.283252338
model_core_stage_1,583,134442.283252338
model_core_stage_2,583,153648.323716957
model_core_stage_3,583,153648.323716957
model_core_stage_4,583,153648.323716957
model_core_stage_5,583,153648.323716957
model_core_stage_6,583,153648.323716957
model_core_stage_7,583,139928.486657466
model_core,584,1177148.200153842
model_core_stage_0,584,134451.936150147
model_core_stage_1,584,134451.936150147
model_core_stage_2,584,153659.355600168
model_core_stage_3,584,153659.355600168
model_core_stage_4,584,153659.355600168
model_core_stage_5,584,153659.355600168
model_core_stage_6,584,153659.355600168
model_core_stage_7,584,139947.549852711
model_core,585,1177241.726076778
model_core_stage_0,585,134461.588762909
model_core_stage_1,585,134461.588762909
model_core_stage_2,585,153670.387157610
model_core_stage_3,585,153670.387157610
model_core_stage_4,585,153670.387157610
model_core_stage_5,585,153670.387157610
model_core_stage_6,585,153670.387157610
model_core_stage_7,585,139966.612762909
model_core,586,1177335.249567019
model_core_stage_0,586,134471.241096509
model_core_stage_1,586,134471.241096509
model_core_stage_2,586,153681.418396011
model_core_stage_3,586,153681.418396011
model_core_stage_4,586,153681.418396011
model_core_stage_5,586,153681.418396011
model_core_stage_6,586,153681.418396011
model_core_stage_7,586,139985.675393945
model_core,587,1177428.770674784
model_core_stage_0,587,134480.893156711
model_core_stage_1,587,134480.893156711
model_core_stage_2,587,153692.449321956
model_core_stage_3,587,153692.449321956
model_core_stage_4,587,153692.449321956
model_core_stage_5,587,153692.449321956
model_core_stage_6,587,153692.449321956
model_core_stage_7,587,140004.737751583
model_core,588,1177522.289449260
model_core_stage_0,588,134490.544949158
model_core_stage_1,588,134490.544949158
model_core_stage_2,588,153703.479941895
model_core_stage_3,588,153703.479941895
model_core_stage_4,588,153703.479941895
model_core_stage_5,588,153703.479941895
model_core_stage_6,588,153703.479941895
model_core_stage_7,588,140023.799841466
model_core,589,1177615.805938615
model_core_stage_0,589,134500.196479379
model_core_stage_1,589,134500.196479379
model_core_stage_2,589,153714.510262147
model_core_stage_3,589,153714.510262147
model_core_stage_4,589,153714.510262147
model_core_stage_5,589,153714.510262147
model_core_stage_6,589,153714.510262147
model_core_stage_7,589,140042.861669122
model_core,590,1177709.320190025
model_core_stage_0,590,134509.847752786
model_core_stage_1,590,134509.847752786
model_core_stage_2,590,153725.540288898
model_core_stage_3,590,153725.540288898
model_core_stage_4,590,153725.540288898
model_core_stage_5,590,153725.540288898
model_core_stage_6,590,153725.540288898
model_core_stage_7,590,140061.923239965
model_core,591,1177802.832249691
model_core_stage_0,591,134519.498774681
model_core_stage_1,591,134519.498774681
model_core_stage_2,591,153736.570028207
model_core_stage_3,591,153736.570028207
model_core_stage_4,591,153736.570028207
model_core_stage_5,591,153736.570028207
model_core_stage_6,591,153736.570028207
model_core_stage_7,591,140080.984559296
model_core,592,1177896.342162859
model_core_stage_0,592,134529.149550257
model_core_stage_1,592,134529.149550257
model_core_stage_2,592,153747.599486008
model_core_stage_3,592,153747.599486008
model_core_stage_4,592,153747.599486008
model_core_stage_5,592,153747.599486008
model_core_stage_6,592,153747.599486008
model_core_stage_7,592,140100.045632308
model_core,593,1177989.849973844
model_core_stage_0,593,134538.800084598
model_core_stage_1,593,134538.800084598
model_core_stage_2,593,153758.628668112
model_core_stage_3,593,153758.628668112
model_core_stage_4,593,153758.628668112
model_core_stage_5,593,153758.628668112
model_core_stage_6,593,153758.628668112
model_core_stage_7,593,140119.106464086
model_core,594,1178083.355726044
model_core_stage_0,594,134548.450382686
model_core_stage_1,594,134548.450382686
model_core_stage_2,594,153769.657580213
model_core_stage_3,594,153769.657580213
model_core_stage_4,594,153769.657580213
model_core_stage_5,594,153769.657580213
model_core_stage_6,594,153769.657580213
model_core_stage_7,594,140138.167059609
model_core,595,1178176.859461960
model_core_stage_0,595,134558.100449397
model_core_stage_1,595,134558.100449397
model_core_stage_2,595,153780.686227882
model_core_stage_3,595,153780.686227882
model_core_stage_4,595,153780.686227882
model_core_stage_5,595,153780.686227882
model_core_stage_6,595,153780.686227882
model_core_stage_7,595,140157.227423756
model_core,596,1178270.361223219
model_core_stage_0,596,134567.750289508
model_core_stage_1,596,134567.750289508
model_core_stage_2,596,153791.714616580
model_core_stage_3,596,153791.714616580
model_core_stage_4,596,153791.714616580
model_core_stage_5,596,153791.714616580
model_core_stage_6,596,153791.714616580
model_core_stage_7,596,140176.287561303
model_core,597,1178363.861050586
model_core_stage_0,597,134577.399907696
model_core_stage_1,597,134577.399907696
model_core_stage_2,597,153802.742751653
model_core_stage_3,597,153802.742751653
model_core_stage_4,597,153802.742751653
model_core_stage_5,597,153802.742751653
model_core_stage_6,597,153802.742751653
model_core_stage_7,597,140195.347476927
model_core,598,1178457.358983984
model_core_stage_0,598,134587.049308545
model_core_stage_1,598,134587.049308545
model_core_stage_2,598,153813.770638337
model_core_stage_3,598,153813.770638337
model_core_stage_4,598,153813.770638337
model_core_stage_5,598,153813.770638337
model_core_stage_6,598,153813.770638337
model_core_stage_7,598,140214.407175211
model_core,599,1178550.855062515
model_core_stage_0,599,134596.698496539
model_core_stage_1,599,134596.698496539
model_core_stage_2,599,153824.798281759
model_core_stage_3,599,153824.798281759
model_core_stage_4,599,153824.798281759
model_core_stage_5,599,153824.798281759
model_core_stage_6,599,153824.798281759
model_core_stage_7,599,140233.466660642
model_core,600,1178644.349324469
model_core_stage_0,600,134606.347476074
model_core_stage_1,600,134606.347476074
model_core_stage_2,600,153835.825686942
model_core_stage_3,600,153835.825686942
model_core_stage_4,600,153835.825686942
model_core_stage_5,600,153835.825686942
model_core_stage_6,600,153835.825686942
model_core_stage_7,600,140252.525937612
model_core,601,1178737.841807351
model_core_stage_0,601,134615.996251453
model_core_stage_1,601,134615.996251453
model_core_stage_2,601,153846.852858803
model_core_stage_3,601,153846.852858803
model_core_stage_4,601,153846.852858803
model_core_stage_5,601,153846.852858803
model_core_stage_6,601,153846.852858803
model_core_stage_7,601,140271.585010427
model_core,602,1178831.332547887
model_core_stage_0,602,134625.644826891
model_core_stage_1,602,134625.644826891
model_core_stage_2,602,153857.879802161
model_core_stage_3,602,153857.879802161
model_core_stage_4,602,153857.879802161
model_core_stage_5,602,153857.879802161
model_core_stage_6,602,153857.879802161
model_core_stage_7,602,140290.643883301
model_core,603,1178924.821582047
model_core_stage_0,603,134635.293206515
model_core_stage_1,603,134635.293206515
model_core_stage_2,603,153868.906521731
model_core_stage_3,603,153868.906521731
model_core_stage_4,603,153868.906521731
model_core_stage_5,603,153868.906521731
model_core_stage_6,603,153868.906521731
model_core_stage_7,603,140309.702560361
model_core,604,1179018.308945059
model_core_stage_0,604,134644.941394368
model_core_stage_1,604,134644.941394368
model_core_stage_2,604,153879.933022135
model_core_stage_3,604,153879.933022135
model_core_stage_4,604,153879.933022135
model_core_stage_5,604,153879.933022135
model_core_stage_6,604,153879.933022135
model_core_stage_7,604,140328.761045650
model_core,605,1179111.794671423
model_core_stage_0,605,134654.589394409
model_core_stage_1,605,134654.589394409
model_core_stage_2,605,153890.959307896
model_core_stage_3,605,153890.959307896
model_core_stage_4,605,153890.959307896
model_core_stage_5,605,153890.959307896
model_core_stage_6,605,153890.959307896
model_core_stage_7,605,140347.819343127
model_core,606,1179205.278794925
model_core_stage_0,606,134664.237210515
model_core_stage_1,606,134664.237210515
model_core_stage_2,606,153901.985383445
model_core_stage_3,606,153901.985383445
model_core_stage_4,606,153901.985383445
model_core_stage_5,606,153901.985383445
model_core_stage_6,606,153901.985383445
model_core_stage_7,606,140366.877456669
model_core,607,1179298.761348657
model_core_stage_0,607,134673.884846483
model_core_stage_1,607,134673.884846483
model_core_stage_2,607,153913.011253123
model_core_stage_3,607,153913.011253123
model_core_stage_4,607,153913.011253123
model_core_stage_5,607,153913.011253123
model_core_stage_6,607,153913.011253123
model_core_stage_7,607,140385.935390073
model_core,608,1179392.242365025
model_core_stage_0,608,134683.532306033
model_core_stage_1,608,134683.532306033
model_core_stage_2,608,153924.036921180
model_core_stage_3,608,153924.036921180
model_core_stage_4,608,153924.036921180
model_core_stage_5,608,153924.036921180
model_core_stage_6,608,153924.036921180
model_core_stage_7,608,140404.993147058
model_core,609,1179485.721875767
model_core_stage_0,609,134693.179592806
model_core_stage_1,609,134693.179592806
model_core_stage_2,609,153935.062391778
model_core_stage_3,609,153935.062391778
model_core_stage_4,609,153935.062391778
model_core_stage_5,609,153935.062391778
model_core_stage_6,609,153935.062391778
model_core_stage_7,609,140424.050731267
model_core,610,1179579.199911966
model_core_stage_0,610,134702.826710369
model_core_stage_1,610,134702.826710369
model_core_stage_2,610,153946.087668993
model_core_stage_3,610,153946.087668993
model_core_stage_4,610,153946.087668993
model_core_stage_5,610,153946.087668993
model_core_stage_6,610,153946.087668993
model_core_stage_7,610,140443.108146266
model_core,611,1179672.676504063
model_core_stage_0,611,134712.473662215
model_core_stage_1,611,134712.473662215
model_core_stage_2,611,153957.112756817
model_core_stage_3,611,153957.112756817
model_core_stage_4,611,153957.112756817
model_core_stage_5,611,153957.112756817
model_core_stage_6,611,153957.112756817
model_core_stage_7,611,140462.165395548
model_core,612,1179766.151681872
model_core_stage_0,612,134722.120451766
model_core_stage_1,612,134722.120451766
model_core_stage_2,612,153968.137659161
model_core_stage_3,612,153968.137659161
model_core_stage_4,612,153968.137659161
model_core_stage_5,612,153968.137659161
model_core_stage_6,612,153968.137659161
model_core_stage_7,612,140481.222482535
model_core,613,1179859.625474589
model_core_stage_0,613,134731.767082372
model_core_stage_1,613,134731.767082372
model_core_stage_2,613,153979.162379854
model_core_stage_3,613,153979.162379854
model_core_stage_4,613,153979.162379854
model_core_stage_5,613,153979.162379854
model_core_stage_6,613,153979.162379854
model_core_stage_7,613,140500.279410577
model_core,614,1179953.097910807
model_core_stage_0,614,134741.413557314
model_core_stage_1,614,134741.413557314
model_core_stage_2,614,153990.186922645
model_core_stage_3,614,153990.186922645
model_core_stage_4,614,153990.186922645
model_core_stage_5,614,153990.186922645
model_core_stage_6,614,153990.186922645
model_core_stage_7,614,140519.336182955
model_core,615,1180046.569018533
model_core_stage_0,615,134751.059879806
model_core_stage_1,615,134751.059879806
model_core_stage_2,615,154001.211291207
model_core_stage_3,615,154001.211291207
model_core_stage_4,615,154001.211291207
model_core_stage_5,615,154001.211291207
model_core_stage_6,615,154001.211291207
model_core_stage_7,615,140538.392802883
model_core,616,1180140.038825191
model_core_stage_0,616,134760.706052996
model_core_stage_1,616,134760.706052996
model_core_stage_2,616,154012.235489138
model_core_stage_3,616,154012.235489138
model_core_stage_4,616,154012.235489138
model_core_stage_5,616,154012.235489138
model_core_stage_6,616,154012.235489138
model_core_stage_7,616,140557.449273509
model_core,617,1180233.507357641
model_core_stage_0,617,134770.352079965
model_core_stage_1,617,134770.352079965
model_core_stage_2,617,154023.259519960
model_core_stage_3,617,154023.259519960
model_core_stage_4,617,154023.259519960
model_core_stage_5,617,154023.259519960
model_core_stage_6,617,154023.259519960
model_core_stage_7,617,140576.505597913
model_core,618,1180326.974642189
model_core_stage_0,618,134779.997963732
model_core_stage_1,618,134779.997963732
model_core_stage_2,618,154034.283387122
model_core_stage_3,618,154034.283387122
model_core_stage_4,618,154034.283387122
model_core_stage_5,618,154034.283387122
model_core_stage_6,618,154034.283387122
model_core_stage_7,618,140595.561779116
model_core,619,1180420.440704597
model_core_stage_0,619,134789.643707253
model_core_stage_1,619,134789.643707253
model_core_stage_2,619,154045.307094003
model_core_stage_3,619,154045.307094003
model_core_stage_4,619,154045.307094003
model_core_stage_5,619,154045.307094003
model_core_stage_6,619,154045.307094003
model_core_stage_7,619,140614.617820074
model_core,620,1180513.905570095
model_core_stage_0,620,134799.289313424
model_core_stage_1,620,134799.289313424
model_core_stage_2,620,154056.330643913
model_core_stage_3,620,154056.330643913
model_core_stage_4,620,154056.330643913
model_core_stage_5,620,154056.330643913
model_core_stage_6,620,154056.330643913
model_core_stage_7,620,140633.673723681
model_core,621,1180607.369263393
model_core_stage_0,621,134808.934785080
model_core_stage_1,621,134808.934785080
model_core_stage_2,621,154067.354040092
model_core_stage_3,621,154067.354040092
model_core_stage_4,621,154067.354040092
model_core_stage_5,621,154067.354040092
model_core_stage_6,621,154067.354040092
model_core_stage_7,621,140652.729492773
model_core,622,1180700.831808690
model_core_stage_0,622,134818.580124999
model_core_stage_1,622,134818.580124999
model_core_stage_2,622,154078.377285713
model_core_stage_3,622,154078.377285713
model_core_stage_4,622,154078.377285713
model_core_stage_5,622,154078.377285713
model_core_stage_6,622,154078.377285713
model_core_stage_7,622,140671.785130127
model_core,623,1180794.293229687
model_core_stage_0,623,134828.225335899
model_core_stage_1,623,134828.225335899
model_core_stage_2,623,154089.400383885
model_core_stage_3,623,154089.400383885
model_core_stage_4,623,154089.400383885
model_core_stage_5,623,154089.400383885
model_core_stage_6,623,154089.400383885
model_core_stage_7,623,140690.840638463
model_core,624,1180887.753549593
model_core_stage_0,624,134837.870420445
model_core_stage_1,624,134837.870420445
model_core_stage_2,624,154100.423337652
model_core_stage_3,624,154100.423337652
model_core_stage_4,624,154100.423337652
model_core_stage_5,624,154100.423337652
model_core_stage_6,624,154100.423337652
model_core_stage_7,624,140709.896020445
model_core,625,1180981.212791140
model_core_stage_0,625,134847.515381245
model_core_stage_1,625,134847.515381245
model_core_stage_2,625,154111.446149994
model_core_stage_3,625,154111.446149994
model_core_stage_4,625,154111.446149994
model_core_stage_5,625,154111.446149994
model_core_stage_6,625,154111.446149994
model_core_stage_7,625,140728.951278681
model_core,626,1181074.670976590
model_core_stage_0,626,134857.160220853
model_core_stage_1,626,134857.160220853
model_core_stage_2,626,154122.468823832
model_core_stage_3,626,154122.468823832
model_core_stage_4,626,154122.468823832
model_core_stage_5,626,154122.468823832
model_core_stage_6,626,154122.468823832
model_core_stage_7,626,140748.006415725
model_core,627,1181168.128127745
model_core_stage_0,627,134866.804941771
model_core_stage_1,627,134866.804941771
model_core_stage_2,627,154133.491362025
model_core_stage_3,627,154133.491362025
model_core_stage_4,627,154133.491362025
model_core_stage_5,627,154133.491362025
model_core_stage_6,627,154133.491362025
model_core_stage_7,627,140767.061434079
model_core,628,1181261.584265959
model_core_stage_0,628,134876.449546451
model_core_stage_1,628,134876.449546451
model_core_stage_2,628,154144.513767373
model_core_stage_3,628,154144.513767373
model_core_stage_4,628,154144.513767373
model_core_stage_5,628,154144.513767373
model_core_stage_6,628,154144.513767373
model_core_stage_7,628,140786.116336195
model_core,629,1181355.039412142
model_core_stage_0,629,134886.094037291
model_core_stage_1,629,134886.094037291
model_core_stage_2,629,154155.536042618
model_core_stage_3,629,154155.536042618
model_core_stage_4,629,154155.536042618
model_core_stage_5,629,154155.536042618
model_core_stage_6,629,154155.536042618
model_core_stage_7,629,140805.171124470
model_core,630,1181448.493586775
model_core_stage_0,630,134895.738416641
model_core_stage_1,630,134895.738416641
model_core_stage_2,630,154166.558190447
model_core_stage_3,630,154166.558190447
model_core_stage_4,630,154166.558190447
model_core_stage_5,630,154166.558190447
model_core_stage_6,630,154166.558190447
model_core_stage_7,630,140824.225801257
model_core,631,1181541.946809915
model_core_stage_0,631,134905.382686804
model_core_stage_1,631,134905.382686804
model_core_stage_2,631,154177.580213490
model_core_stage_3,631,154177.580213490
model_core_stage_4,631,154177.580213490
model_core_stage_5,631,154177.580213490
model_core_stage_6,631,154177.580213490
model_core_stage_7,631,140843.280368855
model_core,632,1181635.399101204
model_core_stage_0,632,134915.026850033
model_core_stage_1,632,134915.026850033
model_core_stage_2,632,154188.602114323
model_core_stage_3,632,154188.602114323
model_core_stage_4,632,154188.602114323
model_core_stage_5,632,154188.602114323
model_core_stage_6,632,154188.602114323
model_core_stage_7,632,140862.334829520
model_core,633,1181728.850479880
model_core_stage_0,633,134924.670908536
model_core_stage_1,633,134924.670908536
model_core_stage_2,633,154199.623895470
model_core_stage_3,633,154199.623895470
model_core_stage_4,633,154199.623895470
model_core_stage_5,633,154199.623895470
model_core_stage_6,633,154199.623895470
model_core_stage_7,633,140881.389185459
model_core,634,1181822.300964784
model_core_stage_0,634,134934.314864475
model_core_stage_1,634,134934.314864475
model_core_stage_2,634,154210.645559400
model_core_stage_3,634,154210.645559400
model_core_stage_4,634,154210.645559400
model_core_stage_5,634,154210.645559400
model_core_stage_6,634,154210.645559400
model_core_stage_7,634,140900.443438834
model_core,635,1181915.750574367
model_core_stage_0,635,134943.958719967
model_core_stage_1,635,134943.958719967
model_core_stage_2,635,154221.667108534
model_core_stage_3,635,154221.667108534
model_core_stage_4,635,154221.667108534
model_core_stage_5,635,154221.667108534
model_core_stage_6,635,154221.667108534
model_core_stage_7,635,140919.497591762
model_core,636,1182009.199326700
model_core_stage_0,636,134953.602477087
model_core_stage_1,636,134953.602477087
model_core_stage_2,636,154232.688545242
model_core_stage_3,636,154232.688545242
model_core_stage_4,636,154232.688545242
model_core_stage_5,636,154232.688545242
model_core_stage_6,636,154232.688545242
model_core_stage_7,636,140938.551646317
model_core,637,1182102.647239479
model_core_stage_0,637,134963.246137864
model_core_stage_1,637,134963.246137864
model_core_stage_2,637,154243.709871844
model_core_stage_3,637,154243.709871844
model_core_stage_4,637,154243.709871844
model_core_stage_5,637,154243.709871844
model_core_stage_6,637,154243.709871844
model_core_stage_7,637,140957.605604530
model_core,638,1182196.094330037
model_core_stage_0,638,134972.889704288
model_core_stage_1,638,134972.889704288
model_core_stage_2,638,154254.731090614
model_core_stage_3,638,154254.731090614
model_core_stage_4,638,154254.731090614
model_core_stage_5,638,154254.731090614
model_core_stage_6,638,154254.731090614
model_core_stage_7,638,140976.659468390
model_core,639,1182289.540615350
model_core_stage_0,639,134982.533178306
model_core_stage_1,639,134982.533178306
model_core_stage_2,639,154265.752203779
model_core_stage_3,639,154265.752203779
model_core_stage_4,639,154265.752203779
model_core_stage_5,639,154265.752203779
model_core_stage_6,639,154265.752203779
model_core_stage_7,639,140995.713239845
model_core,640,1182382.986112039
model_core_stage_0,640,134992.176561827
model_core_stage_1,640,134992.176561827
model_core_stage_2,640,154276.773213517
model_core_stage_3,640,154276.773213517
model_core_stage_4,640,154276.773213517
model_core_stage_5,640,154276.773213517
model_core_stage_6,640,154276.773213517
model_core_stage_7,640,141014.766920801
model_core,641,1182476.430836386
model_core_stage_0,641,135001.819856719
model_core_stage_1,641,135001.819856719
model_core_stage_2,641,154287.794121964
model_core_stage_3,641,154287.794121964
model_core_stage_4,641,154287.794121964
model_core_stage_5,641,154287.794121964
model_core_stage_6,641,154287.794121964
model_core_stage_7,641,141033.820513129
model_core,642,1182569.874804335
model_core_stage_0,642,135011.463064810
model_core_stage_1,642,135011.463064810
model_core_stage_2,642,154298.814931212
model_core_stage_3,642,154298.814931212
model_core_stage_4,642,154298.814931212
model_core_stage_5,642,154298.814931212
model_core_stage_6,642,154298.814931212
model_core_stage_7,642,141052.874018656
model_core,643,1182663.318031503
model_core_stage_0,643,135021.106187894
model_core_stage_1,643,135021.106187894
model_core_stage_2,643,154309.835643308
model_core_stage_3,643,154309.835643308
model_core_stage_4,643,154309.835643308
model_core_stage_5,643,154309.835643308
model_core_stage_6,643,154309.835643308
model_core_stage_7,643,141071.927439176
model_core,644,1182756.760533181
model_core_stage_0,644,135030.749227725
model_core_stage_1,644,135030.749227725
model_core_stage_2,644,154320.856260257
model_core_stage_3,644,154320.856260257
model_core_stage_4,644,154320.856260257
model_core_stage_5,644,154320.856260257
model_core_stage_6,644,154320.856260257
model_core_stage_7,644,141090.980776443
model_core,645,1182850.202324347
model_core_stage_0,645,135040.392186022
model_core_stage_1,645,135040.392186022
model_core_stage_2,645,154331.876784025
model_core_stage_3,645,154331.876784025
model_core_stage_4,645,154331.876784025
model_core_stage_5,645,154331.876784025
model_core_stage_6,645,154331.876784025
model_core_stage_7,645,141110.034032176
model_core,646,1182943.643419670
model_core_stage_0,646,135050.035064468
model_core_stage_1,646,135050.035064468
model_core_stage_2,646,154342.897216535
model_core_stage_3,646,154342.897216535
model_core_stage_4,646,154342.897216535
model_core_stage_5,646,154342.897216535
model_core_stage_6,646,154342.897216535
model_core_stage_7,646,141129.087208058
model_core,647,1183037.083833514
model_core_stage_0,647,135059.677864712
model_core_stage_1,647,135059.677864712
model_core_stage_2,647,154353.917559671
model_core_stage_3,647,154353.917559671
model_core_stage_4,647,154353.917559671
model_core_stage_5,647,154353.917559671
model_core_stage_6,647,154353.917559671
model_core_stage_7,647,141148.140305737
model_core,648,1183130.523579948
model_core_stage_0,648,135069.320588367
model_core_stage_1,648,135069.320588367
model_core_stage_2,648,154364.937815277
model_core_stage_3,648,154364.937815277
model_core_stage_4,648,154364.937815277
model_core_stage_5,648,154364.937815277
model_core_stage_6,648,154364.937815277
model_core_stage_7,648,141167.193326829
model_core,649,1183223.962672751
model_core_stage_0,649,135078.963237016
model_core_stage_1,649,135078.963237016
model_core_stage_2,649,154375.957985161
model_core_stage_3,649,154375.957985161
model_core_stage_4,649,154375.957985161
model_core_stage_5,649,154375.957985161
model_core_stage_6,649,154375.957985161
model_core_stage_7,649,141186.246272913
model_core,650,1183317.401125417
model_core_stage_0,650,135088.605812206
model_core_stage_1,650,135088.605812206
model_core_stage_2,650,154386.978071093
model_core_stage_3,650,154386.978071093
model_core_stage_4,650,154386.978071093
model_core_stage_5,650,154386.978071093
model_core_stage_6,650,154386.978071093
model_core_stage_7,650,141205.299145540
model_core,651,1183410.838951160
model_core_stage_0,651,135098.248315455
model_core_stage_1,651,135098.248315455
model_core_stage_2,651,154397.998074805
model_core_stage_3,651,154397.998074805
model_core_stage_4,651,154397.998074805
model_core_stage_5,651,154397.998074805
model_core_stage_6,651,154397.998074805
model_core_stage_7,651,141224.351946224
model_core,652,1183504.276162924
model_core_stage_0,652,135107.890748246
model_core_stage_1,652,135107.890748246
model_core_stage_2,652,154409.017997996
model_core_stage_3,652,154409.017997996
model_core_stage_4,652,154409.017997996
model_core_stage_5,652,154409.017997996
model_core_stage_6,652,154409.017997996
model_core_stage_7,652,141243.404676452
model_core,653,1183597.712773383
model_core_stage_0,653,135117.533112036
model_core_stage_1,653,135117.533112036
model_core_stage_2,653,154420.037842327
model_core_stage_3,653,154420.037842327
model_core_stage_4,653,154420.037842327
model_core_stage_5,653,154420.037842327
model_core_stage_6,653,154420.037842327
model_core_stage_7,653,141262.457337677
model_core,654,1183691.148794951
model_core_stage_0,654,135127.175408248
model_core_stage_1,654,135127.175408248
model_core_stage_2,654,154431.057609426
model_core_stage_3,654,154431.057609426
model_core_stage_4,654,154431.057609426
model_core_stage_5,654,154431.057609426
model_core_stage_6,654,154431.057609426
model_core_stage_7,654,141281.509931325
model_core,655,1183784.584239785
model_core_stage_0,655,135136.817638277
model_core_stage_1,655,135136.817638277
model_core_stage_2,655,154442.077300888
model_core_stage_3,655,154442.077300888
model_core_stage_4,655,154442.077300888
model_core_stage_5,655,154442.077300888
model_core_stage_6,655,154442.077300888
model_core_stage_7,655,141300.562458790
model_core,656,1183878.019119792
model_core_stage_0,656,135146.459803490
model_core_stage_1,656,135146.459803490
model_core_stage_2,656,154453.096918275
model_core_stage_3,656,154453.096918275
model_core_stage_4,656,154453.096918275
model_core_stage_5,656,154453.096918275
model_core_stage_6,656,154453.096918275
model_core_stage_7,656,141319.614921439
model_core,657,1183971.453446633
model_core_stage_0,657,135156.101905225
model_core_stage_1,657,135156.101905225
model_core_stage_2,657,154464.116463115
model_core_stage_3,657,154464.116463115
model_core_stage_4,657,154464.116463115
model_core_stage_5,657,154464.116463115
model_core_stage_6,657,154464.116463115
model_core_stage_7,657,141338.667320610
model_core,658,1184064.887231726
model_core_stage_0,658,135165.743944792
model_core_stage_1,658,135165.743944792
model_core_stage_2,658,154475.135936906
model_core_stage_3,658,154475.135936906
model_core_stage_4,658,154475.135936906
model_core_stage_5,658,154475.135936906
model_core_stage_6,658,154475.135936906
model_core_stage_7,658,141357.719657613
model_core,659,1184158.320486257
model_core_stage_0,659,135175.385923475
model_core_stage_1,659,135175.385923475
model_core_stage_2,659,154486.155341115
model_core_stage_3,659,154486.155341115
model_core_stage_4,659,154486.155341115
model_core_stage_5,659,154486.155341115
model_core_stage_6,659,154486.155341115
model_core_stage_7,659,141376.771933732
model_core,660,1184251.753221178
model_core_stage_0,660,135185.027842531
model_core_stage_1,660,135185.027842531
model_core_stage_2,660,154497.174677178
model_core_stage_3,660,154497.174677178
model_core_stage_4,660,154497.174677178
model_core_stage_5,660,154497.174677178
model_core_stage_6,660,154497.174677178
model_core_stage_7,660,141395.824150223
model_core,661,1184345.185447216
model_core_stage_0,661,135194.669703190
model_core_stage_1,661,135194.669703190
model_core_stage_2,661,154508.193946503
model_core_stage_3,661,154508.193946503
model_core_stage_4,661,154508.193946503
model_core_stage_5,661,154508.193946503
model_core_stage_6,661,154508.193946503
model_core_stage_7,661,141414.876308319
model_core,662,1184438.617174877
model_core_stage_0,662,135204.311506659
model_core_stage_1,662,135204.311506659
model_core_stage_2,662,154519.213150467
model_core_stage_3,662,154519.213150467
model_core_stage_4,662,154519.213150467
model_core_stage_5,662,154519.213150467
model_core_stage_6,662,154519.213150467
model_core_stage_7,662,141433.928409223
model_core,663,1184532.048414450
model_core_stage_0,663,135213.953254117
model_core_stage_1,663,135213.953254117
model_core_stage_2,663,154530.232290420
model_core_stage_3,663,154530.232290420
model_core_stage_4,663,154530.232290420
model_core_stage_5,663,154530.232290420
model_core_stage_6,663,154530.232290420
model_core_stage_7,663,141452.980454117
model_core,664,1184625.479176010
model_core_stage_0,664,135223.594946722
model_core_stage_1,664,135223.594946722
model_core_stage_2,664,154541.251367682
model_core_stage_3,664,154541.251367682
model_core_stage_4,664,154541.251367682
model_core_stage_5,664,154541.251367682
model_core_stage_6,664,154541.251367682
model_core_stage_7,664,141472.032444158
model_core,665,1184718.909469427
model_core_stage_0,665,135233.236585605
model_core_stage_1,665,135233.236585605
model_core_stage_2,665,154552.270383548
model_core_stage_3,665,154552.270383548
model_core_stage_4,665,154552.270383548
model_core_stage_5,665,154552.270383548
model_core_stage_6,665,154552.270383548
model_core_stage_7,665,141491.084380476
model_core,666,1184812.339304365
model_core_stage_0,666,135242.878171875
model_core_stage_1,666,135242.878171875
model_core_stage_2,666,154563.289339286
model_core_stage_3,666,154563.289339286
model_core_stage_4,666,154563.289339286
model_core_stage_5,666,154563.289339286
model_core_stage_6,666,154563.289339286
model_core_stage_7,666,141510.136264183
model_core,667,1184905.768690288
model_core_stage_0,667,135252.519706620
model_core_stage_1,667,135252.519706620
model_core_stage_2,667,154574.308236137
model_core_stage_3,667,154574.308236137
model_core_stage_4,667,154574.308236137
model_core_stage_5,667,154574.308236137
model_core_stage_6,667,154574.308236137
model_core_stage_7,667,141529.188096364
model_core,668,1184999.197636467
model_core_stage_0,668,135262.161190902
model_core_stage_1,668,135262.161190902
model_core_stage_2,668,154585.327075316
model_core_stage_3,668,154585.327075316
model_core_stage_4,668,154585.327075316
model_core_stage_5,668,154585.327075316
model_core_stage_6,668,154585.327075316
model_core_stage_7,668,141548.239878081
model_core,669,1185092.626151980
model_core_stage_0,669,135271.802625763
model_core_stage_1,669,135271.802625763
model_core_stage_2,669,154596.345858015
model_core_stage_3,669,154596.345858015
model_core_stage_4,669,154596.345858015
model_core_stage_5,669,154596.345858015
model_core_stage_6,669,154596.345858015
model_core_stage_7,669,141567.291610379
model_core,670,1185186.054245718
model_core_stage_0,670,135281.444012224
model_core_stage_1,670,135281.444012224
model_core_stage_2,670,154607.364585399
model_core_stage_3,670,154607.364585399
model_core_stage_4,670,154607.364585399
model_core_stage_5,670,154607.364585399
model_core_stage_6,670,154607.364585399
model_core_stage_7,670,141586.343294275
model_core,671,1185279.481926387
model_core_stage_0,671,135291.085351284
model_core_stage_1,671,135291.085351284
model_core_stage_2,671,154618.383258610
model_core_stage_3,671,154618.383258610
model_core_stage_4,671,154618.383258610
model_core_stage_5,671,154618.383258610
model_core_stage_6,671,154618.383258610
model_core_stage_7,671,141605.394930771
model_core,672,1185372.909202516
model_core_stage_0,672,135300.726643920
model_core_stage_1,672,135300.726643920
model_core_stage_2,672,154629.401878766
model_core_stage_3,672,154629.401878766
model_core_stage_4,672,154629.401878766
model_core_stage_5,672,154629.401878766
model_core_stage_6,672,154629.401878766
model_core_stage_7,672,141624.446520844
model_core,673,1185466.336082455
model_core_stage_0,673,135310.367891093
model_core_stage_1,673,135310.367891093
model_core_stage_2,673,154640.420446963
model_core_stage_3,673,154640.420446963
model_core_stage_4,673,154640.420446963
model_core_stage_5,673,154640.420446963
model_core_stage_6,673,154640.420446963
model_core_stage_7,673,141643.498065452
model_core,674,1185559.762574385
model_core_stage_0,674,135320.009093740
model_core_stage_1,674,135320.009093740
model_core_stage_2,674,154651.438964274
model_core_stage_3,674,154651.438964274
model_core_stage_4,674,154651.438964274
model_core_stage_5,674,154651.438964274
model_core_stage_6,674,154651.438964274
model_core_stage_7,674,141662.549565535
model_core,675,1185653.188686316
model_core_stage_0,675,135329.650252780
model_core_stage_1,675,135329.650252780
model_core_stage_2,675,154662.457431749
model_core_stage_3,675,154662.457431749
model_core_stage_4,675,154662.457431749
model_core_stage_5,675,154662.457431749
model_core_stage_6,675,154662.457431749
model_core_stage_7,675,141681.601022011
model_core,676,1185746.614426091
model_core_stage_0,676,135339.291369114
model_core_stage_1,676,135339.291369114
model_core_stage_2,676,154673.475850416
model_core_stage_3,676,154673.475850416
model_core_stage_4,676,154673.475850416
model_core_stage_5,676,154673.475850416
model_core_stage_6,676,154673.475850416
model_core_stage_7,676,141700.652435781
model_core,677,1185840.039801395
model_core_stage_0,677,135348.932443624
model_core_stage_1,677,135348.932443624
model_core_stage_2,677,154684.494221284
model_core_stage_3,677,154684.494221284
model_core_stage_4,677,154684.494221284
model_core_stage_5,677,154684.494221284
model_core_stage_6,677,154684.494221284
model_core_stage_7,677,141719.703807726
model_core,678,1185933.464819751
model_core_stage_0,678,135358.573477172
model_core_stage_1,678,135358.573477172
model_core_stage_2,678,154695.512545339
model_core_stage_3,678,154695.512545339
model_core_stage_4,678,154695.512545339
model_core_stage_5,678,154695.512545339
model_core_stage_6,678,154695.512545339
model_core_stage_7,678,141738.755138710
model_core,679,1186026.889488528
model_core_stage_0,679,135368.214470605
model_core_stage_1,679,135368.214470605
model_core_stage_2,679,154706.530823548
model_core_stage_3,679,154706.530823548
model_core_stage_4,679,154706.530823548
model_core_stage_5,679,154706.530823548
model_core_stage_6,679,154706.530823548
model_core_stage_7,679,141757.806429579
model_core,680,1186120.313814944
model_core_stage_0,680,135377.855424750
model_core_stage_1,680,135377.855424750
model_core_stage_2,680,154717.549056857
model_core_stage_3,680,154717.549056857
model_core_stage_4,680,154717.549056857
model_core_stage_5,680,154717.549056857
model_core_stage_6,680,154717.549056857
model_core_stage_7,680,141776.857681160
model_core,681,1186213.737806066
model_core_stage_0,681,135387.496340419
model_core_stage_1,681,135387.496340419
model_core_stage_2,681,154728.567246193
model_core_stage_3,681,154728.567246193
model_core_stage_4,681,154728.567246193
model_core_stage_5,681,154728.567246193
model_core_stage_6,681,154728.567246193
model_core_stage_7,681,141795.908894265
model_core,682,1186307.161468816
model_core_stage_0,682,135397.137218405
model_core_stage_1,682,135397.137218405
model_core_stage_2,682,154739.585392463
model_core_stage_3,682,154739.585392463
model_core_stage_4,682,154739.585392463
model_core_stage_5,682,154739.585392463
model_core_stage_6,682,154739.585392463
model_core_stage_7,682,141814.960069688
model_core,683,1186400.584809973
model_core_stage_0,683,135406.778059488
model_core_stage_1,683,135406.778059488
model_core_stage_2,683,154750.603496558
model_core_stage_3,683,154750.603496558
model_core_stage_4,683,154750.603496558
model_core_stage_5,683,154750.603496558
model_core_stage_6,683,154750.603496558
model_core_stage_7,683,141834.011208206
model_core,684,1186494.007836176
model_core_stage_0,684,135416.418864429
model_core_stage_1,684,135416.418864429
model_core_stage_2,684,154761.621559347
model_core_stage_3,684,154761.621559347
model_core_stage_4,684,154761.621559347
model_core_stage_5,684,154761.621559347
model_core_stage_6,684,154761.621559347
model_core_stage_7,684,141853.062310583
model_core,685,1186587.430553928
model_core_stage_0,685,135426.059633973
model_core_stage_1,685,135426.059633973
model_core_stage_2,685,154772.639581684
model_core_stage_3,685,154772.639581684
model_core_stage_4,685,154772.639581684
model_core_stage_5,685,154772.639581684
model_core_stage_6,685,154772.639581684
model_core_stage_7,685,141872.113377563
model_core,686,1186680.852969595
model_core_stage_0,686,135435.700368852
model_core_stage_1,686,135435.700368852
model_core_stage_2,686,154783.657564403
model_core_stage_3,686,154783.657564403
model_core_stage_4,686,154783.657564403
model_core_stage_5,686,154783.657564403
model_core_stage_6,686,154783.657564403
model_core_stage_7,686,141891.164409878
model_core,687,1186774.275089415
model_core_stage_0,687,135445.341069782
model_core_stage_1,687,135445.341069782
model_core_stage_2,687,154794.675508322
model_core_stage_3,687,154794.675508322
model_core_stage_4,687,154794.675508322
model_core_stage_5,687,154794.675508322
model_core_stage_6,687,154794.675508322
model_core_stage_7,687,141910.215408243
model_core,688,1186867.696919496
model_core_stage_0,688,135454.981737462
model_core_stage_1,688,135454.981737462
model_core_stage_2,688,154805.693414242
model_core_stage_3,688,154805.693414242
model_core_stage_4,688,154805.693414242
model_core_stage_5,688,154805.693414242
model_core_stage_6,688,154805.693414242
model_core_stage_7,688,141929.266373360
model_core,689,1186961.118465818
model_core_stage_0,689,135464.622372580
model_core_stage_1,689,135464.622372580
model_core_stage_2,689,154816.711282949
model_core_stage_3,689,154816.711282949
model_core_stage_4,689,154816.711282949
model_core_stage_5,689,154816.711282949
model_core_stage_6,689,154816.711282949
model_core_stage_7,689,141948.317305914
model_core,690,1187054.539734239
model_core_stage_0,690,135474.262975808
model_core_stage_1,690,135474.262975808
model_core_stage_2,690,154827.729115209
model_core_stage_3,690,154827.729115209
model_core_stage_4,690,154827.729115209
model_core_stage_5,690,154827.729115209
model_core_stage_6,690,154827.729115209
model_core_stage_7,690,141967.368206577
model_core,691,1187147.960730497
model_core_stage_0,691,135483.903547804
model_core_stage_1,691,135483.903547804
model_core_stage_2,691,154838.746911776
model_core_stage_3,691,154838.746911776
model_core_stage_4,691,154838.746911776
model_core_stage_5,691,154838.746911776
model_core_stage_6,691,154838.746911776
model_core_stage_7,691,141986.419076009
model_core,692,1187241.381460211
model_core_stage_0,692,135493.544089213
model_core_stage_1,692,135493.544089213
model_core_stage_2,692,154849.764673386
model_core_stage_3,692,154849.764673386
model_core_stage_4,692,154849.764673386
model_core_stage_5,692,154849.764673386
model_core_stage_6,692,154849.764673386
model_core_stage_7,692,142005.469914854
model_core,693,1187334.801928882
model_core_stage_0,693,135503.184600666
model_core_stage_1,693,135503.184600666
model_core_stage_2,693,154860.782400761
model_core_stage_3,693,154860.782400761
model_core_stage_4,693,154860.782400761
model_core_stage_5,693,154860.782400761
model_core_stage_6,693,154860.782400761
model_core_stage_7,693,142024.520723743
model_core,694,1187428.222141901
model_core_stage_0,694,135512.825082782
model_core_stage_1,694,135512.825082782
model_core_stage_2,694,154871.800094608
model_core_stage_3,694,154871.800094608
model_core_stage_4,694,154871.800094608
model_core_stage_5,694,154871.800094608
model_core_stage_6,694,154871.800094608
model_core_stage_7,694,142043.571503295
model_core,695,1187521.642104544
model_core_stage_0,695,135522.465536167
model_core_stage_1,695,135522.465536167
model_core_stage_2,695,154882.817755619
model_core_stage_3,695,154882.817755619
model_core_stage_4,695,154882.817755619
model_core_stage_5,695,154882.817755619
model_core_stage_6,695,154882.817755619
model_core_stage_7,695,142062.622254115
model_core,696,1187615.061821982
model_core_stage_0,696,135532.105961413
model_core_stage_1,696,135532.105961413
model_core_stage_2,696,154893.835384472
model_core_stage_3,696,154893.835384472
model_core_stage_4,696,154893.835384472
model_core_stage_5,696,154893.835384472
model_core_stage_6,696,154893.835384472
model_core_stage_7,696,142081.672976797
model_core,697,1187708.481299275
model_core_stage_0,697,135541.746359101
model_core_stage_1,697,135541.746359101
model_core_stage_2,697,154904.852981830
model_core_stage_3,697,154904.852981830
model_core_stage_4,697,154904.852981830
model_core_stage_5,697,154904.852981830
model_core_stage_6,697,154904.852981830
model_core_stage_7,697,142100.723671922
model_core,698,1187801.900541381
model_core_stage_0,698,135551.386729801
model_core_stage_1,698,135551.386729801
model_core_stage_2,698,154915.870548344
model_core_stage_3,698,154915.870548344
model_core_stage_4,698,154915.870548344
model_core_stage_5,698,154915.870548344
model_core_stage_6,698,154915.870548344
model_core_stage_7,698,142119.774340058
model_core,699,1187895.319553157
model_core_stage_0,699,135561.027074070
model_core_stage_1,699,135561.027074070
model_core_stage_2,699,154926.888084651
model_core_stage_3,699,154926.888084651
model_core_stage_4,699,154926.888084651
model_core_stage_5,699,154926.888084651
model_core_stage_6,699,154926.888084651
model_core_stage_7,699,142138.824981762
model_core,700,1187988.738339356
model_core_stage_0,700,135570.667392452
model_core_stage_1,700,135570.667392452
model_core_stage_2,700,154937.905591374
model_core_stage_3,700,154937.905591374
model_core_stage_4,700,154937.905591374
model_core_stage_5,700,154937.905591374
model_core_stage_6,700,154937.905591374
model_core_stage_7,700,142157.875597581
model_core,701,1188082.156904636
model_core_stage_0,701,135580.307685484
model_core_stage_1,701,135580.307685484
model_core_stage_2,701,154948.923069124
model_core_stage_3,701,154948.923069124
model_core_stage_4,701,154948.923069124
model_core_stage_5,701,154948.923069124
model_core_stage_6,701,154948.923069124
model_core_stage_7,701,142176.926188048
model_core,702,1188175.575253558
model_core_stage_0,702,135589.947953687
model_core_stage_1,702,135589.947953687
model_core_stage_2,702,154959.940518499
model_core_stage_3,702,154959.940518499
model_core_stage_4,702,154959.940518499
model_core_stage_5,702,154959.940518499
model_core_stage_6,702,154959.940518499
model_core_stage_7,702,142195.976753687
model_core,703,1188268.993390588
model_core_stage_0,703,135599.588197575
model_core_stage_1,703,135599.588197575
model_core_stage_2,703,154970.957940085
model_core_stage_3,703,154970.957940085
model_core_stage_4,703,154970.957940085
model_core_stage_5,703,154970.957940085
model_core_stage_6,703,154970.957940085
model_core_stage_7,703,142215.027295011
model_core,704,1188362.411320100
model_core_stage_0,704,135609.228417649
model_core_stage_1,704,135609.228417649
model_core_stage_2,704,154981.975334456
model_core_stage_3,704,154981.975334456
model_core_stage_4,704,154981.975334456
model_core_stage_5,704,154981.975334456
model_core_stage_6,704,154981.975334456
model_core_stage_7,704,142234.077812521
model_core,705,1188455.829046379
model_core_stage_0,705,135618.868614402
model_core_stage_1,705,135618.868614402
model_core_stage_2,705,154992.992702173
model_core_stage_3,705,154992.992702173
model_core_stage_4,705,154992.992702173
model_core_stage_5,705,154992.992702173
model_core_stage_6,705,154992.992702173
model_core_stage_7,705,142253.128306709
model_core,706,1188549.246573620
model_core_stage_0,706,135628.508788314
model_core_stage_1,706,135628.508788314
model_core_stage_2,706,155004.010043787
model_core_stage_3,706,155004.010043787
model_core_stage_4,706,155004.010043787
model_core_stage_5,706,155004.010043787
model_core_stage_6,706,155004.010043787
model_core_stage_7,706,142272.178778057
model_core,707,1188642.663905932
model_core_stage_0,707,135638.148939857
model_core_stage_1,707,135638.148939857
model_core_stage_2,707,155015.027359836
model_core_stage_3,707,155015.027359836
model_core_stage_4,707,155015.027359836
model_core_stage_5,707,155015.027359836
model_core_stage_6,707,155015.027359836
model_core_stage_7,707,142291.229227036
model_core,708,1188736.081047340
model_core_stage_0,708,135647.789069493
model_core_stage_1,708,135647.789069493
model_core_stage_2,708,155026.044650849
model_core_stage_3,708,155026.044650849
model_core_stage_4,708,155026.044650849
model_core_stage_5,708,155026.044650849
model_core_stage_6,708,155026.044650849
model_core_stage_7,708,142310.279654108
model_core,709,1188829.498001784
model_core_stage_0,709,135657.429177674
model_core_stage_1,709,135657.429177674
model_core_stage_2,709,155037.061917342
model_core_stage_3,709,155037.061917342
model_core_stage_4,709,155037.061917342
model_core_stage_5,709,155037.061917342
model_core_stage_6,709,155037.061917342
model_core_stage_7,709,142329.330059726
model_core,710,1188922.914773125
model_core_stage_0,710,135667.069264844
model_core_stage_1,710,135667.069264844
model_core_stage_2,710,155048.079159821
model_core_stage_3,710,155048.079159821
model_core_stage_4,710,155048.079159821
model_core_stage_5,710,155048.079159821
model_core_stage_6,710,155048.079159821
model_core_stage_7,710,142348.380444331
model_core,711,1189016.331365142
model_core_stage_0,711,135676.709331435
model_core_stage_1,711,135676.709331435
model_core_stage_2,711,155059.096378783
model_core_stage_3,711,155059.096378783
model_core_stage_4,711,155059.096378783
model_core_stage_5,711,155059.096378783
model_core_stage_6,711,155059.096378783
model_core_stage_7,711,142367.430808358
model_core,712,1189109.747781537
model_core_stage_0,712,135686.349377873
model_core_stage_1,712,135686.349377873
model_core_stage_2,712,155070.113574712
model_core_stage_3,712,155070.113574712
model_core_stage_4,712,155070.113574712
model_core_stage_5,712,155070.113574712
model_core_stage_6,712,155070.113574712
model_core_stage_7,712,142386.481152232
model_core,713,1189203.164025937
model_core_stage_0,713,135695.989404574
model_core_stage_1,713,135695.989404574
model_core_stage_2,713,155081.130748084
model_core_stage_3,713,155081.130748084
model_core_stage_4,713,155081.130748084
model_core_stage_5,713,155081.130748084
model_core_stage_6,713,155081.130748084
model_core_stage_7,713,142405.531476369
model_core,714,1189296.580101891
model_core_stage_0,714,135705.629411945
model_core_stage_1,714,135705.629411945
model_core_stage_2,714,155092.147899365
model_core_stage_3,714,155092.147899365
model_core_stage_4,714,155092.147899365
model_core_stage_5,714,155092.147899365
model_core_stage_6,714,155092.147899365
model_core_stage_7,714,142424.581781175
model_core,715,1189389.996012877
model_core_stage_0,715,135715.269400385
model_core_stage_1,715,135715.269400385
model_core_stage_2,715,155103.165029011
model_core_stage_3,715,155103.165029011
model_core_stage_4,715,155103.165029011
model_core_stage_5,715,155103.165029011
model_core_stage_6,715,155103.165029011
model_core_stage_7,715,142443.632067051
model_core,716,1189483.411762302
model_core_stage_0,716,135724.909370285
model_core_stage_1,716,135724.909370285
model_core_stage_2,716,155114.182137469
model_core_stage_3,716,155114.182137469
model_core_stage_4,716,155114.182137469
model_core_stage_5,716,155114.182137469
model_core_stage_6,716,155114.182137469
model_core_stage_7,716,142462.682334388
model_core,717,1189576.827353499
model_core_stage_0,717,135734.549322028
model_core_stage_1,717,135734.549322028
model_core_stage_2,717,155125.199225175
model_core_stage_3,717,155125.199225175
model_core_stage_4,717,155125.199225175
model_core_stage_5,717,155125.199225175
model_core_stage_6,717,155125.199225175
model_core_stage_7,717,142481.732583567
model_core,718,1189670.242789736
model_core_stage_0,718,135744.189255989
model_core_stage_1,718,135744.189255989
model_core_stage_2,718,155136.216292559
model_core_stage_3,718,155136.216292559
model_core_stage_4,718,155136.216292559
model_core_stage_5,718,155136.216292559
model_core_stage_6,718,155136.216292559
model_core_stage_7,718,142500.782814963
model_core,719,1189763.658074212
model_core_stage_0,719,135753.829172535
model_core_stage_1,719,135753.829172535
model_core_stage_2,719,155147.233340040
model_core_stage_3,719,155147.233340040
model_core_stage_4,719,155147.233340040
model_core_stage_5,719,155147.233340040
model_core_stage_6,719,155147.233340040
model_core_stage_7,719,142519.833028945
model_core,720,1189857.073210060
model_core_stage_0,720,135763.469072025
model_core_stage_1,720,135763.469072025
model_core_stage_2,720,155158.250368028
model_core_stage_3,720,155158.250368028
model_core_stage_4,720,155158.250368028
model_core_stage_5,720,155158.250368028
model_core_stage_6,720,155158.250368028
model_core_stage_7,720,142538.883225871
model_core,721,1189950.488200349
model_core_stage_0,721,135773.108954811
model_core_stage_1,721,135773.108954811
model_core_stage_2,721,155169.267376927
model_core_stage_3,721,155169.267376927
model_core_stage_4,721,155169.267376927
model_core_stage_5,721,155169.267376927
model_core_stage_6,721,155169.267376927
model_core_stage_7,721,142557.933406093
model_core,722,1190043.903048082
model_core_stage_0,722,135782.748821238
model_core_stage_1,722,135782.748821238
model_core_stage_2,722,155180.284367130
model_core_stage_3,722,155180.284367130
model_core_stage_4,722,155180.284367130
model_core_stage_5,722,155180.284367130
model_core_stage_6,722,155180.284367130
model_core_stage_7,722,142576.983569956
model_core,723,1190137.317756204
model_core_stage_0,723,135792.388671645
model_core_stage_1,723,135792.388671645
model_core_stage_2,723,155191.301339023
model_core_stage_3,723,155191.301339023
model_core_stage_4,723,155191.301339023
model_core_stage_5,723,155191.301339023
model_core_stage_6,723,155191.301339023
model_core_stage_7,723,142596.033717799
model_core,724,1190230.732327595
model_core_stage_0,724,135802.028506361
model_core_stage_1,724,135802.028506361
model_core_stage_2,724,155202.318292984
model_core_stage_3,724,155202.318292984
model_core_stage_4,724,155202.318292984
model_core_stage_5,724,155202.318292984
model_core_stage_6,724,155202.318292984
model_core_stage_7,724,142615.083849951
model_core,725,1190324.146765081
model_core_stage_0,725,135811.668325711
model_core_stage_1,725,135811.668325711
model_core_stage_2,725,155213.335229384
model_core_stage_3,725,155213.335229384
model_core_stage_4,725,155213.335229384
model_core_stage_5,725,155213.335229384
model_core_stage_6,725,155213.335229384
model_core_stage_7,725,142634.133966737
model_core,726,1190417.561071423
model_core_stage_0,726,135821.308130012
model_core_stage_1,726,135821.308130012
model_core_stage_2,726,155224.352148585
model_core_stage_3,726,155224.352148585
model_core_stage_4,726,155224.352148585
model_core_stage_5,726,155224.352148585
model_core_stage_6,726,155224.352148585
model_core_stage_7,726,142653.184068474
model_core,727,1190510.975249331
model_core_stage_0,727,135830.947919574
model_core_stage_1,727,135830.947919574
model_core_stage_2,727,155235.369050942
model_core_stage_3,727,155235.369050942
model_core_stage_4,727,155235.369050942
model_core_stage_5,727,155235.369050942
model_core_stage_6,727,155235.369050942
model_core_stage_7,727,142672.234155472
model_core,728,1190604.389301454
model_core_stage_0,728,135840.587694702
model_core_stage_1,728,135840.587694702
model_core_stage_2,728,155246.385936803
model_core_stage_3,728,155246.385936803
model_core_stage_4,728,155246.385936803
model_core_stage_5,728,155246.385936803
model_core_stage_6,728,155246.385936803
model_core_stage_7,728,142691.284228036
model_core,729,1190697.803230391
model_core_stage_0,729,135850.227455694
model_core_stage_1,729,135850.227455694
model_core_stage_2,729,155257.402806508
model_core_stage_3,729,155257.402806508
model_core_stage_4,729,155257.402806508
model_core_stage_5,729,155257.402806508
model_core_stage_6,729,155257.402806508
model_core_stage_7,729,142710.334286464
model_core,730,1190791.217038684
model_core_stage_0,730,135859.867202842
model_core_stage_1,730,135859.867202842
model_core_stage_2,730,155268.419660391
model_core_stage_3,730,155268.419660391
model_core_stage_4,730,155268.419660391
model_core_stage_5,730,155268.419660391
model_core_stage_6,730,155268.419660391
model_core_stage_7,730,142729.384331047
model_core,731,1190884.630728824
model_core_stage_0,731,135869.506936431
model_core_stage_1,731,135869.506936431
model_core_stage_2,731,155279.436498778
model_core_stage_3,731,155279.436498778
model_core_stage_4,731,155279.436498778
model_core_stage_5,731,155279.436498778
model_core_stage_6,731,155279.436498778
model_core_stage_7,731,142748.434362072
model_core,732,1190978.044303249
model_core_stage_0,732,135879.146656741
model_core_stage_1,732,135879.146656741
model_core_stage_2,732,155290.453321990
model_core_stage_3,732,155290.453321990
model_core_stage_4,732,155290.453321990
model_core_stage_5,732,155290.453321990
model_core_stage_6,732,155290.453321990
model_core_stage_7,732,142767.484379818
model_core,733,1191071.457764350
model_core_stage_0,733,135888.786364047
model_core_stage_1,733,135888.786364047
model_core_stage_2,733,155301.470130339
model_core_stage_3,733,155301.470130339
model_core_stage_4,733,155301.470130339
model_core_stage_5,733,155301.470130339
model_core_stage_6,733,155301.470130339
model_core_stage_7,733,142786.534384560
model_core,734,1191164.871114465
model_core_stage_0,734,135898.426058617
model_core_stage_1,734,135898.426058617
model_core_stage_2,734,155312.486924133
model_core_stage_3,734,155312.486924133
model_core_stage_4,734,155312.486924133
model_core_stage_5,734,155312.486924133
model_core_stage_6,734,155312.486924133
model_core_stage_7,734,142805.584376565
model_core,735,1191258.284355886
model_core_stage_0,735,135908.065740713
model_core_stage_1,735,135908.065740713
model_core_stage_2,735,155323.503703672
model_core_stage_3,735,155323.503703672
model_core_stage_4,735,155323.503703672
model_core_stage_5,735,155323.503703672
model_core_stage_6,735,155323.503703672
model_core_stage_7,735,142824.634356098
model_core,736,1191351.697490856
model_core_stage_0,736,135917.705410594
model_core_stage_1,736,135917.705410594
model_core_stage_2,736,155334.520469251
model_core_stage_3,736,155334.520469251
model_core_stage_4,736,155334.520469251
model_core_stage_5,736,155334.520469251
model_core_stage_6,736,155334.520469251
model_core_stage_7,736,142843.684323415
model_core,737,1191445.110521574
model_core_stage_0,737,135927.345068512
model_core_stage_1,737,135927.345068512
model_core_stage_2,737,155345.537221156
model_core_stage_3,737,155345.537221156
model_core_stage_4,737,155345.537221156
model_core_stage_5,737,155345.537221156
model_core_stage_6,737,155345.537221156
model_core_stage_7,737,142862.734278768
model_core,738,1191538.523450191
model_core_stage_0,738,135936.984714713
model_core_stage_1,738,135936.984714713
model_core_stage_2,738,155356.553959672
model_core_stage_3,738,155356.553959672
model_core_stage_4,738,155356.553959672
model_core_stage_5,738,155356.553959672
model_core_stage_6,738,155356.553959672
model_core_stage_7,738,142881.784222405
model_core,739,1191631.936278815
model_core_stage_0,739,135946.624349439
model_core_stage_1,739,135946.624349439
model_core_stage_2,739,155367.570685074
model_core_stage_3,739,155367.570685074
model_core_stage_4,739,155367.570685074
model_core_stage_5,739,155367.570685074
model_core_stage_6,739,155367.570685074
model_core_stage_7,739,142900.834154568
model_core,740,1191725.349009510
model_core_stage_0,740,135956.263972928
model_core_stage_1,740,135956.263972928
model_core_stage_2,740,155378.587397632
model_core_stage_3,740,155378.587397632
model_core_stage_4,740,155378.587397632
model_core_stage_5,740,155378.587397632
model_core_stage_6,740,155378.587397632
model_core_stage_7,740,142919.884075492
model_core,741,1191818.761644299
model_core_stage_0,741,135965.903585411
model_core_stage_1,741,135965.903585411
model_core_stage_2,741,155389.604097613
model_core_stage_3,741,155389.604097613
model_core_stage_4,741,155389.604097613
model_core_stage_5,741,155389.604097613
model_core_stage_6,741,155389.604097613
model_core_stage_7,741,142938.933985411
model_core,742,1191912.174185161
model_core_stage_0,742,135975.543187116
model_core_stage_1,742,135975.543187116
model_core_stage_2,742,155400.620785275
model_core_stage_3,742,155400.620785275
model_core_stage_4,742,155400.620785275
model_core_stage_5,742,155400.620785275
model_core_stage_6,742,155400.620785275
model_core_stage_7,742,142957.983884552
model_core,743,1192005.586634035
model_core_stage_0,743,135985.182778265
model_core_stage_1,743,135985.182778265
model_core_stage_2,743,155411.637460874
model_core_stage_3,743,155411.637460874
model_core_stage_4,743,155411.637460874
model_core_stage_5,743,155411.637460874
model_core_stage_6,743,155411.637460874
model_core_stage_7,743,142977.033773136
model_core,744,1192098.998992821
model_core_stage_0,744,135994.822359075
model_core_stage_1,744,135994.822359075
model_core_stage_2,744,155422.654124657
model_core_stage_3,744,155422.654124657
model_core_stage_4,744,155422.654124657
model_core_stage_5,744,155422.654124657
model_core_stage_6,744,155422.654124657
model_core_stage_7,744,142996.083651383
model_core,745,1192192.411263377
model_core_stage_0,745,136004.461929761
model_core_stage_1,745,136004.461929761
model_core_stage_2,745,155433.670776870
model_core_stage_3,745,155433.670776870
model_core_stage_4,745,155433.670776870
model_core_stage_5,745,155433.670776870
model_core_stage_6,745,155433.670776870
model_core_stage_7,745,143015.133519505
model_core,746,1192285.823447526
model_core_stage_0,746,136014.101490532
model_core_stage_1,746,136014.101490532
model_core_stage_2,746,155444.687417750
model_core_stage_3,746,155444.687417750
model_core_stage_4,746,155444.687417750
model_core_stage_5,746,155444.687417750
model_core_stage_6,746,155444.687417750
model_core_stage_7,746,143034.183377711
model_core,747,1192379.235547051
model_core_stage_0,747,136023.741041591
model_core_stage_1,747,136023.741041591
model_core_stage_2,747,155455.704047533
model_core_stage_3,747,155455.704047533
model_core_stage_4,747,155455.704047533
model_core_stage_5,747,155455.704047533
model_core_stage_6,747,155455.704047533
model_core_stage_7,747,143053.233226206
model_core,748,1192472.647563700
model_core_stage_0,748,136033.380583140
model_core_stage_1,748,136033.380583140
model_core_stage_2,748,155466.720666446
model_core_stage_3,748,155466.720666446
model_core_stage_4,748,155466.720666446
model_core_stage_5,748,155466.720666446
model_core_stage_6,748,155466.720666446
model_core_stage_7,748,143072.283065191
model_core,749,1192566.059499183
model_core_stage_0,749,136043.020115375
model_core_stage_1,749,136043.020115375
model_core_stage_2,749,155477.737274714
model_core_stage_3,749,155477.737274714
model_core_stage_4,749,155477.737274714
model_core_stage_5,749,155477.737274714
model_core_stage_6,749,155477.737274714
model_core_stage_7,749,143091.332894862
model_core,750,1192659.471355176
model_core_stage_0,750,136052.659638488
model_core_stage_1,750,136052.659638488
model_core_stage_2,750,155488.753872558
model_core_stage_3,750,155488.753872558
model_core_stage_4,750,155488.753872558
model_core_stage_5,750,155488.753872558
model_core_stage_6,750,155488.753872558
model_core_stage_7,750,143110.382715411
model_core,751,1192752.883133320
model_core_stage_0,751,136062.299152668
model_core_stage_1,751,136062.299152668
model_core_stage_2,751,155499.770460192
model_core_stage_3,751,155499.770460192
model_core_stage_4,751,155499.770460192
model_core_stage_5,751,155499.770460192
model_core_stage_6,751,155499.770460192
model_core_stage_7,751,143129.432527027
model_core,752,1192846.294835222
model_core_stage_0,752,136071.938658098
model_core_stage_1,752,136071.938658098
model_core_stage_2,752,155510.787037826
model_core_stage_3,752,155510.787037826
model_core_stage_4,752,155510.787037826
model_core_stage_5,752,155510.787037826
model_core_stage_6,752,155510.787037826
model_core_stage_7,752,143148.482329893
model_core,753,1192939.706462456
model_core_stage_0,753,136081.578154960
model_core_stage_1,753,136081.578154960
model_core_stage_2,753,155521.803605669
model_core_stage_3,753,155521.803605669
model_core_stage_4,753,155521.803605669
model_core_stage_5,753,155521.803605669
model_core_stage_6,753,155521.803605669
model_core_stage_7,753,143167.532124191
model_core,754,1193033.118016563
model_core_stage_0,754,136091.217643431
model_core_stage_1,754,136091.217643431
model_core_stage_2,754,155532.820163921
model_core_stage_3,754,155532.820163921
model_core_stage_4,754,155532.820163921
model_core_stage_5,754,155532.820163921
model_core_stage_6,754,155532.820163921
model_core_stage_7,754,143186.581910097
model_core,755,1193126.529499054
model_core_stage_0,755,136100.857123683
model_core_stage_1,755,136100.857123683
model_core_stage_2,755,155543.836712780
model_core_stage_3,755,155543.836712780
model_core_stage_4,755,155543.836712780
model_core_stage_5,755,155543.836712780
model_core_stage_6,755,155543.836712780
model_core_stage_7,755,143205.631687785
model_core,756,1193219.940911406
model_core_stage_0,756,136110.496595886
model_core_stage_1,756,136110.496595886
model_core_stage_2,756,155554.853252442
model_core_stage_3,756,155554.853252442
model_core_stage_4,756,155554.853252442
model_core_stage_5,756,155554.853252442
model_core_stage_6,756,155554.853252442
model_core_stage_7,756,143224.681457425
model_core,757,1193313.352255068
model_core_stage_0,757,136120.136060208
model_core_stage_1,757,136120.136060208
model_core_stage_2,757,155565.869783094
model_core_stage_3,757,155565.869783094
model_core_stage_4,757,155565.869783094
model_core_stage_5,757,155565.869783094
model_core_stage_6,757,155565.869783094
model_core_stage_7,757,143243.731219182
model_core,758,1193406.763531458
model_core_stage_0,758,136129.775516809
model_core_stage_1,758,136129.775516809
model_core_stage_2,758,155576.886304924
model_core_stage_3,758,155576.886304924
model_core_stage_4,758,155576.886304924
model_core_stage_5,758,155576.886304924
model_core_stage_6,758,155576.886304924
model_core_stage_7,758,143262.780973219
model_core,759,1193500.174741964
model_core_stage_0,759,136139.414965850
model_core_stage_1,759,136139.414965850
model_core_stage_2,759,155587.902818114
model_core_stage_3,759,155587.902818114
model_core_stage_4,759,155587.902818114
model_core_stage_5,759,155587.902818114
model_core_stage_6,759,155587.902818114
model_core_stage_7,759,143281.830719696
model_core,760,1193593.585887948
model_core_stage_0,760,136149.054407486
model_core_stage_1,760,136149.054407486
model_core_stage_2,760,155598.919322841
model_core_stage_3,760,155598.919322841
model_core_stage_4,760,155598.919322841
model_core_stage_5,760,155598.919322841
model_core_stage_6,760,155598.919322841
model_core_stage_7,760,143300.880458768
model_core,761,1193686.996970739
model_core_stage_0,761,136158.693841871
model_core_stage_1,761,136158.693841871
model_core_stage_2,761,155609.935819281
model_core_stage_3,761,155609.935819281
model_core_stage_4,761,155609.935819281
model_core_stage_5,761,155609.935819281
model_core_stage_6,761,155609.935819281
model_core_stage_7,761,143319.930190589
model_core,762,1193780.407991644
model_core_stage_0,762,136168.333269155
model_core_stage_1,762,136168.333269155
model_core_stage_2,762,155620.952307605
model_core_stage_3,762,155620.952307605
model_core_stage_4,762,155620.952307605
model_core_stage_5,762,155620.952307605
model_core_stage_6,762,155620.952307605
model_core_stage_7,762,143338.979915308
model_core,763,1193873.818951940
model_core_stage_0,763,136177.972689483
model_core_stage_1,763,136177.972689483
model_core_stage_2,763,155631.968787980
model_core_stage_3,763,155631.968787980
model_core_stage_4,763,155631.968787980
model_core_stage_5,763,155631.968787980
model_core_stage_6,763,155631.968787980
model_core_stage_7,763,143358.029633072
model_core,764,1193967.229852877
model_core_stage_0,764,136187.612102999
model_core_stage_1,764,136187.612102999
model_core_stage_2,764,155642.985260571
model_core_stage_3,764,155642.985260571
model_core_stage_4,764,155642.985260571
model_core_stage_5,764,155642.985260571
model_core_stage_6,764,155642.985260571
model_core_stage_7,764,143377.079344025
model_core,765,1194060.640695683
model_core_stage_0,765,136197.251509845
model_core_stage_1,765,136197.251509845
model_core_stage_2,765,155654.001725537
model_core_stage_3,765,155654.001725537
model_core_stage_4,765,155654.001725537
model_core_stage_5,765,155654.001725537
model_core_stage_6,765,155654.001725537
model_core_stage_7,765,143396.129048307
model_core,766,1194154.051481556
model_core_stage_0,766,136206.890910157
model_core_stage_1,766,136206.890910157
model_core_stage_2,766,155665.018183037
model_core_stage_3,766,155665.018183037
model_core_stage_4,766,155665.018183037
model_core_stage_5,766,155665.018183037
model_core_stage_6,766,155665.018183037
model_core_stage_7,766,143415.178746055
model_core,767,1194247.462211672
model_core_stage_0,767,136216.530304072
model_core_stage_1,767,136216.530304072
model_core_stage_2,767,155676.034633225
model_core_stage_3,767,155676.034633225
model_core_stage_4,767,155676.034633225
model_core_stage_5,767,155676.034633225
model_core_stage_6,767,155676.034633225
model_core_stage_7,767,143434.228437405
model_core,768,1194340.872887182
model_core_stage_0,768,136226.169691719
model_core_stage_1,768,136226.169691719
model_core_stage_2,768,155687.051076251
model_core_stage_3,768,155687.051076251
model_core_stage_4,768,155687.051076251
model_core_stage_5,768,155687.051076251
model_core_stage_6,768,155687.051076251
model_core_stage_7,768,143453.278122489
model_core,769,1194434.283509213
model_core_stage_0,769,136235.809073230
model_core_stage_1,769,136235.809073230
model_core_stage_2,769,155698.067512263
model_core_stage_3,769,155698.067512263
model_core_stage_4,769,155698.067512263
model_core_stage_5,769,155698.067512263
model_core_stage_6,769,155698.067512263
model_core_stage_7,769,143472.327801436
model_core,770,1194527.694078870
model_core_stage_0,770,136245.448448731
model_core_stage_1,770,136245.448448731
model_core_stage_2,770,155709.083941407
model_core_stage_3,770,155709.083941407
model_core_stage_4,770,155709.083941407
model_core_stage_5,770,155709.083941407
model_core_stage_6,770,155709.083941407
model_core_stage_7,770,143491.377474372
model_core,771,1194621.104597233
model_core_stage_0,771,136255.087818346
model_core_stage_1,771,136255.087818346
model_core_stage_2,771,155720.100363824
model_core_stage_3,771,155720.100363824
model_core_stage_4,771,155720.100363824
model_core_stage_5,771,155720.100363824
model_core_stage_6,771,155720.100363824
model_core_stage_7,771,143510.427141423
model_core,772,1194714.515065362
model_core_stage_0,772,136264.727182196
model_core_stage_1,772,136264.727182196
model_core_stage_2,772,155731.116779652
model_core_stage_3,772,155731.116779652
model_core_stage_4,772,155731.116779652
model_core_stage_5,772,155731.116779652
model_core_stage_6,772,155731.116779652
model_core_stage_7,772,143529.476802709
model_core,773,1194807.925484293
model_core_stage_0,773,136274.366540400
model_core_stage_1,773,136274.366540400
model_core_stage_2,773,155742.133189029
model_core_stage_3,773,155742.133189029
model_core_stage_4,773,155742.133189029
model_core_stage_5,773,155742.133189029
model_core_stage_6,773,155742.133189029
model_core_stage_7,773,143548.526458349
model_core,774,1194901.335855043
model_core_stage_0,774,136284.005893076
model_core_stage_1,774,136284.005893076
model_core_stage_2,774,155753.149592086
model_core_stage_3,774,155753.149592086
model_core_stage_4,774,155753.149592086
model_core_stage_5,774,155753.149592086
model_core_stage_6,774,155753.149592086
model_core_stage_7,774,143567.576108460
model_core,775,1194994.746178605
model_core_stage_0,775,136293.645240336
model_core_stage_1,775,136293.645240336
model_core_stage_2,775,155764.165988955
model_core_stage_3,775,155764.165988955
model_core_stage_4,775,155764.165988955
model_core_stage_5,775,155764.165988955
model_core_stage_6,775,155764.165988955
model_core_stage_7,775,143586.625753156
model_core,776,1195088.156455955
model_core_stage_0,776,136303.284582293
model_core_stage_1,776,136303.284582293
model_core_stage_2,776,155775.182379764
model_core_stage_3,776,155775.182379764
model_core_stage_4,776,155775.182379764
model_core_stage_5,776,155775.182379764
model_core_stage_6,776,155775.182379764
model_core_stage_7,776,143605.675392550
model_core,777,1195181.566688046
model_core_stage_0,777,136312.923919057
model_core_stage_1,777,136312.923919057
model_core_stage_2,777,155786.198764637
model_core_stage_3,777,155786.198764637
model_core_stage_4,777,155786.198764637
model_core_stage_5,777,155786.198764637
model_core_stage_6,777,155786.198764637
model_core_stage_7,777,143624.725026749
model_core,778,1195274.976875813
model_core_stage_0,778,136322.563250734
model_core_stage_1,778,136322.563250734
model_core_stage_2,778,155797.215143696
model_core_stage_3,778,155797.215143696
model_core_stage_4,778,155797.215143696
model_core_stage_5,778,155797.215143696
model_core_stage_6,778,155797.215143696
model_core_stage_7,778,143643.774655862
model_core,779,1195368.387020169
model_core_stage_0,779,136332.202577430
model_core_stage_1,779,136332.202577430
model_core_stage_2,779,155808.231517063
model_core_stage_3,779,155808.231517063
model_core_stage_4,779,155808.231517063
model_core_stage_5,779,155808.231517063
model_core_stage_6,779,155808.231517063
model_core_stage_7,779,143662.824279994
model_core,780,1195461.797122013
model_core_stage_0,780,136341.841899247
model_core_stage_1,780,136341.841899247
model_core_stage_2,780,155819.247884854
model_core_stage_3,780,155819.247884854
model_core_stage_4,780,155819.247884854
model_core_stage_5,780,155819.247884854
model_core_stage_6,780,155819.247884854
model_core_stage_7,780,143681.873899247
model_core,781,1195555.207182221
model_core_stage_0,781,136351.481216287
model_core_stage_1,781,136351.481216287
model_core_stage_2,781,155830.264247185
model_core_stage_3,781,155830.264247185
model_core_stage_4,781,155830.264247185
model_core_stage_5,781,155830.264247185
model_core_stage_6,781,155830.264247185
model_core_stage_7,781,143700.923513723
model_core,782,1195648.617201653
model_core_stage_0,782,136361.120528647
model_core_stage_1,782,136361.120528647
model_core_stage_2,782,155841.280604168
model_core_stage_3,782,155841.280604168
model_core_stage_4,782,155841.280604168
model_core_stage_5,782,155841.280604168
model_core_stage_6,782,155841.280604168
model_core_stage_7,782,143719.973123519
model_core,783,1195742.027181150
model_core_stage_0,783,136370.759836425
model_core_stage_1,783,136370.759836425
model_core_stage_2,783,155852.296955914
model_core_stage_3,783,155852.296955914
model_core_stage_4,783,155852.296955914
model_core_stage_5,783,155852.296955914
model_core_stage_6,783,155852.296955914
model_core_stage_7,783,143739.022728732
model_core,784,1195835.437121538
model_core_stage_0,784,136380.399139714
model_core_stage_1,784,136380.399139714
model_core_stage_2,784,155863.313302530
model_core_stage_3,784,155863.313302530
model_core_stage_4,784,155863.313302530
model_core_stage_5,784,155863.313302530
model_core_stage_6,784,155863.313302530
model_core_stage_7,784,143758.072329458
model_core,785,1195928.847023623
model_core_stage_0,785,136390.038438608
model_core_stage_1,785,136390.038438608
model_core_stage_2,785,155874.329644124
model_core_stage_3,785,155874.329644124
model_core_stage_4,785,155874.329644124
model_core_stage_5,785,155874.329644124
model_core_stage_6,785,155874.329644124
model_core_stage_7,785,143777.121925788
model_core,786,1196022.256888196
model_core_stage_0,786,136399.677733198
model_core_stage_1,786,136399.677733198
model_core_stage_2,786,155885.345980797
model_core_stage_3,786,155885.345980797
model_core_stage_4,786,155885.345980797
model_core_stage_5,786,155885.345980797
model_core_stage_6,786,155885.345980797
model_core_stage_7,786,143796.171517813
model_core,787,1196115.666716032
model_core_stage_0,787,136409.317023572
model_core_stage_1,787,136409.317023572
model_core_stage_2,787,155896.362312653
model_core_stage_3,787,155896.362312653
model_core_stage_4,787,155896.362312653
model_core_stage_5,787,155896.362312653
model_core_stage_6,787,155896.362312653
model_core_stage_7,787,143815.221105623
model_core,788,1196209.076507889
model_core_stage_0,788,136418.956309817
model_core_stage_1,788,136418.956309817
model_core_stage_2,788,155907.378639790
model_core_stage_3,788,155907.378639790
model_core_stage_4,788,155907.378639790
model_core_stage_5,788,155907.378639790
model_core_stage_6,788,155907.378639790
model_core_stage_7,788,143834.270689304
model_core,789,1196302.486264510
model_core_stage_0,789,136428.595592018
model_core_stage_1,789,136428.595592018
model_core_stage_2,789,155918.394962307
model_core_stage_3,789,155918.394962307
model_core_stage_4,789,155918.394962307
model_core_stage_5,789,155918.394962307
model_core_stage_6,789,155918.394962307
model_core_stage_7,789,143853.320268941
model_core,790,1196395.895986623
model_core_stage_0,790,136438.234870260
model_core_stage_1,790,136438.234870260
model_core_stage_2,790,155929.411280297
model_core_stage_3,790,155929.411280297
model_core_stage_4,790,155929.411280297
model_core_stage_5,790,155929.411280297
model_core_stage_6,790,155929.411280297
model_core_stage_7,790,143872.369844619
model_core,791,1196489.305674939
model_core_stage_0,791,136447.874144623
model_core_stage_1,791,136447.874144623
model_core_stage_2,791,155940.427593855
model_core_stage_3,791,155940.427593855
model_core_stage_4,791,155940.427593855
model_core_stage_5,791,155940.427593855
model_core_stage_6,791,155940.427593855
model_core_stage_7,791,143891.419416418
model_core,792,1196582.715330156
model_core_stage_0,792,136457.513415188
model_core_stage_1,792,136457.513415188
model_core_stage_2,792,155951.443903072
model_core_stage_3,792,155951.443903072
model_core_stage_4,792,155951.443903072
model_core_stage_5,792,155951.443903072
model_core_stage_6,792,155951.443903072
model_core_stage_7,792,143910.468984419
model_core,793,1196676.124952958
model_core_stage_0,793,136467.152682033
model_core_stage_1,793,136467.152682033
model_core_stage_2,793,155962.460208038
model_core_stage_3,793,155962.460208038
model_core_stage_4,793,155962.460208038
model_core_stage_5,793,155962.460208038
model_core_stage_6,793,155962.460208038
model_core_stage_7,793,143929.518548700
model_core,794,1196769.534544014
model_core_stage_0,794,136476.791945236
model_core_stage_1,794,136476.791945236
model_core_stage_2,794,155973.476508841
model_core_stage_3,794,155973.476508841
model_core_stage_4,794,155973.476508841
model_core_stage_5,794,155973.476508841
model_core_stage_6,794,155973.476508841
model_core_stage_7,794,143948.568109338
model_core,795,1196862.944103980
model_core_stage_0,795,136486.431204870
model_core_stage_1,795,136486.431204870
model_core_stage_2,795,155984.492805566
model_core_stage_3,795,155984.492805566
model_core_stage_4,795,155984.492805566
model_core_stage_5,795,155984.492805566
model_core_stage_6,795,155984.492805566
model_core_stage_7,795,143967.617666409
model_core,796,1196956.353633496
model_core_stage_0,796,136496.070461011
model_core_stage_1,796,136496.070461011
model_core_stage_2,796,155995.509098298
model_core_stage_3,796,155995.509098298
model_core_stage_4,796,155995.509098298
model_core_stage_5,796,155995.509098298
model_core_stage_6,796,155995.509098298
model_core_stage_7,796,143986.667219985
model_core,797,1197049.763133192
model_core_stage_0,797,136505.709713729
model_core_stage_1,797,136505.709713729
model_core_stage_2,797,156006.525387119
model_core_stage_3,797,156006.525387119
model_core_stage_4,797,156006.525387119
model_core_stage_5,797,156006.525387119
model_core_stage_6,797,156006.525387119
model_core_stage_7,797,144005.716770139
model_core,798,1197143.172603683
model_core_stage_0,798,136515.348963096
model_core_stage_1,798,136515.348963096
model_core_stage_2,798,156017.541672110
model_core_stage_3,798,156017.541672110
model_core_stage_4,798,156017.541672110
model_core_stage_5,798,156017.541672110
model_core_stage_6,798,156017.541672110
model_core_stage_7,798,144024.766316942
model_core,799,1197236.582045573
model_core_stage_0,799,136524.988209181
model_core_stage_1,799,136524.988209181
model_core_stage_2,799,156028.557953350
model_core_stage_3,799,156028.557953350
model_core_stage_4,799,156028.557953350
model_core_stage_5,799,156028.557953350
model_core_stage_6,799,156028.557953350
model_core_stage_7,799,144043.815860463
model_core,800,1197329.991459451
model_core_stage_0,800,136534.627452051
model_core_stage_1,800,136534.627452051
model_core_stage_2,800,156039.574230916
model_core_stage_3,800,156039.574230916
model_core_stage_4,800,156039.574230916
model_core_stage_5,800,156039.574230916
model_core_stage_6,800,156039.574230916
model_core_stage_7,800,144062.865400769
model_core,801,1197423.400845897
model_core_stage_0,801,136544.266691774
model_core_stage_1,801,136544.266691774
model_core_stage_2,801,156050.590504884
model_core_stage_3,801,156050.590504884
model_core_stage_4,801,156050.590504884
model_core_stage_5,801,156050.590504884
model_core_stage_6,801,156050.590504884
model_core_stage_7,801,144081.914937928
model_core,802,1197516.810205476
model_core_stage_0,802,136553.905928413
model_core_stage_1,802,136553.905928413
model_core_stage_2,802,156061.606775329
model_core_stage_3,802,156061.606775329
model_core_stage_4,802,156061.606775329
model_core_stage_5,802,156061.606775329
model_core_stage_6,802,156061.606775329
model_core_stage_7,802,144100.964472003
model_core,803,1197610.219538743
model_core_stage_0,803,136563.545162033
model_core_stage_1,803,136563.545162033
model_core_stage_2,803,156072.623042324
model_core_stage_3,803,156072.623042324
model_core_stage_4,803,156072.623042324
model_core_stage_5,803,156072.623042324
model_core_stage_6,803,156072.623042324
model_core_stage_7,803,144120.014003059
model_core,804,1197703.628846240
model_core_stage_0,804,136573.184392696
model_core_stage_1,804,136573.184392696
model_core_stage_2,804,156083.639305938
model_core_stage_3,804,156083.639305938
model_core_stage_4,804,156083.639305938
model_core_stage_5,804,156083.639305938
model_core_stage_6,804,156083.639305938
model_core_stage_7,804,144139.063531157
model_core,805,1197797.038128502
model_core_stage_0,805,136582.823620463
model_core_stage_1,805,136582.823620463
model_core_stage_2,805,156094.655566243
model_core_stage_3,805,156094.655566243
model_core_stage_4,805,156094.655566243
model_core_stage_5,805,156094.655566243
model_core_stage_6,805,156094.655566243
model_core_stage_7,805,144158.113056360
model_core,806,1197890.447386047
model_core_stage_0,806,136592.462845393
model_core_stage_1,806,136592.462845393
model_core_stage_2,806,156105.671823307
model_core_stage_3,806,156105.671823307
model_core_stage_4,806,156105.671823307
model_core_stage_5,806,156105.671823307
model_core_stage_6,806,156105.671823307
model_core_stage_7,806,144177.162578727
model_core,807,1197983.856619387
model_core_stage_0,807,136602.102067546
model_core_stage_1,807,136602.102067546
model_core_stage_2,807,156116.688077196
model_core_stage_3,807,156116.688077196
model_core_stage_4,807,156116.688077196
model_core_stage_5,807,156116.688077196
model_core_stage_6,807,156116.688077196
model_core_stage_7,807,144196.212098316
model_core,808,1198077.265829021
model_core_stage_0,808,136611.741286979
model_core_stage_1,808,136611.741286979
model_core_stage_2,808,156127.704327976
model_core_stage_3,808,156127.704327976
model_core_stage_4,808,156127.704327976
model_core_stage_5,808,156127.704327976
model_core_stage_6,808,156127.704327976
model_core_stage_7,808,144215.261615184
model_core,809,1198170.675015438
model_core_stage_0,809,136621.380503747
model_core_stage_1,809,136621.380503747
model_core_stage_2,809,156138.720575711
model_core_stage_3,809,156138.720575711
model_core_stage_4,809,156138.720575711
model_core_stage_5,809,156138.720575711
model_core_stage_6,809,156138.720575711
model_core_stage_7,809,144234.311129388
model_core,810,1198264.084179118
model_core_stage_0,810,136631.019717906
model_core_stage_1,810,136631.019717906
model_core_stage_2,810,156149.736820464
model_core_stage_3,810,156149.736820464
model_core_stage_4,810,156149.736820464
model_core_stage_5,810,156149.736820464
model_core_stage_6,810,156149.736820464
model_core_stage_7,810,144253.360640983
model_core,811,1198357.493320531
model_core_stage_0,811,136640.658929510
model_core_stage_1,811,136640.658929510
model_core_stage_2,811,156160.753062297
model_core_stage_3,811,156160.753062297
model_core_stage_4,811,156160.753062297
model_core_stage_5,811,156160.753062297
model_core_stage_6,811,156160.753062297
model_core_stage_7,811,144272.410150023
model_core,812,1198450.902440135
model_core_stage_0,812,136650.298138612
model_core_stage_1,812,136650.298138612
model_core_stage_2,812,156171.769301270
model_core_stage_3,812,156171.769301270
model_core_stage_4,812,156171.769301270
model_core_stage_5,812,156171.769301270
model_core_stage_6,812,156171.769301270
model_core_stage_7,812,144291.459656560
model_core,813,1198544.311538382
model_core_stage_0,813,136659.937345262
model_core_stage_1,813,136659.937345262
model_core_stage_2,813,156182.785537442
model_core_stage_3,813,156182.785537442
model_core_stage_4,813,156182.785537442
model_core_stage_5,813,156182.785537442
model_core_stage_6,813,156182.785537442
model_core_stage_7,813,144310.509160647
model_core,814,1198637.720615711
model_core_stage_0,814,136669.576549512
model_core_stage_1,814,136669.576549512
model_core_stage_2,814,156193.801770871
model_core_stage_3,814,156193.801770871
model_core_stage_4,814,156193.801770871
model_core_stage_5,814,156193.801770871
model_core_stage_6,814,156193.801770871
model_core_stage_7,814,144329.558662333
model_core,815,1198731.129672555
model_core_stage_0,815,136679.215751411
model_core_stage_1,815,136679.215751411
model_core_stage_2,815,156204.818001613
model_core_stage_3,815,156204.818001613
model_core_stage_4,815,156204.818001613
model_core_stage_5,815,156204.818001613
model_core_stage_6,815,156204.818001613
model_core_stage_7,815,144348.608161668
model_core,816,1198824.538709338
model_core_stage_0,816,136688.854951008
model_core_stage_1,816,136688.854951008
model_core_stage_2,816,156215.834229724
model_core_stage_3,816,156215.834229724
model_core_stage_4,816,156215.834229724
model_core_stage_5,816,156215.834229724
model_core_stage_6,816,156215.834229724
model_core_stage_7,816,144367.657658701
model_core,817,1198917.947726472
model_core_stage_0,817,136698.494148351
model_core_stage_1,817,136698.494148351
model_core_stage_2,817,156226.850455258
model_core_stage_3,817,156226.850455258
model_core_stage_4,817,156226.850455258
model_core_stage_5,817,156226.850455258
model_core_stage_6,817,156226.850455258
model_core_stage_7,817,144386.707153479
model_core,818,1199011.356724363
model_core_stage_0,818,136708.133343485
model_core_stage_1,818,136708.133343485
model_core_stage_2,818,156237.866678269
model_core_stage_3,818,156237.866678269
model_core_stage_4,818,156237.866678269
model_core_stage_5,818,156237.866678269
model_core_stage_6,818,156237.866678269
model_core_stage_7,818,144405.756646049
model_core,819,1199104.765703410
model_core_stage_0,819,136717.772536457
model_core_stage_1,819,136717.772536457
model_core_stage_2,819,156248.882898808
model_core_stage_3,819,156248.882898808
model_core_stage_4,819,156248.882898808
model_core_stage_5,819,156248.882898808
model_core_stage_6,819,156248.882898808
model_core_stage_7,819,144424.806136457
model_core,820,1199198.174664000
model_core_stage_0,820,136727.411727311
model_core_stage_1,820,136727.411727311
model_core_stage_2,820,156259.899116926
model_core_stage_3,820,156259.899116926
model_core_stage_4,820,156259.899116926
model_core_stage_5,820,156259.899116926
model_core_stage_6,820,156259.899116926
model_core_stage_7,820,144443.855624747
model_core,821,1199291.583606515
model_core_stage_0,821,136737.050916090
model_core_stage_1,821,136737.050916090
model_core_stage_2,821,156270.915332675
model_core_stage_3,821,156270.915332675
model_core_stage_4,821,156270.915332675
model_core_stage_5,821,156270.915332675
model_core_stage_6,821,156270.915332675
model_core_stage_7,821,144462.905110962
model_core,822,1199384.992531328
model_core_stage_0,822,136746.690102838
model_core_stage_1,822,136746.690102838
model_core_stage_2,822,156281.931546101
model_core_stage_3,822,156281.931546101
model_core_stage_4,822,156281.931546101
model_core_stage_5,822,156281.931546101
model_core_stage_6,822,156281.931546101
model_core_stage_7,822,144481.954595146
model_core,823,1199478.401438805
model_core_stage_0,823,136756.329287597
model_core_stage_1,823,136756.329287597
model_core_stage_2,823,156292.947757254
model_core_stage_3,823,156292.947757254
model_core_stage_4,823,156292.947757254
model_core_stage_5,823,156292.947757254
model_core_stage_6,823,156292.947757254
model_core_stage_7,823,144501.004077341
model_core,824,1199571.810329303
model_core_stage_0,824,136765.968470408
model_core_stage_1,824,136765.968470408
model_core_stage_2,824,156303.963966180
model_core_stage_3,824,156303.963966180
model_core_stage_4,824,156303.963966180
model_core_stage_5,824,156303.963966180
model_core_stage_6,824,156303.963966180
model_core_stage_7,824,144520.053557587
model_core,825,1199665.219203173
model_core_stage_0,825,136775.607651310
model_core_stage_1,825,136775.607651310
model_core_stage_2,825,156314.980172926
model_core_stage_3,825,156314.980172926
model_core_stage_4,825,156314.980172926
model_core_stage_5,825,156314.980172926
model_core_stage_6,825,156314.980172926
model_core_stage_7,825,144539.103035925
model_core,826,1199758.628060758
model_core_stage_0,826,136785.246830343
model_core_stage_1,826,136785.246830343
model_core_stage_2,826,156325.996377535
model_core_stage_3,826,156325.996377535
model_core_stage_4,826,156325.996377535
model_core_stage_5,826,156325.996377535
model_core_stage_6,826,156325.996377535
model_core_stage_7,826,144558.152512395
model_core,827,1199852.036902395
model_core_stage_0,827,136794.886007547
model_core_stage_1,827,136794.886007547
model_core_stage_2,827,156337.012580053
model_core_stage_3,827,156337.012580053
model_core_stage_4,827,156337.012580053
model_core_stage_5,827,156337.012580053
model_core_stage_6,827,156337.012580053
model_core_stage_7,827,144577.201987034
model_core,828,1199945.445728412
model_core_stage_0,828,136804.525182958
model_core_stage_1,828,136804.525182958
model_core_stage_2,828,156348.028780523
model_core_stage_3,828,156348.028780523
model_core_stage_4,828,156348.028780523
model_core_stage_5,828,156348.028780523
model_core_stage_6,828,156348.028780523
model_core_stage_7,828,144596.251459881
model_core,829,1200038.854539132
model_core_stage_0,829,136814.164356613
model_core_stage_1,829,136814.164356613
model_core_stage_2,829,156359.044978987
model_core_stage_3,829,156359.044978987
model_core_stage_4,829,156359.044978987
model_core_stage_5,829,156359.044978987
model_core_stage_6,829,156359.044978987
model_core_stage_7,829,144615.300930972
model_core,830,1200132.263334871
model_core_stage_0,830,136823.803528550
model_core_stage_1,830,136823.803528550
model_core_stage_2,830,156370.061175485
model_core_stage_3,830,156370.061175485
model_core_stage_4,830,156370.061175485
model_core_stage_5,830,156370.061175485
model_core_stage_6,830,156370.061175485
model_core_stage_7,830,144634.350400345
model_core,831,1200225.672115939
model_core_stage_0,831,136833.442698803
model_core_stage_1,831,136833.442698803
model_core_stage_2,831,156381.077370060
model_core_stage_3,831,156381.077370060
model_core_stage_4,831,156381.077370060
model_core_stage_5,831,156381.077370060
model_core_stage_6,831,156381.077370060
model_core_stage_7,831,144653.399868033
model_core,832,1200319.080882637
model_core_stage_0,832,136843.081867406
model_core_stage_1,832,136843.081867406
model_core_stage_2,832,156392.093562750
model_core_stage_3,832,156392.093562750
model_core_stage_4,832,156392.093562750
model_core_stage_5,832,156392.093562750
model_core_stage_6,832,156392.093562750
model_core_stage_7,832,144672.449334073
model_core,833,1200412.489635263
model_core_stage_0,833,136852.721034395
model_core_stage_1,833,136852.721034395
model_core_stage_2,833,156403.109753595
model_core_stage_3,833,156403.109753595
model_core_stage_4,833,156403.109753595
model_core_stage_5,833,156403.109753595
model_core_stage_6,833,156403.109753595
model_core_stage_7,833,144691.498798498
model_core,834,1200505.898374107
model_core_stage_0,834,136862.360199803
model_core_stage_1,834,136862.360199803
model_core_stage_2,834,156414.125942632
model_core_stage_3,834,156414.125942632
model_core_stage_4,834,156414.125942632
model_core_stage_5,834,156414.125942632
model_core_stage_6,834,156414.125942632
model_core_stage_7,834,144710.548261341
model_core,835,1200599.307099454
model_core_stage_0,835,136871.999363662
model_core_stage_1,835,136871.999363662
model_core_stage_2,835,156425.142129899
model_core_stage_3,835,156425.142129899
model_core_stage_4,835,156425.142129899
model_core_stage_5,835,156425.142129899
model_core_stage_6,835,156425.142129899
model_core_stage_7,835,144729.597722636
model_core,836,1200692.715811582
model_core_stage_0,836,136881.638526003
model_core_stage_1,836,136881.638526003
model_core_stage_2,836,156436.158315432
model_core_stage_3,836,156436.158315432
model_core_stage_4,836,156436.158315432
model_core_stage_5,836,156436.158315432
model_core_stage_6,836,156436.158315432
model_core_stage_7,836,144748.647182414
model_core,837,1200786.124510764
model_core_stage_0,837,136891.277686859
model_core_stage_1,837,136891.277686859
model_core_stage_2,837,156447.174499268
model_core_stage_3,837,156447.174499268
model_core_stage_4,837,156447.174499268
model_core_stage_5,837,156447.174499268
model_core_stage_6,837,156447.174499268
model_core_stage_7,837,144767.696640706
model_core,838,1200879.533197269
model_core_stage_0,838,136900.916846261
model_core_stage_1,838,136900.916846261
model_core_stage_2,838,156458.190681441
model_core_stage_3,838,156458.190681441
model_core_stage_4,838,156458.190681441
model_core_stage_5,838,156458.190681441
model_core_stage_6,838,156458.190681441
model_core_stage_7,838,144786.746097543
model_core,839,1200972.941871355
model_core_stage_0,839,136910.556004237
model_core_stage_1,839,136910.556004237
model_core_stage_2,839,156469.206861985
model_core_stage_3,839,156469.206861985
model_core_stage_4,839,156469.206861985
model_core_stage_5,839,156469.206861985
model_core_stage_6,839,156469.206861985
model_core_stage_7,839,144805.795552955
model_core,840,1201066.350533282
model_core_stage_0,840,136920.195160818
model_core_stage_1,840,136920.195160818
model_core_stage_2,840,156480.223040935
model_core_stage_3,840,156480.223040935
model_core_stage_4,840,156480.223040935
model_core_stage_5,840,156480.223040935
model_core_stage_6,840,156480.223040935
model_core_stage_7,840,144824.845006972
model_core,841,1201159.759183299
model_core_stage_0,841,136929.834316032
model_core_stage_1,841,136929.834316032
model_core_stage_2,841,156491.239218323
model_core_stage_3,841,156491.239218323
model_core_stage_4,841,156491.239218323
model_core_stage_5,841,156491.239218323
model_core_stage_6,841,156491.239218323
model_core_stage_7,841,144843.894459622
model_core,842,1201253.167821653
model_core_stage_0,842,136939.473469908
model_core_stage_1,842,136939.473469908
model_core_stage_2,842,156502.255394181
model_core_stage_3,842,156502.255394181
model_core_stage_4,842,156502.255394181
model_core_stage_5,842,156502.255394181
model_core_stage_6,842,156502.255394181
model_core_stage_7,842,144862.943910934
model_core,843,1201346.576448584
model_core_stage_0,843,136949.112622473
model_core_stage_1,843,136949.112622473
model_core_stage_2,843,156513.271568541
model_core_stage_3,843,156513.271568541
model_core_stage_4,843,156513.271568541
model_core_stage_5,843,156513.271568541
model_core_stage_6,843,156513.271568541
model_core_stage_7,843,144881.993360935
model_core,844,1201439.985064328
model_core_stage_0,844,136958.751773754
model_core_stage_1,844,136958.751773754
model_core_stage_2,844,156524.287741434
model_core_stage_3,844,156524.287741434
model_core_stage_4,844,156524.287741434
model_core_stage_5,844,156524.287741434
model_core_stage_6,844,156524.287741434
model_core_stage_7,844,144901.042809652
model_core,845,1201533.393669117
model_core_stage_0,845,136968.390923778
model_core_stage_1,845,136968.390923778
model_core_stage_2,845,156535.303912890
model_core_stage_3,845,156535.303912890
model_core_stage_4,845,156535.303912890
model_core_stage_5,845,156535.303912890
model_core_stage_6,845,156535.303912890
model_core_stage_7,845,144920.092257112
model_core,846,1201626.802263175
model_core_stage_0,846,136978.030072571
model_core_stage_1,846,136978.030072571
model_core_stage_2,846,156546.320082939
model_core_stage_3,846,156546.320082939
model_core_stage_4,846,156546.320082939
model_core_stage_5,846,156546.320082939
model_core_stage_6,846,156546.320082939
model_core_stage_7,846,144939.141703340
model_core,847,1201720.210846725
model_core_stage_0,847,136987.669220158
model_core_stage_1,847,136987.669220158
model_core_stage_2,847,156557.336251609
model_core_stage_3,847,156557.336251609
model_core_stage_4,847,156557.336251609
model_core_stage_5,847,156557.336251609
model_core_stage_6,847,156557.336251609
model_core_stage_7,847,144958.191148363
model_core,848,1201813.619419985
model_core_stage_0,848,136997.308366564
model_core_stage_1,848,136997.308366564
model_core_stage_2,848,156568.352418930
model_core_stage_3,848,156568.352418930
model_core_stage_4,848,156568.352418930
model_core_stage_5,848,156568.352418930
model_core_stage_6,848,156568.352418930
model_core_stage_7,848,144977.240592205
model_core,849,1201907.027983165
model_core_stage_0,849,137006.947511813
model_core_stage_1,849,137006.947511813
model_core_stage_2,849,156579.368584930
model_core_stage_3,849,156579.368584930
model_core_stage_4,849,156579.368584930
model_core_stage_5,849,156579.368584930
model_core_stage_6,849,156579.368584930
model_core_stage_7,849,144996.290034890
model_core,850,1202000.436536473
model_core_stage_0,850,137016.586655930
model_core_stage_1,850,137016.586655930
model_core_stage_2,850,156590.384749634
model_core_stage_3,850,156590.384749634
model_core_stage_4,850,156590.384749634
model_core_stage_5,850,156590.384749634
model_core_stage_6,850,156590.384749634
model_core_stage_7,850,145015.339476443
model_core,851,1202093.845080116
model_core_stage_0,851,137026.225798937
model_core_stage_1,851,137026.225798937
model_core_stage_2,851,156601.400913071
model_core_stage_3,851,156601.400913071
model_core_stage_4,851,156601.400913071
model_core_stage_5,851,156601.400913071
model_core_stage_6,851,156601.400913071
model_core_stage_7,851,145034.388916886
model_core,852,1202187.253614290
model_core_stage_0,852,137035.864940858
model_core_stage_1,852,137035.864940858
model_core_stage_2,852,156612.417075266
model_core_stage_3,852,156612.417075266
model_core_stage_4,852,156612.417075266
model_core_stage_5,852,156612.417075266
model_core_stage_6,852,156612.417075266
model_core_stage_7,852,145053.438356243
model_core,853,1202280.662139193
model_core_stage_0,853,137045.504081715
model_core_stage_1,853,137045.504081715
model_core_stage_2,853,156623.433236246
model_core_stage_3,853,156623.433236246
model_core_stage_4,853,156623.433236246
model_core_stage_5,853,156623.433236246
model_core_stage_6,853,156623.433236246
model_core_stage_7,853,145072.487794535
model_core,854,1202374.070655015
model_core_stage_0,854,137055.143221530
model_core_stage_1,854,137055.143221530
model_core_stage_2,854,156634.449396034
model_core_stage_3,854,156634.449396034
model_core_stage_4,854,156634.449396034
model_core_stage_5,854,156634.449396034
model_core_stage_6,854,156634.449396034
model_core_stage_7,854,145091.537231786
model_core,855,1202467.479161944
model_core_stage_0,855,137064.782360324
model_core_stage_1,855,137064.782360324
model_core_stage_2,855,156645.465554656
model_core_stage_3,855,156645.465554656
model_core_stage_4,855,156645.465554656
model_core_stage_5,855,156645.465554656
model_core_stage_6,855,156645.465554656
model_core_stage_7,855,145110.586668016
model_core,856,1202560.887660163
model_core_stage_0,856,137074.421498119
model_core_stage_1,856,137074.421498119
model_core_stage_2,856,156656.481712136
model_core_stage_3,856,156656.481712136
model_core_stage_4,856,156656.481712136
model_core_stage_5,856,156656.481712136
model_core_stage_6,856,156656.481712136
model_core_stage_7,856,145129.636103247
model_core,857,1202654.296149853
model_core_stage_0,857,137084.060634935
model_core_stage_1,857,137084.060634935
model_core_stage_2,857,156667.497868497
model_core_stage_3,857,156667.497868497
model_core_stage_4,857,156667.497868497
model_core_stage_5,857,156667.497868497
model_core_stage_6,857,156667.497868497
model_core_stage_7,857,145148.685537499
model_core,858,1202747.704631189
model_core_stage_0,858,137093.699770792
model_core_stage_1,858,137093.699770792
model_core_stage_2,858,156678.514023762
model_core_stage_3,858,156678.514023762
model_core_stage_4,858,156678.514023762
model_core_stage_5,858,156678.514023762
model_core_stage_6,858,156678.514023762
model_core_stage_7,858,145167.734970792
model_core,859,1202841.113104344
model_core_stage_0,859,137103.338905711
model_core_stage_1,859,137103.338905711
model_core_stage_2,859,156689.530177955
model_core_stage_3,859,156689.530177955
model_core_stage_4,859,156689.530177955
model_core_stage_5,859,156689.530177955
model_core_stage_6,859,156689.530177955
model_core_stage_7,859,145186.784403147
model_core,860,1202934.521569486
model_core_stage_0,860,137112.978039710
model_core_stage_1,860,137112.978039710
model_core_stage_2,860,156700.546331097
model_core_stage_3,860,156700.546331097
model_core_stage_4,860,156700.546331097
model_core_stage_5,860,156700.546331097
model_core_stage_6,860,156700.546331097
model_core_stage_7,860,145205.833834582
model_core,861,1203027.930026782
model_core_stage_0,861,137122.617172809
model_core_stage_1,861,137122.617172809
model_core_stage_2,861,156711.562483210
model_core_stage_3,861,156711.562483210
model_core_stage_4,861,156711.562483210
model_core_stage_5,861,156711.562483210
model_core_stage_6,861,156711.562483210
model_core_stage_7,861,145224.883265116
model_core,862,1203121.338476393
model_core_stage_0,862,137132.256305025
model_core_stage_1,862,137132.256305025
model_core_stage_2,862,156722.578634315
model_core_stage_3,862,156722.578634315
model_core_stage_4,862,156722.578634315
model_core_stage_5,862,156722.578634315
model_core_stage_6,862,156722.578634315
model_core_stage_7,862,145243.932694769
model_core,863,1203214.746918477
model_core_stage_0,863,137141.895436378
model_core_stage_1,863,137141.895436378
model_core_stage_2,863,156733.594784432
model_core_stage_3,863,156733.594784432
model_core_stage_4,863,156733.594784432
model_core_stage_5,863,156733.594784432
model_core_stage_6,863,156733.594784432
model_core_stage_7,863,145262.982123558
model_core,864,1203308.155353191
model_core_stage_0,864,137151.534566886
model_core_stage_1,864,137151.534566886
model_core_stage_2,864,156744.610933584
model_core_stage_3,864,156744.610933584
model_core_stage_4,864,156744.610933584
model_core_stage_5,864,156744.610933584
model_core_stage_6,864,156744.610933584
model_core_stage_7,864,145282.031551501
model_core,865,1203401.563780686
model_core_stage_0,865,137161.173696565
model_core_stage_1,865,137161.173696565
model_core_stage_2,865,156755.627081788
model_core_stage_3,865,156755.627081788
model_core_stage_4,865,156755.627081788
model_core_stage_5,865,156755.627081788
model_core_stage_6,865,156755.627081788
model_core_stage_7,865,145301.080978616
model_core,866,1203494.972201111
model_core_stage_0,866,137170.812825432
model_core_stage_1,866,137170.812825432
model_core_stage_2,866,156766.643229065
model_core_stage_3,866,156766.643229065
model_core_stage_4,866,156766.643229065
model_core_stage_5,866,156766.643229065
model_core_stage_6,866,156766.643229065
model_core_stage_7,866,145320.130404919
model_core,867,1203588.380614613
model_core_stage_0,867,137180.451953505
model_core_stage_1,867,137180.451953505
model_core_stage_2,867,156777.659375435
model_core_stage_3,867,156777.659375435
model_core_stage_4,867,156777.659375435
model_core_stage_5,867,156777.659375435
model_core_stage_6,867,156777.659375435
model_core_stage_7,867,145339.179830428
model_core,868,1203681.789021333
model_core_stage_0,868,137190.091080800
model_core_stage_1,868,137190.091080800
model_core_stage_2,868,156788.675520915
model_core_stage_3,868,156788.675520915
model_core_stage_4,868,156788.675520915
model_core_stage_5,868,156788.675520915
model_core_stage_6,868,156788.675520915
model_core_stage_7,868,145358.229255159
model_core,869,1203775.197421414
model_core_stage_0,869,137199.730207333
model_core_stage_1,869,137199.730207333
model_core_stage_2,869,156799.691665524
model_core_stage_3,869,156799.691665524
model_core_stage_4,869,156799.691665524
model_core_stage_5,869,156799.691665524
model_core_stage_6,869,156799.691665524
model_core_stage_7,869,145377.278679128
model_core,870,1203868.605814990
model_core_stage_0,870,137209.369333120
model_core_stage_1,870,137209.369333120
model_core_stage_2,870,156810.707809280
model_core_stage_3,870,156810.707809280
model_core_stage_4,870,156810.707809280
model_core_stage_5,870,156810.707809280
model_core_stage_6,870,156810.707809280
model_core_stage_7,870,145396.328102351
model_core,871,1203962.014202197
model_core_stage_0,871,137219.008458176
model_core_stage_1,871,137219.008458176
model_core_stage_2,871,156821.723952201
model_core_stage_3,871,156821.723952201
model_core_stage_4,871,156821.723952201
model_core_stage_5,871,156821.723952201
model_core_stage_6,871,156821.723952201
model_core_stage_7,871,145415.377524842
model_core,872,1204055.422583166
model_core_stage_0,872,137228.647582515
model_core_stage_1,872,137228.647582515
model_core_stage_2,872,156832.740094303
model_core_stage_3,872,156832.740094303
model_core_stage_4,872,156832.740094303
model_core_stage_5,872,156832.740094303
model_core_stage_6,872,156832.740094303
model_core_stage_7,872,145434.426946618
model_core,873,1204148.830958026
model_core_stage_0,873,137238.286706154
model_core_stage_1,873,137238.286706154
model_core_stage_2,873,156843.756235605
model_core_stage_3,873,156843.756235605
model_core_stage_4,873,156843.756235605
model_core_stage_5,873,156843.756235605
model_core_stage_6,873,156843.756235605
model_core_stage_7,873,145453.476367693
model_core,874,1204242.239326902
model_core_stage_0,874,137247.925829107
model_core_stage_1,874,137247.925829107
model_core_stage_2,874,156854.772376122
model_core_stage_3,874,156854.772376122
model_core_stage_4,874,156854.772376122
model_core_stage_5,874,156854.772376122
model_core_stage_6,874,156854.772376122
model_core_stage_7,874,145472.525788081
model_core,875,1204335.647689919
model_core_stage_0,875,137257.564951386
model_core_stage_1,875,137257.564951386
model_core_stage_2,875,156865.788515870
model_core_stage_3,875,156865.788515870
model_core_stage_4,875,156865.788515870
model_core_stage_5,875,156865.788515870
model_core_stage_6,875,156865.788515870
model_core_stage_7,875,145491.575207797
model_core,876,1204429.056047198
model_core_stage_0,876,137267.204073008
model_core_stage_1,876,137267.204073008
model_core_stage_2,876,156876.804654866
model_core_stage_3,876,156876.804654866
model_core_stage_4,876,156876.804654866
model_core_stage_5,876,156876.804654866
model_core_stage_6,876,156876.804654866
model_core_stage_7,876,145510.624626854
model_core,877,1204522.464398857
model_core_stage_0,877,137276.843193984
model_core_stage_1,877,137276.843193984
model_core_stage_2,877,156887.820793125
model_core_stage_3,877,156887.820793125
model_core_stage_4,877,156887.820793125
model_core_stage_5,877,156887.820793125
model_core_stage_6,877,156887.820793125
model_core_stage_7,877,145529.674045266
model_core,878,1204615.872745011
model_core_stage_0,878,137286.482314329
model_core_stage_1,878,137286.482314329
model_core_stage_2,878,156898.836930661
model_core_stage_3,878,156898.836930661
model_core_stage_4,878,156898.836930661
model_core_stage_5,878,156898.836930661
model_core_stage_6,878,156898.836930661
model_core_stage_7,878,145548.723463047
model_core,879,1204709.281085775
model_core_stage_0,879,137296.121434055
model_core_stage_1,879,137296.121434055
model_core_stage_2,879,156909.853067491
model_core_stage_3,879,156909.853067491
model_core_stage_4,879,156909.853067491
model_core_stage_5,879,156909.853067491
model_core_stage_6,879,156909.853067491
model_core_stage_7,879,145567.772880209
model_core,880,1204802.689421260
model_core_stage_0,880,137305.760553175
model_core_stage_1,880,137305.760553175
model_core_stage_2,880,156920.869203629
model_core_stage_3,880,156920.869203629
model_core_stage_4,880,156920.869203629
model_core_stage_5,880,156920.869203629
model_core_stage_6,880,156920.869203629
model_core_stage_7,880,145586.822296765
model_core,881,1204896.097751575
model_core_stage_0,881,137315.399671702
model_core_stage_1,881,137315.399671702
model_core_stage_2,881,156931.885339088
model_core_stage_3,881,156931.885339088
model_core_stage_4,881,156931.885339088
model_core_stage_5,881,156931.885339088
model_core_stage_6,881,156931.885339088
model_core_stage_7,881,145605.871712728
model_core,882,1204989.506076826
model_core_stage_0,882,137325.038789648
model_core_stage_1,882,137325.038789648
model_core_stage_2,882,156942.901473884
model_core_stage_3,882,156942.901473884
model_core_stage_4,882,156942.901473884
model_core_stage_5,882,156942.901473884
model_core_stage_6,882,156942.901473884
model_core_stage_7,882,145624.921128110
model_core,883,1205082.914397119
model_core_stage_0,883,137334.677907025
model_core_stage_1,883,137334.677907025
model_core_stage_2,883,156953.917608029
model_core_stage_3,883,156953.917608029
model_core_stage_4,883,156953.917608029
model_core_stage_5,883,156953.917608029
model_core_stage_6,883,156953.917608029
model_core_stage_7,883,145643.970542923
model_core,884,1205176.322712554
model_core_stage_0,884,137344.317023845
model_core_stage_1,884,137344.317023845
model_core_stage_2,884,156964.933741537
model_core_stage_3,884,156964.933741537
model_core_stage_4,884,156964.933741537
model_core_stage_5,884,156964.933741537
model_core_stage_6,884,156964.933741537
model_core_stage_7,884,145663.019957178
model_core,885,1205269.731023234
model_core_stage_0,885,137353.956140119
model_core_stage_1,885,137353.956140119
model_core_stage_2,885,156975.949874422
model_core_stage_3,885,156975.949874422
model_core_stage_4,885,156975.949874422
model_core_stage_5,885,156975.949874422
model_core_stage_6,885,156975.949874422
model_core_stage_7,885,145682.069370888
model_core,886,1205363.139329255
model_core_stage_0,886,137363.595255858
model_core_stage_1,886,137363.595255858
model_core_stage_2,886,156986.966006695
model_core_stage_3,886,156986.966006695
model_core_stage_4,886,156986.966006695
model_core_stage_5,886,156986.966006695
model_core_stage_6,886,156986.966006695
model_core_stage_7,886,145701.118784063
model_core,887,1205456.547630715
model_core_stage_0,887,137373.234371074
model_core_stage_1,887,137373.234371074
model_core_stage_2,887,156997.982138370
model_core_stage_3,887,156997.982138370
model_core_stage_4,887,156997.982138370
model_core_stage_5,887,156997.982138370
model_core_stage_6,887,156997.982138370
model_core_stage_7,887,145720.168196715
model_core,888,1205549.955927707
model_core_stage_0,888,137382.873485777
model_core_stage_1,888,137382.873485777
model_core_stage_2,888,157008.998269460
model_core_stage_3,888,157008.998269460
model_core_stage_4,888,157008.998269460
model_core_stage_5,888,157008.998269460
model_core_stage_6,888,157008.998269460
model_core_stage_7,888,145739.217608854
model_core,889,1205643.364220323
model_core_stage_0,889,137392.512599978
model_core_stage_1,889,137392.512599978
model_core_stage_2,889,157020.014399975
model_core_stage_3,889,157020.014399975
model_core_stage_4,889,157020.014399975
model_core_stage_5,889,157020.014399975
model_core_stage_6,889,157020.014399975
model_core_stage_7,889,145758.267020491
model_core,890,1205736.772508654
model_core_stage_0,890,137402.151713687
model_core_stage_1,890,137402.151713687
model_core_stage_2,890,157031.030529929
model_core_stage_3,890,157031.030529929
model_core_stage_4,890,157031.030529929
model_core_stage_5,890,157031.030529929
model_core_stage_6,890,157031.030529929
model_core_stage_7,890,145777.316431636
model_core,891,1205830.180792789
model_core_stage_0,891,137411.790826915
model_core_stage_1,891,137411.790826915
model_core_stage_2,891,157042.046659332
model_core_stage_3,891,157042.046659332
model_core_stage_4,891,157042.046659332
model_core_stage_5,891,157042.046659332
model_core_stage_6,891,157042.046659332
model_core_stage_7,891,145796.365842300
model_core,892,1205923.589072814
model_core_stage_0,892,137421.429939671
model_core_stage_1,892,137421.429939671
model_core_stage_2,892,157053.062788196
model_core_stage_3,892,157053.062788196
model_core_stage_4,892,157053.062788196
model_core_stage_5,892,157053.062788196
model_core_stage_6,892,157053.062788196
model_core_stage_7,892,145815.415252492
model_core,893,1206016.997348812
model_core_stage_0,893,137431.069051965
model_core_stage_1,893,137431.069051965
model_core_stage_2,893,157064.078916532
model_core_stage_3,893,157064.078916532
model_core_stage_4,893,157064.078916532
model_core_stage_5,893,157064.078916532
model_core_stage_6,893,157064.078916532
model_core_stage_7,893,145834.464662222
model_core,894,1206110.405620869
model_core_stage_0,894,137440.708163807
model_core_stage_1,894,137440.708163807
model_core_stage_2,894,157075.095044351
model_core_stage_3,894,157075.095044351
model_core_stage_4,894,157075.095044351
model_core_stage_5,894,157075.095044351
model_core_stage_6,894,157075.095044351
model_core_stage_7,894,145853.514071499
model_core,895,1206203.813889066
model_core_stage_0,895,137450.347275206
model_core_stage_1,895,137450.347275206
model_core_stage_2,895,157086.111171664
model_core_stage_3,895,157086.111171664
model_core_stage_4,895,157086.111171664
model_core_stage_5,895,157086.111171664
model_core_stage_6,895,157086.111171664
model_core_stage_7,895,145872.563480334
model_core,896,1206297.222153481
model_core_stage_0,896,137459.986386171
model_core_stage_1,896,137459.986386171
model_core_stage_2,896,157097.127298481
model_core_stage_3,896,157097.127298481
model_core_stage_4,896,157097.127298481
model_core_stage_5,896,157097.127298481
model_core_stage_6,896,157097.127298481
model_core_stage_7,896,145891.612888735
model_core,897,1206390.630414193
model_core_stage_0,897,137469.625496711
model_core_stage_1,897,137469.625496711
model_core_stage_2,897,157108.143424812
model_core_stage_3,897,157108.143424812
model_core_stage_4,897,157108.143424812
model_core_stage_5,897,157108.143424812
model_core_stage_6,897,157108.143424812
model_core_stage_7,897,145910.662296711
model_core,898,1206484.038671279
model_core_stage_0,898,137479.264606834
model_core_stage_1,898,137479.264606834
model_core_stage_2,898,157119.159550668
model_core_stage_3,898,157119.159550668
model_core_stage_4,898,157119.159550668
model_core_stage_5,898,157119.159550668
model_core_stage_6,898,157119.159550668
model_core_stage_7,898,145929.711704270
model_core,899,1206577.446924813
model_core_stage_0,899,137488.903716551
model_core_stage_1,899,137488.903716551
model_core_stage_2,899,157130.175676058
model_core_stage_3,899,157130.175676058
model_core_stage_4,899,157130.175676058
model_core_stage_5,899,157130.175676058
model_core_stage_6,899,157130.175676058
model_core_stage_7,899,145948.761111422
model_core,900,1206670.855174869
model_core_stage_0,900,137498.542825868
model_core_stage_1,900,137498.542825868
model_core_stage_2,900,157141.191800992
model_core_stage_3,900,157141.191800992
model_core_stage_4,900,157141.191800992
model_core_stage_5,900,157141.191800992
model_core_stage_6,900,157141.191800992
model_core_stage_7,900,145967.810518175
model_core,901,1206764.263421518
model_core_stage_0,901,137508.181934794
model_core_stage_1,901,137508.181934794
model_core_stage_2,901,157152.207925479
model_core_stage_3,901,157152.207925479
model_core_stage_4,901,157152.207925479
model_core_stage_5,901,157152.207925479
model_core_stage_6,901,157152.207925479
model_core_stage_7,901,145986.859924537
model_core,902,1206857.671664831
model_core_stage_0,902,137517.821043337
model_core_stage_1,902,137517.821043337
model_core_stage_2,902,157163.224049528
model_core_stage_3,902,157163.224049528
model_core_stage_4,902,157163.224049528
model_core_stage_5,902,157163.224049528
model_core_stage_6,902,157163.224049528
model_core_stage_7,902,146005.909330517
model_core,903,1206951.079904877
model_core_stage_0,903,137527.460151505
model_core_stage_1,903,137527.460151505
model_core_stage_2,903,157174.240173149
model_core_stage_3,903,157174.240173149
model_core_stage_4,903,157174.240173149
model_core_stage_5,903,157174.240173149
model_core_stage_6,903,157174.240173149
model_core_stage_7,903,146024.958736121
model_core,904,1207044.488141723
model_core_stage_0,904,137537.099259307
model_core_stage_1,904,137537.099259307
model_core_stage_2,904,157185.256296350
model_core_stage_3,904,157185.256296350
model_core_stage_4,904,157185.256296350
model_core_stage_5,904,157185.256296350
model_core_stage_6,904,157185.256296350
model_core_stage_7,904,146044.008141358
model_core,905,1207137.896375434
model_core_stage_0,905,137546.738366748
model_core_stage_1,905,137546.738366748
model_core_stage_2,905,157196.272419141
model_core_stage_3,905,157196.272419141
model_core_stage_4,905,157196.272419141
model_core_stage_5,905,157196.272419141
model_core_stage_6,905,157196.272419141
model_core_stage_7,905,146063.057546235
model_core,906,1207231.304606077
model_core_stage_0,906,137556.377473837
model_core_stage_1,906,137556.377473837
model_core_stage_2,906,157207.288541528
model_core_stage_3,906,157207.288541528
model_core_stage_4,906,157207.288541528
model_core_stage_5,906,157207.288541528
model_core_stage_6,906,157207.288541528
model_core_stage_7,906,146082.106950760
model_core,907,1207324.712833714
model_core_stage_0,907,137566.016580582
model_core_stage_1,907,137566.016580582
model_core_stage_2,907,157218.304663522
model_core_stage_3,907,157218.304663522
model_core_stage_4,907,157218.304663522
model_core_stage_5,907,157218.304663522
model_core_stage_6,907,157218.304663522
model_core_stage_7,907,146101.156354941
model_core,908,1207418.121058407
model_core_stage_0,908,137575.655686988
model_core_stage_1,908,137575.655686988
model_core_stage_2,908,157229.320785130
model_core_stage_3,908,157229.320785130
model_core_stage_4,908,157229.320785130
model_core_stage_5,908,157229.320785130
model_core_stage_6,908,157229.320785130
model_core_stage_7,908,146120.205758783
model_core,909,1207511.529280218
model_core_stage_0,909,137585.294793064
model_core_stage_1,909,137585.294793064
model_core_stage_2,909,157240.336906359
model_core_stage_3,909,157240.336906359
model_core_stage_4,909,157240.336906359
model_core_stage_5,909,157240.336906359
model_core_stage_6,909,157240.336906359
model_core_stage_7,909,146139.255162295
model_core,910,1207604.937499205
model_core_stage_0,910,137594.933898816
model_core_stage_1,910,137594.933898816
model_core_stage_2,910,157251.353027218
model_core_stage_3,910,157251.353027218
model_core_stage_4,910,157251.353027218
model_core_stage_5,910,157251.353027218
model_core_stage_6,910,157251.353027218
model_core_stage_7,910,146158.304565483
model_core,911,1207698.345715427
model_core_stage_0,911,137604.573004250
model_core_stage_1,911,137604.573004250
model_core_stage_2,911,157262.369147715
model_core_stage_3,911,157262.369147715
model_core_stage_4,911,157262.369147715
model_core_stage_5,911,157262.369147715
model_core_stage_6,911,157262.369147715
model_core_stage_7,911,146177.353968353
model_core,912,1207791.753928941
model_core_stage_0,912,137614.212109374
model_core_stage_1,912,137614.212109374
model_core_stage_2,912,157273.385267856
model_core_stage_3,912,157273.385267856
model_core_stage_4,912,157273.385267856
model_core_stage_5,912,157273.385267856
model_core_stage_6,912,157273.385267856
model_core_stage_7,912,146196.403370912
model_core,913,1207885.162139802
model_core_stage_0,913,137623.851214193
model_core_stage_1,913,137623.851214193
model_core_stage_2,913,157284.401387650
model_core_stage_3,913,157284.401387650
model_core_stage_4,913,157284.401387650
model_core_stage_5,913,157284.401387650
model_core_stage_6,913,157284.401387650
model_core_stage_7,913,146215.452773168
model_core,914,1207978.570348066
model_core_stage_0,914,137633.490318715
model_core_stage_1,914,137633.490318715
model_core_stage_2,914,157295.417507102
model_core_stage_3,914,157295.417507102
model_core_stage_4,914,157295.417507102
model_core_stage_5,914,157295.417507102
model_core_stage_6,914,157295.417507102
model_core_stage_7,914,146234.502175125
model_core,915,1208071.978553787
model_core_stage_0,915,137643.129422944
model_core_stage_1,915,137643.129422944
model_core_stage_2,915,157306.433626222
model_core_stage_3,915,157306.433626222
model_core_stage_4,915,157306.433626222
model_core_stage_5,915,157306.433626222
model_core_stage_6,915,157306.433626222
model_core_stage_7,915,146253.551576790
model_core,916,1208165.386757016
model_core_stage_0,916,137652.768526888
model_core_stage_1,916,137652.768526888
model_core_stage_2,916,157317.449745014
model_core_stage_3,916,157317.449745014
model_core_stage_4,916,157317.449745014
model_core_stage_5,916,157317.449745014
model_core_stage_6,916,157317.449745014
model_core_stage_7,916,146272.600978170
model_core,917,1208258.794957806
model_core_stage_0,917,137662.407630551
model_core_stage_1,917,137662.407630551
model_core_stage_2,917,157328.465863487
model_core_stage_3,917,157328.465863487
model_core_stage_4,917,157328.465863487
model_core_stage_5,917,157328.465863487
model_core_stage_6,917,157328.465863487
model_core_stage_7,917,146291.650379269
model_core,918,1208352.203156206
model_core_stage_0,918,137672.046733940
model_core_stage_1,918,137672.046733940
model_core_stage_2,918,157339.481981646
model_core_stage_3,918,157339.481981646
model_core_stage_4,918,157339.481981646
model_core_stage_5,918,157339.481981646
model_core_stage_6,918,157339.481981646
model_core_stage_7,918,146310.699780094
model_core,919,1208445.611352265
model_core_stage_0,919,137681.685837061
model_core_stage_1,919,137681.685837061
model_core_stage_2,919,157350.498099498
model_core_stage_3,919,157350.498099498
model_core_stage_4,919,157350.498099498
model_core_stage_5,919,157350.498099498
model_core_stage_6,919,157350.498099498
model_core_stage_7,919,146329.749180651
model_core,920,1208539.019546033
model_core_stage_0,920,137691.324939919
model_core_stage_1,920,137691.324939919
model_core_stage_2,920,157361.514217050
model_core_stage_3,920,157361.514217050
model_core_stage_4,920,157361.514217050
model_core_stage_5,920,157361.514217050
model_core_stage_6,920,157361.514217050
model_core_stage_7,920,146348.798580945
model_core,921,1208632.427737557
model_core_stage_0,921,137700.964042519
model_core_stage_1,921,137700.964042519
model_core_stage_2,921,157372.530334308
model_core_stage_3,921,157372.530334308
model_core_stage_4,921,157372.530334308
model_core_stage_5,921,157372.530334308
model_core_stage_6,921,157372.530334308
model_core_stage_7,921,146367.847980981
model_core,922,1208725.835926882
model_core_stage_0,922,137710.603144867
model_core_stage_1,922,137710.603144867
model_core_stage_2,922,157383.546451277
model_core_stage_3,922,157383.546451277
model_core_stage_4,922,157383.546451277
model_core_stage_5,922,157383.546451277
model_core_stage_6,922,157383.546451277
model_core_stage_7,922,146386.897380765
model_core,923,1208819.244114055
model_core_stage_0,923,137720.242246968
model_core_stage_1,923,137720.242246968
model_core_stage_2,923,157394.562567963
model_core_stage_3,923,157394.562567963
model_core_stage_4,923,157394.562567963
model_core_stage_5,923,157394.562567963
model_core_stage_6,923,157394.562567963
model_core_stage_7,923,146405.946780301
model_core,924,1208912.652299118
model_core_stage_0,924,137729.881348827
model_core_stage_1,924,137729.881348827
model_core_stage_2,924,157405.578684374
model_core_stage_3,924,157405.578684374
model_core_stage_4,924,157405.578684374
model_core_stage_5,924,157405.578684374
model_core_stage_6,924,157405.578684374
model_core_stage_7,924,146424.996179596
model_core,925,1209006.060482118
model_core_stage_0,925,137739.520450449
model_core_stage_1,925,137739.520450449
model_core_stage_2,925,157416.594800513
model_core_stage_3,925,157416.594800513
model_core_stage_4,925,157416.594800513
model_core_stage_5,925,157416.594800513
model_core_stage_6,925,157416.594800513
model_core_stage_7,925,146444.045578654
model_core,926,1209099.468663095
model_core_stage_0,926,137749.159551839
model_core_stage_1,926,137749.159551839
model_core_stage_2,926,157427.610916387
model_core_stage_3,926,157427.610916387
model_core_stage_4,926,157427.610916387
model_core_stage_5,926,157427.610916387
model_core_stage_6,926,157427.610916387
model_core_stage_7,926,146463.094977480
model_core,927,1209192.876842092
model_core_stage_0,927,137758.798653002
model_core_stage_1,927,137758.798653002
model_core_stage_2,927,157438.627032002
model_core_stage_3,927,157438.627032002
model_core_stage_4,927,157438.627032002
model_core_stage_5,927,157438.627032002
model_core_stage_6,927,157438.627032002
model_core_stage_7,927,146482.144376079
model_core,928,1209286.285019149
model_core_stage_0,928,137768.437753942
model_core_stage_1,928,137768.437753942
model_core_stage_2,928,157449.643147362
model_core_stage_3,928,157449.643147362
model_core_stage_4,928,157449.643147362
model_core_stage_5,928,157449.643147362
model_core_stage_6,928,157449.643147362
model_core_stage_7,928,146501.193774455
model_core,929,1209379.693194307
model_core_stage_0,929,137778.076854664
model_core_stage_1,929,137778.076854664
model_core_stage_2,929,157460.659262473
model_core_stage_3,929,157460.659262473
model_core_stage_4,929,157460.659262473
model_core_stage_5,929,157460.659262473
model_core_stage_6,929,157460.659262473
model_core_stage_7,929,146520.243172613
model_core,930,1209473.101367604
model_core_stage_0,930,137787.715955173
model_core_stage_1,930,137787.715955173
model_core_stage_2,930,157471.675377340
model_core_stage_3,930,157471.675377340
model_core_stage_4,930,157471.675377340
model_core_stage_5,930,157471.675377340
model_core_stage_6,930,157471.675377340
model_core_stage_7,930,146539.292570557
model_core,931,1209566.509539079
model_core_stage_0,931,137797.355055472
model_core_stage_1,931,137797.355055472
model_core_stage_2,931,157482.691491968
model_core_stage_3,931,157482.691491968
model_core_stage_4,931,157482.691491968
model_core_stage_5,931,157482.691491968
model_core_stage_6,931,157482.691491968
model_core_stage_7,931,146558.341968293
model_core,932,1209659.917708770
model_core_stage_0,932,137806.994155567
model_core_stage_1,932,137806.994155567
model_core_stage_2,932,157493.707606362
model_core_stage_3,932,157493.707606362
model_core_stage_4,932,157493.707606362
model_core_stage_5,932,157493.707606362
model_core_stage_6,932,157493.707606362
model_core_stage_7,932,146577.391365824
model_core,933,1209753.325876714
model_core_stage_0,933,137816.633255462
model_core_stage_1,933,137816.633255462
model_core_stage_2,933,157504.723720527
model_core_stage_3,933,157504.723720527
model_core_stage_4,933,157504.723720527
model_core_stage_5,933,157504.723720527
model_core_stage_6,933,157504.723720527
model_core_stage_7,933,146596.440763154
model_core,934,1209846.734042946
model_core_stage_0,934,137826.272355159
model_core_stage_1,934,137826.272355159
model_core_stage_2,934,157515.739834468
model_core_stage_3,934,157515.739834468
model_core_stage_4,934,157515.739834468
model_core_stage_5,934,157515.739834468
model_core_stage_6,934,157515.739834468
model_core_stage_7,934,146615.490160288
model_core,935,1209940.142207502
model_core_stage_0,935,137835.911454665
model_core_stage_1,935,137835.911454665
model_core_stage_2,935,157526.755948189
model_core_stage_3,935,157526.755948189
model_core_stage_4,935,157526.755948189
model_core_stage_5,935,157526.755948189
model_core_stage_6,935,157526.755948189
model_core_stage_7,935,146634.539557229
model_core,936,1210033.550370417
model_core_stage_0,936,137845.550553982
model_core_stage_1,936,137845.550553982
model_core_stage_2,936,157537.772061694
model_core_stage_3,936,157537.772061694
model_core_stage_4,936,157537.772061694
model_core_stage_5,936,157537.772061694
model_core_stage_6,936,157537.772061694
model_core_stage_7,936,146653.588953982
model_core,937,1210126.958531725
model_core_stage_0,937,137855.189653115
model_core_stage_1,937,137855.189653115
model_core_stage_2,937,157548.788174989
model_core_stage_3,937,157548.788174989
model_core_stage_4,937,157548.788174989
model_core_stage_5,937,157548.788174989
model_core_stage_6,937,157548.788174989
model_core_stage_7,937,146672.638350551
model_core,938,1210220.366691457
model_core_stage_0,938,137864.828752067
model_core_stage_1,938,137864.828752067
model_core_stage_2,938,157559.804288077
model_core_stage_3,938,157559.804288077
model_core_stage_4,938,157559.804288077
model_core_stage_5,938,157559.804288077
model_core_stage_6,938,157559.804288077
model_core_stage_7,938,146691.687746939
model_core,939,1210313.774849648
model_core_stage_0,939,137874.467850842
model_core_stage_1,939,137874.467850842
model_core_stage_2,939,157570.820400963
model_core_stage_3,939,157570.820400963
model_core_stage_4,939,157570.820400963
model_core_stage_5,939,157570.820400963
model_core_stage_6,939,157570.820400963
model_core_stage_7,939,146710.737143150
model_core,940,1210407.183006329
model_core_stage_0,940,137884.106949444
model_core_stage_1,940,137884.106949444
model_core_stage_2,940,157581.836513651
model_core_stage_3,940,157581.836513651
model_core_stage_4,940,157581.836513651
model_core_stage_5,940,157581.836513651
model_core_stage_6,940,157581.836513651
model_core_stage_7,940,146729.786539188
model_core,941,1210500.591161532
model_core_stage_0,941,137893.746047877
model_core_stage_1,941,137893.746047877
model_core_stage_2,941,157592.852626145
model_core_stage_3,941,157592.852626145
model_core_stage_4,941,157592.852626145
model_core_stage_5,941,157592.852626145
model_core_stage_6,941,157592.852626145
model_core_stage_7,941,146748.835935056
model_core,942,1210593.999315285
model_core_stage_0,942,137903.385146142
model_core_stage_1,942,137903.385146142
model_core_stage_2,942,157603.868738449
model_core_stage_3,942,157603.868738449
model_core_stage_4,942,157603.868738449
model_core_stage_5,942,157603.868738449
model_core_stage_6,942,157603.868738449
model_core_stage_7,942,146767.885330758
model_core,943,1210687.407467620
model_core_stage_0,943,137913.024244246
model_core_stage_1,943,137913.024244246
model_core_stage_2,943,157614.884850566
model_core_stage_3,943,157614.884850566
model_core_stage_4,943,157614.884850566
model_core_stage_5,943,157614.884850566
model_core_stage_6,943,157614.884850566
model_core_stage_7,943,146786.934726297
model_core,944,1210780.815618566
model_core_stage_0,944,137922.663342189
model_core_stage_1,944,137922.663342189
model_core_stage_2,944,157625.900962502
model_core_stage_3,944,157625.900962502
model_core_stage_4,944,157625.900962502
model_core_stage_5,944,157625.900962502
model_core_stage_6,944,157625.900962502
model_core_stage_7,944,146805.984121677
model_core,945,1210874.223768153
model_core_stage_0,945,137932.302439977
model_core_stage_1,945,137932.302439977
model_core_stage_2,945,157636.917074260
model_core_stage_3,945,157636.917074260
model_core_stage_4,945,157636.917074260
model_core_stage_5,945,157636.917074260
model_core_stage_6,945,157636.917074260
model_core_stage_7,945,146825.033516900
model_core,946,1210967.631916406
model_core_stage_0,946,137941.941537612
model_core_stage_1,946,137941.941537612
model_core_stage_2,946,157647.933185842
model_core_stage_3,946,157647.933185842
model_core_stage_4,946,157647.933185842
model_core_stage_5,946,157647.933185842
model_core_stage_6,946,157647.933185842
model_core_stage_7,946,146844.082911971
model_core,947,1211061.040063354
model_core_stage_0,947,137951.580635097
model_core_stage_1,947,137951.580635097
model_core_stage_2,947,157658.949297254
model_core_stage_3,947,157658.949297254
model_core_stage_4,947,157658.949297254
model_core_stage_5,947,157658.949297254
model_core_stage_6,947,157658.949297254
model_core_stage_7,947,146863.132306892
model_core,948,1211154.448209025
model_core_stage_0,948,137961.219732435
model_core_stage_1,948,137961.219732435
model_core_stage_2,948,157669.965408498
model_core_stage_3,948,157669.965408498
model_core_stage_4,948,157669.965408498
model_core_stage_5,948,157669.965408498
model_core_stage_6,948,157669.965408498
model_core_stage_7,948,146882.181701666
model_core,949,1211247.856353443
model_core_stage_0,949,137970.858829630
model_core_stage_1,949,137970.858829630
model_core_stage_2,949,157680.981519577
model_core_stage_3,949,157680.981519577
model_core_stage_4,949,157680.981519577
model_core_stage_5,949,157680.981519577
model_core_stage_6,949,157680.981519577
model_core_stage_7,949,146901.231096297
model_core,950,1211341.264496636
model_core_stage_0,950,137980.497926684
model_core_stage_1,950,137980.497926684
model_core_stage_2,950,157691.997630496
model_core_stage_3,950,157691.997630496
model_core_stage_4,950,157691.997630496
model_core_stage_5,950,157691.997630496
model_core_stage_6,950,157691.997630496
model_core_stage_7,950,146920.280490787
model_core,951,1211434.672638629
model_core_stage_0,951,137990.137023601
model_core_stage_1,951,137990.137023601
model_core_stage_2,951,157703.013741258
model_core_stage_3,951,157703.013741258
model_core_stage_4,951,157703.013741258
model_core_stage_5,951,157703.013741258
model_core_stage_6,951,157703.013741258
model_core_stage_7,951,146939.329885139
model_core,952,1211528.080779447
model_core_stage_0,952,137999.776120382
model_core_stage_1,952,137999.776120382
model_core_stage_2,952,157714.029851865
model_core_stage_3,952,157714.029851865
model_core_stage_4,952,157714.029851865
model_core_stage_5,952,157714.029851865
model_core_stage_6,952,157714.029851865
model_core_stage_7,952,146958.379279356
model_core,953,1211621.488919112
model_core_stage_0,953,138009.415217031
model_core_stage_1,953,138009.415217031
model_core_stage_2,953,157725.045962322
model_core_stage_3,953,157725.045962322
model_core_stage_4,953,157725.045962322
model_core_stage_5,953,157725.045962322
model_core_stage_6,953,157725.045962322
model_core_stage_7,953,146977.428673442
model_core,954,1211714.897057650
model_core_stage_0,954,138019.054313551
model_core_stage_1,954,138019.054313551
model_core_stage_2,954,157736.062072630
model_core_stage_3,954,157736.062072630
model_core_stage_4,954,157736.062072630
model_core_stage_5,954,157736.062072630
model_core_stage_6,954,157736.062072630
model_core_stage_7,954,146996.478067397
model_core,955,1211808.305195084
model_core_stage_0,955,138028.693409945
model_core_stage_1,955,138028.693409945
model_core_stage_2,955,157747.078182794
model_core_stage_3,955,157747.078182794
model_core_stage_4,955,157747.078182794
model_core_stage_5,955,157747.078182794
model_core_stage_6,955,157747.078182794
model_core_stage_7,955,147015.527461227
model_core,956,1211901.713331437
model_core_stage_0,956,138038.332506214
model_core_stage_1,956,138038.332506214
model_core_stage_2,956,157758.094292816
model_core_stage_3,956,157758.094292816
model_core_stage_4,956,157758.094292816
model_core_stage_5,956,157758.094292816
model_core_stage_6,956,157758.094292816
model_core_stage_7,956,147034.576854932
model_core,957,1211995.121466730
model_core_stage_0,957,138047.971602361
model_core_stage_1,957,138047.971602361
model_core_stage_2,957,157769.110402698
model_core_stage_3,957,157769.110402698
model_core_stage_4,957,157769.110402698
model_core_stage_5,957,157769.110402698
model_core_stage_6,957,157769.110402698
model_core_stage_7,957,147053.626248515
model_core,958,1212088.529600986
model_core_stage_0,958,138057.610698390
model_core_stage_1,958,138057.610698390
model_core_stage_2,958,157780.126512445
model_core_stage_3,958,157780.126512445
model_core_stage_4,958,157780.126512445
model_core_stage_5,958,157780.126512445
model_core_stage_6,958,157780.126512445
model_core_stage_7,958,147072.675641979
model_core,959,1212181.937734225
model_core_stage_0,959,138067.249794302
model_core_stage_1,959,138067.249794302
model_core_stage_2,959,157791.142622059
model_core_stage_3,959,157791.142622059
model_core_stage_4,959,157791.142622059
model_core_stage_5,959,157791.142622059
model_core_stage_6,959,157791.142622059
model_core_stage_7,959,147091.725035327
model_core,960,1212275.345866470
model_core_stage_0,960,138076.888890099
model_core_stage_1,960,138076.888890099
model_core_stage_2,960,157802.158731542
model_core_stage_3,960,157802.158731542
model_core_stage_4,960,157802.158731542
model_core_stage_5,960,157802.158731542
model_core_stage_6,960,157802.158731542
model_core_stage_7,960,147110.774428561
model_core,961,1212368.753997741
model_core_stage_0,961,138086.527985785
model_core_stage_1,961,138086.527985785
model_core_stage_2,961,157813.174840898
model_core_stage_3,961,157813.174840898
model_core_stage_4,961,157813.174840898
model_core_stage_5,961,157813.174840898
model_core_stage_6,961,157813.174840898
model_core_stage_7,961,147129.823821683
model_core,962,1212462.162128057
model_core_stage_0,962,138096.167081362
model_core_stage_1,962,138096.167081362
model_core_stage_2,962,157824.190950128
model_core_stage_3,962,157824.190950128
model_core_stage_4,962,157824.190950128
model_core_stage_5,962,157824.190950128
model_core_stage_6,962,157824.190950128
model_core_stage_7,962,147148.873214695
model_core,963,1212555.570257439
model_core_stage_0,963,138105.806176831
model_core_stage_1,963,138105.806176831
model_core_stage_2,963,157835.207059235
model_core_stage_3,963,157835.207059235
model_core_stage_4,963,157835.207059235
model_core_stage_5,963,157835.207059235
model_core_stage_6,963,157835.207059235
model_core_stage_7,963,147167.922607600
model_core,964,1212648.978385905
model_core_stage_0,964,138115.445272195
model_core_stage_1,964,138115.445272195
model_core_stage_2,964,157846.223168223
model_core_stage_3,964,157846.223168223
model_core_stage_4,964,157846.223168223
model_core_stage_5,964,157846.223168223
model_core_stage_6,964,157846.223168223
model_core_stage_7,964,147186.972000400
model_core,965,1212742.386513475
model_core_stage_0,965,138125.084367456
model_core_stage_1,965,138125.084367456
model_core_stage_2,965,157857.239277093
model_core_stage_3,965,157857.239277093
model_core_stage_4,965,157857.239277093
model_core_stage_5,965,157857.239277093
model_core_stage_6,965,157857.239277093
model_core_stage_7,965,147206.021393097
model_core,966,1212835.794640167
model_core_stage_0,966,138134.723462617
model_core_stage_1,966,138134.723462617
model_core_stage_2,966,157868.255385848
model_core_stage_3,966,157868.255385848
model_core_stage_4,966,157868.255385848
model_core_stage_5,966,157868.255385848
model_core_stage_6,966,157868.255385848
model_core_stage_7,966,147225.070785694
model_core,967,1212929.202766000
model_core_stage_0,967,138144.362557679
model_core_stage_1,967,138144.362557679
model_core_stage_2,967,157879.271494490
model_core_stage_3,967,157879.271494490
model_core_stage_4,967,157879.271494490
model_core_stage_5,967,157879.271494490
model_core_stage_6,967,157879.271494490
model_core_stage_7,967,147244.120178192
model_core,968,1213022.610890990
model_core_stage_0,968,138154.001652644
model_core_stage_1,968,138154.001652644
model_core_stage_2,968,157890.287603022
model_core_stage_3,968,157890.287603022
model_core_stage_4,968,157890.287603022
model_core_stage_5,968,157890.287603022
model_core_stage_6,968,157890.287603022
model_core_stage_7,968,147263.169570593
model_core,969,1213116.019015156
model_core_stage_0,969,138163.640747515
model_core_stage_1,969,138163.640747515
model_core_stage_2,969,157901.303711445
model_core_stage_3,969,157901.303711445
model_core_stage_4,969,157901.303711445
model_core_stage_5,969,157901.303711445
model_core_stage_6,969,157901.303711445
model_core_stage_7,969,147282.218962899
model_core,970,1213209.427138514
model_core_stage_0,970,138173.279842293
model_core_stage_1,970,138173.279842293
model_core_stage_2,970,157912.319819763
model_core_stage_3,970,157912.319819763
model_core_stage_4,970,157912.319819763
model_core_stage_5,970,157912.319819763
model_core_stage_6,970,157912.319819763
model_core_stage_7,970,147301.268355113
model_core,971,1213302.835261081
model_core_stage_0,971,138182.918936980
model_core_stage_1,971,138182.918936980
model_core_stage_2,971,157923.335927977
model_core_stage_3,971,157923.335927977
model_core_stage_4,971,157923.335927977
model_core_stage_5,971,157923.335927977
model_core_stage_6,971,157923.335927977
model_core_stage_7,971,147320.317747236
model_core,972,1213396.243382874
model_core_stage_0,972,138192.558031578
model_core_stage_1,972,138192.558031578
model_core_stage_2,972,157934.352036089
model_core_stage_3,972,157934.352036089
model_core_stage_4,972,157934.352036089
model_core_stage_5,972,157934.352036089
model_core_stage_6,972,157934.352036089
model_core_stage_7,972,147339.367139271
model_core,973,1213489.651503908
model_core_stage_0,973,138202.197126089
model_core_stage_1,973,138202.197126089
model_core_stage_2,973,157945.368144102
model_core_stage_3,973,157945.368144102
model_core_stage_4,973,157945.368144102
model_core_stage_5,973,157945.368144102
model_core_stage_6,973,157945.368144102
model_core_stage_7,973,147358.416531218
model_core,974,1213583.059624199
model_core_stage_0,974,138211.836220515
model_core_stage_1,974,138211.836220515
model_core_stage_2,974,157956.384252018
model_core_stage_3,974,157956.384252018
model_core_stage_4,974,157956.384252018
model_core_stage_5,974,157956.384252018
model_core_stage_6,974,157956.384252018
model_core_stage_7,974,147377.465923080
model_core,975,1213676.467743762
model_core_stage_0,975,138221.475314858
model_core_stage_1,975,138221.475314858
model_core_stage_2,975,157967.400359838
model_core_stage_3,975,157967.400359838
model_core_stage_4,975,157967.400359838
model_core_stage_5,975,157967.400359838
model_core_stage_6,975,157967.400359838
model_core_stage_7,975,147396.515314858
model_core,976,1213769.875862612
model_core_stage_0,976,138231.114409119
model_core_stage_1,976,138231.114409119
model_core_stage_2,976,157978.416467564
model_core_stage_3,976,157978.416467564
model_core_stage_4,976,157978.416467564
model_core_stage_5,976,157978.416467564
model_core_stage_6,976,157978.416467564
model_core_stage_7,976,147415.564706555
model_core,977,1213863.283980765
model_core_stage_0,977,138240.753503299
model_core_stage_1,977,138240.753503299
model_core_stage_2,977,157989.432575199
model_core_stage_3,977,157989.432575199
model_core_stage_4,977,157989.432575199
model_core_stage_5,977,157989.432575199
model_core_stage_6,977,157989.432575199
model_core_stage_7,977,147434.614098171
model_core,978,1213956.692098235
model_core_stage_0,978,138250.392597401
model_core_stage_1,978,138250.392597401
model_core_stage_2,978,158000.448682745
model_core_stage_3,978,158000.448682745
model_core_stage_4,978,158000.448682745
model_core_stage_5,978,158000.448682745
model_core_stage_6,978,158000.448682745
model_core_stage_7,978,147453.663489709
model_core,979,1214050.100215035
model_core_stage_0,979,138260.031691427
model_core_stage_1,979,138260.031691427
model_core_stage_2,979,158011.464790202
model_core_stage_3,979,158011.464790202
model_core_stage_4,979,158011.464790202
model_core_stage_5,979,158011.464790202
model_core_stage_6,979,158011.464790202
model_core_stage_7,979,147472.712881171
model_core,980,1214143.508331180
model_core_stage_0,980,138269.670785377
model_core_stage_1,980,138269.670785377
model_core_stage_2,980,158022.480897574
model_core_stage_3,980,158022.480897574
model_core_stage_4,980,158022.480897574
model_core_stage_5,980,158022.480897574
model_core_stage_6,980,158022.480897574
model_core_stage_7,980,147491.762272557
model_core,981,1214236.916446683
model_core_stage_0,981,138279.309879254
model_core_stage_1,981,138279.309879254
model_core_stage_2,981,158033.497004861
model_core_stage_3,981,158033.497004861
model_core_stage_4,981,158033.497004861
model_core_stage_5,981,158033.497004861
model_core_stage_6,981,158033.497004861
model_core_stage_7,981,147510.811663869
model_core,982,1214330.324561556
model_core_stage_0,982,138288.948973058
model_core_stage_1,982,138288.948973058
model_core_stage_2,982,158044.513112066
model_core_stage_3,982,158044.513112066
model_core_stage_4,982,158044.513112066
model_core_stage_5,982,158044.513112066
model_core_stage_6,982,158044.513112066
model_core_stage_7,982,147529.861055109
model_core,983,1214423.732675814
model_core_stage_0,983,138298.588066792
model_core_stage_1,983,138298.588066792
model_core_stage_2,983,158055.529219190
model_core_stage_3,983,158055.529219190
model_core_stage_4,983,158055.529219190
model_core_stage_5,983,158055.529219190
model_core_stage_6,983,158055.529219190
model_core_stage_7,983,147548.910446279
model_core,984,1214517.140789469
model_core_stage_0,984,138308.227160456
model_core_stage_1,984,138308.227160456
model_core_stage_2,984,158066.545326236
model_core_stage_3,984,158066.545326236
model_core_stage_4,984,158066.545326236
model_core_stage_5,984,158066.545326236
model_core_stage_6,984,158066.545326236
model_core_stage_7,984,147567.959837379
model_core,985,1214610.548902533
model_core_stage_0,985,138317.866254053
model_core_stage_1,985,138317.866254053
model_core_stage_2,985,158077.561433203
model_core_stage_3,985,158077.561433203
model_core_stage_4,985,158077.561433203
model_core_stage_5,985,158077.561433203
model_core_stage_6,985,158077.561433203
model_core_stage_7,985,147587.009228412
model_core,986,1214703.957015019
model_core_stage_0,986,138327.505347583
model_core_stage_1,986,138327.505347583
model_core_stage_2,986,158088.577540095
model_core_stage_3,986,158088.577540095
model_core_stage_4,986,158088.577540095
model_core_stage_5,986,158088.577540095
model_core_stage_6,986,158088.577540095
model_core_stage_7,986,147606.058619378
model_core,987,1214797.365126939
model_core_stage_0,987,138337.144441048
model_core_stage_1,987,138337.144441048
model_core_stage_2,987,158099.593646912
model_core_stage_3,987,158099.593646912
model_core_stage_4,987,158099.593646912
model_core_stage_5,987,158099.593646912
model_core_stage_6,987,158099.593646912
model_core_stage_7,987,147625.108010279
model_core,988,1214890.773238303
model_core_stage_0,988,138346.783534450
model_core_stage_1,988,138346.783534450
model_core_stage_2,988,158110.609753657
model_core_stage_3,988,158110.609753657
model_core_stage_4,988,158110.609753657
model_core_stage_5,988,158110.609753657
model_core_stage_6,988,158110.609753657
model_core_stage_7,988,147644.157401117
model_core,989,1214984.181349124
model_core_stage_0,989,138356.422627789
model_core_stage_1,989,138356.422627789
model_core_stage_2,989,158121.625860331
model_core_stage_3,989,158121.625860331
model_core_stage_4,989,158121.625860331
model_core_stage_5,989,158121.625860331
model_core_stage_6,989,158121.625860331
model_core_stage_7,989,147663.206791892
model_core,990,1215077.589459413
model_core_stage_0,990,138366.061721068
model_core_stage_1,990,138366.061721068
model_core_stage_2,990,158132.641966934
model_core_stage_3,990,158132.641966934
model_core_stage_4,990,158132.641966934
model_core_stage_5,990,158132.641966934
model_core_stage_6,990,158132.641966934
model_core_stage_7,990,147682.256182606
model_core,991,1215170.997569181
model_core_stage_0,991,138375.700814286
model_core_stage_1,991,138375.700814286
model_core_stage_2,991,158143.658073470
model_core_stage_3,991,158143.658073470
model_core_stage_4,991,158143.658073470
model_core_stage_5,991,158143.658073470
model_core_stage_6,991,158143.658073470
model_core_stage_7,991,147701.305573260
model_core,992,1215264.405678439
model_core_stage_0,992,138385.339907446
model_core_stage_1,992,138385.339907446
model_core_stage_2,992,158154.674179938
model_core_stage_3,992,158154.674179938
model_core_stage_4,992,158154.674179938
model_core_stage_5,992,158154.674179938
model_core_stage_6,992,158154.674179938
model_core_stage_7,992,147720.354963856
model_core,993,1215357.813787197
model_core_stage_0,993,138394.979000548
model_core_stage_1,993,138394.979000548
model_core_stage_2,993,158165.690286341
model_core_stage_3,993,158165.690286341
model_core_stage_4,993,158165.690286341
model_core_stage_5,993,158165.690286341
model_core_stage_6,993,158165.690286341
model_core_stage_7,993,147739.404354395
model_core,994,1215451.221895465
model_core_stage_0,994,138404.618093595
model_core_stage_1,994,138404.618093595
model_core_stage_2,994,158176.706392680
model_core_stage_3,994,158176.706392680
model_core_stage_4,994,158176.706392680
model_core_stage_5,994,158176.706392680
model_core_stage_6,994,158176.706392680
model_core_stage_7,994,147758.453744877
model_core,995,1215544.630003254
model_core_stage_0,995,138414.257186586
model_core_stage_1,995,138414.257186586
model_core_stage_2,995,158187.722498955
model_core_stage_3,995,158187.722498955
model_core_stage_4,995,158187.722498955
model_core_stage_5,995,158187.722498955
model_core_stage_6,995,158187.722498955
model_core_stage_7,995,147777.503135304
model_core,996,1215638.038110573
model_core_stage_0,996,138423.896279524
model_core_stage_1,996,138423.896279524
model_core_stage_2,996,158198.738605170
model_core_stage_3,996,158198.738605170
model_core_stage_4,996,158198.738605170
model_core_stage_5,996,158198.738605170
model_core_stage_6,996,158198.738605170
model_core_stage_7,996,147796.552525677
model_core,997,1215731.446217433
model_core_stage_0,997,138433.535372408
model_core_stage_1,997,138433.535372408
model_core_stage_2,997,158209.754711324
model_core_stage_3,997,158209.754711324
model_core_stage_4,997,158209.754711324
model_core_stage_5,997,158209.754711324
model_core_stage_6,997,158209.754711324
model_core_stage_7,997,147815.601915998
model_core,998,1215824.854323842
model_core_stage_0,998,138443.174465241
model_core_stage_1,998,138443.174465241
model_core_stage_2,998,158220.770817418
model_core_stage_3,998,158220.770817418
model_core_stage_4,998,158220.770817418
model_core_stage_5,998,158220.770817418
model_core_stage_6,998,158220.770817418
model_core_stage_7,998,147834.651306267
model_core,999,1215918.262429810
model_core_stage_0,999,138452.813558024
model_core_stage_1,999,138452.813558024
model_core_stage_2,999,158231.786923456
model_core_stage_3,999,158231.786923456
model_core_stage_4,999,158231.786923456
model_core_stage_5,999,158231.786923456
model_core_stage_6,999,158231.786923456
model_core_stage_7,999,147853.700696485
model_core,1000,1216011.670535346
model_core_stage_0,1000,138462.452650756
model_core_stage_1,1000,138462.452650756
model_core_stage_2,1000,158242.803029436
model_core_stage_3,1000,158242.803029436
model_core_stage_4,1000,158242.803029436
model_core_stage_5,1000,158242.803029436
model_core_stage_6,1000,158242.803029436
model_core_stage_7,1000,147872.750086654
model_core,1001,1216105.078640459
model_core_stage_0,1001,138472.091743441
model_core_stage_1,1001,138472.091743441
model_core_stage_2,1001,158253.819135361
model_core_stage_3,1001,158253.819135361
model_core_stage_4,1001,158253.819135361
model_core_stage_5,1001,158253.819135361
model_core_stage_6,1001,158253.819135361
model_core_stage_7,1001,147891.799476774
model_core,1002,1216198.486745159
model_core_stage_0,1002,138481.730836077
model_core_stage_1,1002,138481.730836077
model_core_stage_2,1002,158264.835241231
model_core_stage_3,1002,158264.835241231
model_core_stage_4,1002,158264.835241231
model_core_stage_5,1002,158264.835241231
model_core_stage_6,1002,158264.835241231
model_core_stage_7,1002,147910.848866847
model_core,1003,1216291.894849451
model_core_stage_0,1003,138491.369928668
model_core_stage_1,1003,138491.369928668
model_core_stage_2,1003,158275.851347049
model_core_stage_3,1003,158275.851347049
model_core_stage_4,1003,158275.851347049
model_core_stage_5,1003,158275.851347049
model_core_stage_6,1003,158275.851347049
model_core_stage_7,1003,147929.898256873
model_core,1004,1216385.302953347
model_core_stage_0,1004,138501.009021212
model_core_stage_1,1004,138501.009021212
model_core_stage_2,1004,158286.867452814
model_core_stage_3,1004,158286.867452814
model_core_stage_4,1004,158286.867452814
model_core_stage_5,1004,158286.867452814
model_core_stage_6,1004,158286.867452814
model_core_stage_7,1004,147948.947646853
model_core,1005,1216478.711056854
model_core_stage_0,1005,138510.648113712
model_core_stage_1,1005,138510.648113712
model_core_stage_2,1005,158297.883558528
model_core_stage_3,1005,158297.883558528
model_core_stage_4,1005,158297.883558528
model_core_stage_5,1005,158297.883558528
model_core_stage_6,1005,158297.883558528
model_core_stage_7,1005,147967.997036789
model_core,1006,1216572.119159980
model_core_stage_0,1006,138520.287206168
model_core_stage_1,1006,138520.287206168
model_core_stage_2,1006,158308.899664192
model_core_stage_3,1006,158308.899664192
model_core_stage_4,1006,158308.899664192
model_core_stage_5,1006,158308.899664192
model_core_stage_6,1006,158308.899664192
model_core_stage_7,1006,147987.046426681
model_core,1007,1216665.527262732
model_core_stage_0,1007,138529.926298582
model_core_stage_1,1007,138529.926298582
model_core_stage_2,1007,158319.915769808
model_core_stage_3,1007,158319.915769808
model_core_stage_4,1007,158319.915769808
model_core_stage_5,1007,158319.915769808
model_core_stage_6,1007,158319.915769808
model_core_stage_7,1007,148006.095816530
model_core,1008,1216758.935365119
model_core_stage_0,1008,138539.565390953
model_core_stage_1,1008,138539.565390953
model_core_stage_2,1008,158330.931875375
model_core_stage_3,1008,158330.931875375
model_core_stage_4,1008,158330.931875375
model_core_stage_5,1008,158330.931875375
model_core_stage_6,1008,158330.931875375
model_core_stage_7,1008,148025.145206338
model_core,1009,1216852.343467148
model_core_stage_0,1009,138549.204483283
model_core_stage_1,1009,138549.204483283
model_core_stage_2,1009,158341.947980895
model_core_stage_3,1009,158341.947980895
model_core_stage_4,1009,158341.947980895
model_core_stage_5,1009,158341.947980895
model_core_stage_6,1009,158341.947980895
model_core_stage_7,1009,148044.194596104
model_core,1010,1216945.751568826
model_core_stage_0,1010,138558.843575574
model_core_stage_1,1010,138558.843575574
model_core_stage_2,1010,158352.964086370
model_core_stage_3,1010,158352.964086370
model_core_stage_4,1010,158352.964086370
model_core_stage_5,1010,158352.964086370
model_core_stage_6,1010,158352.964086370
model_core_stage_7,1010,148063.243985830
model_core,1011,1217039.159670160
model_core_stage_0,1011,138568.482667824
model_core_stage_1,1011,138568.482667824
model_core_stage_2,1011,158363.980191799
model_core_stage_3,1011,158363.980191799
model_core_stage_4,1011,158363.980191799
model_core_stage_5,1011,158363.980191799
model_core_stage_6,1011,158363.980191799
model_core_stage_7,1011,148082.293375517
model_core,1012,1217132.567771159
model_core_stage_0,1012,138578.121760036
model_core_stage_1,1012,138578.121760036
model_core_stage_2,1012,158374.996297184
model_core_stage_3,1012,158374.996297184
model_core_stage_4,1012,158374.996297184
model_core_stage_5,1012,158374.996297184
model_core_stage_6,1012,158374.996297184
model_core_stage_7,1012,148101.342765165
model_core,1013,1217225.975871828
model_core_stage_0,1013,138587.760852211
model_core_stage_1,1013,138587.760852211
model_core_stage_2,1013,158386.012402526
model_core_stage_3,1013,158386.012402526
model_core_stage_4,1013,158386.012402526
model_core_stage_5,1013,158386.012402526
model_core_stage_6,1013,158386.012402526
model_core_stage_7,1013,148120.392154775
model_core,1014,1217319.383972175
model_core_stage_0,1014,138597.399944348
model_core_stage_1,1014,138597.399944348
model_core_stage_2,1014,158397.028507826
model_core_stage_3,1014,158397.028507826
model_core_stage_4,1014,158397.028507826
model_core_stage_5,1014,158397.028507826
model_core_stage_6,1014,158397.028507826
model_core_stage_7,1014,148139.441544348
model_core,1015,1217412.792072206
model_core_stage_0,1015,138607.039036449
model_core_stage_1,1015,138607.039036449
model_core_stage_2,1015,158408.044613085
model_core_stage_3,1015,158408.044613085
model_core_stage_4,1015,158408.044613085
model_core_stage_5,1015,158408.044613085
model_core_stage_6,1015,158408.044613085
model_core_stage_7,1015,148158.490933885
model_core,1016,1217506.200171927
model_core_stage_0,1016,138616.678128515
model_core_stage_1,1016,138616.678128515
model_core_stage_2,1016,158419.060718302
model_core_stage_3,1016,158419.060718302
model_core_stage_4,1016,158419.060718302
model_core_stage_5,1016,158419.060718302
model_core_stage_6,1016,158419.060718302
model_core_stage_7,1016,148177.540323386
model_core,1017,1217599.608271346
model_core_stage_0,1017,138626.317220545
model_core_stage_1,1017,138626.317220545
model_core_stage_2,1017,158430.076823480
model_core_stage_3,1017,158430.076823480
model_core_stage_4,1017,158430.076823480
model_core_stage_5,1017,158430.076823480
model_core_stage_6,1017,158430.076823480
model_core_stage_7,1017,148196.589712853
model_core,1018,1217693.016370468
model_core_stage_0,1018,138635.956312542
model_core_stage_1,1018,138635.956312542
model_core_stage_2,1018,158441.092928620
model_core_stage_3,1018,158441.092928620
model_core_stage_4,1018,158441.092928620
model_core_stage_5,1018,158441.092928620
model_core_stage_6,1018,158441.092928620
model_core_stage_7,1018,148215.639102286
model_core,1019,1217786.424469299
model_core_stage_0,1019,138645.595404506
model_core_stage_1,1019,138645.595404506
model_core_stage_2,1019,158452.109033721
model_core_stage_3,1019,158452.109033721
model_core_stage_4,1019,158452.109033721
model_core_stage_5,1019,158452.109033721
model_core_stage_6,1019,158452.109033721
model_core_stage_7,1019,148234.688491685
model_core,1020,1217879.832567846
model_core_stage_0,1020,138655.234496436
model_core_stage_1,1020,138655.234496436
model_core_stage_2,1020,158463.125138784
model_core_stage_3,1020,158463.125138784
model_core_stage_4,1020,158463.125138784
model_core_stage_5,1020,158463.125138784
model_core_stage_6,1020,158463.125138784
model_core_stage_7,1020,148253.737881052
model_core,1021,1217973.240666114
model_core_stage_0,1021,138664.873588335
model_core_stage_1,1021,138664.873588335
model_core_stage_2,1021,158474.141243811
model_core_stage_3,1021,158474.141243811
model_core_stage_4,1021,158474.141243811
model_core_stage_5,1021,158474.141243811
model_core_stage_6,1021,158474.141243811
model_core_stage_7,1021,148272.787270386
model_core,1022,1218066.648764108
model_core_stage_0,1022,138674.512680202
model_core_stage_1,1022,138674.512680202
model_core_stage_2,1022,158485.157348803
model_core_stage_3,1022,158485.157348803
model_core_stage_4,1022,158485.157348803
model_core_stage_5,1022,158485.157348803
model_core_stage_6,1022,158485.157348803
model_core_stage_7,1022,148291.836659690
model_core,1023,1218160.056861836
model_core_stage_0,1023,138684.151772039
model_core_stage_1,1023,138684.151772039
model_core_stage_2,1023,158496.173453759
model_core_stage_3,1023,158496.173453759
model_core_stage_4,1023,158496.173453759
model_core_stage_5,1023,158496.173453759
model_core_stage_6,1023,158496.173453759
model_core_stage_7,1023,148310.886048962
model_core,1024,1218253.464959302
model_core_stage_0,1024,138693.790863846
model_core_stage_1,1024,138693.790863846
model_core_stage_2,1024,158507.189558681
model_core_stage_3,1024,158507.189558681
model_core_stage_4,1024,158507.189558681
model_core_stage_5,1024,158507.189558681
model_core_stage_6,1024,158507.189558681
model_core_stage_7,1024,148329.935438205
model_core,1025,1218346.873056511
model_core_stage_0,1025,138703.429955623
model_core_stage_1,1025,138703.429955623
model_core_stage_2,1025,158518.205663569
model_core_stage_3,1025,158518.205663569
model_core_stage_4,1025,158518.205663569
model_core_stage_5,1025,158518.205663569
model_core_stage_6,1025,158518.205663569
model_core_stage_7,1025,148348.984827418
model_core,1026,1218440.281153469
model_core_stage_0,1026,138713.069047372
model_core_stage_1,1026,138713.069047372
model_core_stage_2,1026,158529.221768425
model_core_stage_3,1026,158529.221768425
model_core_stage_4,1026,158529.221768425
model_core_stage_5,1026,158529.221768425
model_core_stage_6,1026,158529.221768425
model_core_stage_7,1026,148368.034216602
model_core,1027,1218533.689250182
model_core_stage_0,1027,138722.708139092
model_core_stage_1,1027,138722.708139092
model_core_stage_2,1027,158540.237873248
model_core_stage_3,1027,158540.237873248
model_core_stage_4,1027,158540.237873248
model_core_stage_5,1027,158540.237873248
model_core_stage_6,1027,158540.237873248
model_core_stage_7,1027,148387.083605759
model_core,1028,1218627.097346653
model_core_stage_0,1028,138732.347230784
model_core_stage_1,1028,138732.347230784
model_core_stage_2,1028,158551.253978039
model_core_stage_3,1028,158551.253978039
model_core_stage_4,1028,158551.253978039
model_core_stage_5,1028,158551.253978039
model_core_stage_6,1028,158551.253978039
model_core_stage_7,1028,148406.132994887
model_core,1029,1218720.505442889
model_core_stage_0,1029,138741.986322450
model_core_stage_1,1029,138741.986322450
model_core_stage_2,1029,158562.270082800
model_core_stage_3,1029,158562.270082800
model_core_stage_4,1029,158562.270082800
model_core_stage_5,1029,158562.270082800
model_core_stage_6,1029,158562.270082800
model_core_stage_7,1029,148425.182383988
model_core,1030,1218813.913538893
model_core_stage_0,1030,138751.625414089
model_core_stage_1,1030,138751.625414089
model_core_stage_2,1030,158573.286187530
model_core_stage_3,1030,158573.286187530
model_core_stage_4,1030,158573.286187530
model_core_stage_5,1030,158573.286187530
model_core_stage_6,1030,158573.286187530
model_core_stage_7,1030,148444.231773063
model_core,1031,1218907.321634672
model_core_stage_0,1031,138761.264505702
model_core_stage_1,1031,138761.264505702
model_core_stage_2,1031,158584.302292231
model_core_stage_3,1031,158584.302292231
model_core_stage_4,1031,158584.302292231
model_core_stage_5,1031,158584.302292231
model_core_stage_6,1031,158584.302292231
model_core_stage_7,1031,148463.281162112
model_core,1032,1219000.729730229
model_core_stage_0,1032,138770.903597290
model_core_stage_1,1032,138770.903597290
model_core_stage_2,1032,158595.318396903
model_core_stage_3,1032,158595.318396903
model_core_stage_4,1032,158595.318396903
model_core_stage_5,1032,158595.318396903
model_core_stage_6,1032,158595.318396903
model_core_stage_7,1032,148482.330551136
model_core,1033,1219094.137825568
model_core_stage_0,1033,138780.542688853
model_core_stage_1,1033,138780.542688853
model_core_stage_2,1033,158606.334501546
model_core_stage_3,1033,158606.334501546
model_core_stage_4,1033,158606.334501546
model_core_stage_5,1033,158606.334501546
model_core_stage_6,1033,158606.334501546
model_core_stage_7,1033,148501.379940135
model_core,1034,1219187.545920696
model_core_stage_0,1034,138790.181780391
model_core_stage_1,1034,138790.181780391
model_core_stage_2,1034,158617.350606161
model_core_stage_3,1034,158617.350606161
model_core_stage_4,1034,158617.350606161
model_core_stage_5,1034,158617.350606161
model_core_stage_6,1034,158617.350606161
model_core_stage_7,1034,148520.429329109
model_core,1035,1219280.954015615
model_core_stage_0,1035,138799.820871905
model_core_stage_1,1035,138799.820871905
model_core_stage_2,1035,158628.366710749
model_core_stage_3,1035,158628.366710749
model_core_stage_4,1035,158628.366710749
model_core_stage_5,1035,158628.366710749
model_core_stage_6,1035,158628.366710749
model_core_stage_7,1035,148539.478718059
model_core,1036,1219374.362110330
model_core_stage_0,1036,138809.459963396
model_core_stage_1,1036,138809.459963396
model_core_stage_2,1036,158639.382815310
model_core_stage_3,1036,158639.382815310
model_core_stage_4,1036,158639.382815310
model_core_stage_5,1036,158639.382815310
model_core_stage_6,1036,158639.382815310
model_core_stage_7,1036,148558.528106986
model_core,1037,1219467.770204846
model_core_stage_0,1037,138819.099054865
model_core_stage_1,1037,138819.099054865
model_core_stage_2,1037,158650.398919845
model_core_stage_3,1037,158650.398919845
model_core_stage_4,1037,158650.398919845
model_core_stage_5,1037,158650.398919845
model_core_stage_6,1037,158650.398919845
model_core_stage_7,1037,148577.577495890
model_core,1038,1219561.178299166
model_core_stage_0,1038,138828.738146310
model_core_stage_1,1038,138828.738146310
model_core_stage_2,1038,158661.415024355
model_core_stage_3,1038,158661.415024355
model_core_stage_4,1038,158661.415024355
model_core_stage_5,1038,158661.415024355
model_core_stage_6,1038,158661.415024355
model_core_stage_7,1038,148596.626884772
model_core,1039,1219654.586393295
model_core_stage_0,1039,138838.377237734
model_core_stage_1,1039,138838.377237734
model_core_stage_2,1039,158672.431128839
model_core_stage_3,1039,158672.431128839
model_core_stage_4,1039,158672.431128839
model_core_stage_5,1039,158672.431128839
model_core_stage_6,1039,158672.431128839
model_core_stage_7,1039,148615.676273632
model_core,1040,1219747.994487236
model_core_stage_0,1040,138848.016329136
model_core_stage_1,1040,138848.016329136
model_core_stage_2,1040,158683.447233299
model_core_stage_3,1040,158683.447233299
model_core_stage_4,1040,158683.447233299
model_core_stage_5,1040,158683.447233299
model_core_stage_6,1040,158683.447233299
model_core_stage_7,1040,148634.725662470
model_core,1041,1219841.402580994
model_core_stage_0,1041,138857.655420518
model_core_stage_1,1041,138857.655420518
model_core_stage_2,1041,158694.463337734
model_core_stage_3,1041,158694.463337734
model_core_stage_4,1041,158694.463337734
model_core_stage_5,1041,158694.463337734
model_core_stage_6,1041,158694.463337734
model_core_stage_7,1041,148653.775051287
model_core,1042,1219934.810674571
model_core_stage_0,1042,138867.294511878
model_core_stage_1,1042,138867.294511878
model_core_stage_2,1042,158705.479442146
model_core_stage_3,1042,158705.479442146
model_core_stage_4,1042,158705.479442146
model_core_stage_5,1042,158705.479442146
model_core_stage_6,1042,158705.479442146
model_core_stage_7,1042,148672.824440083
model_core,1043,1220028.218767973
model_core_stage_0,1043,138876.933603218
model_core_stage_1,1043,138876.933603218
model_core_stage_2,1043,158716.495546535
model_core_stage_3,1043,158716.495546535
model_core_stage_4,1043,158716.495546535
model_core_stage_5,1043,158716.495546535
model_core_stage_6,1043,158716.495546535
model_core_stage_7,1043,148691.873828859
model_core,1044,1220121.626861203
model_core_stage_0,1044,138886.572694539
model_core_stage_1,1044,138886.572694539
model_core_stage_2,1044,158727.511650902
model_core_stage_3,1044,158727.511650902
model_core_stage_4,1044,158727.511650902
model_core_stage_5,1044,158727.511650902
model_core_stage_6,1044,158727.511650902
model_core_stage_7,1044,148710.923217616
model_core,1045,1220215.034954263
model_core_stage_0,1045,138896.211785840
model_core_stage_1,1045,138896.211785840
model_core_stage_2,1045,158738.527755246
model_core_stage_3,1045,158738.527755246
model_core_stage_4,1045,158738.527755246
model_core_stage_5,1045,158738.527755246
model_core_stage_6,1045,158738.527755246
model_core_stage_7,1045,148729.972606353
model_core,1046,1220308.443047157
model_core_stage_0,1046,138905.850877122
model_core_stage_1,1046,138905.850877122
model_core_stage_2,1046,158749.543859568
model_core_stage_3,1046,158749.543859568
model_core_stage_4,1046,158749.543859568
model_core_stage_5,1046,158749.543859568
model_core_stage_6,1046,158749.543859568
model_core_stage_7,1046,148749.021995071
model_core,1047,1220401.851139890
model_core_stage_0,1047,138915.489968386
model_core_stage_1,1047,138915.489968386
model_core_stage_2,1047,158760.559963870
model_core_stage_3,1047,158760.559963870
model_core_stage_4,1047,158760.559963870
model_core_stage_5,1047,158760.559963870
model_core_stage_6,1047,158760.559963870
model_core_stage_7,1047,148768.071383770
model_core,1048,1220495.259232464
model_core_stage_0,1048,138925.129059631
model_core_stage_1,1048,138925.129059631
model_core_stage_2,1048,158771.576068150
model_core_stage_3,1048,158771.576068150
model_core_stage_4,1048,158771.576068150
model_core_stage_5,1048,158771.576068150
model_core_stage_6,1048,158771.576068150
model_core_stage_7,1048,148787.120772452
model_core,1049,1220588.667324883
model_core_stage_0,1049,138934.768150859
model_core_stage_1,1049,138934.768150859
model_core_stage_2,1049,158782.592172410
model_core_stage_3,1049,158782.592172410
model_core_stage_4,1049,158782.592172410
model_core_stage_5,1049,158782.592172410
model_core_stage_6,1049,158782.592172410
model_core_stage_7,1049,148806.170161115
model_core,1050,1220682.075417149
model_core_stage_0,1050,138944.407242069
model_core_stage_1,1050,138944.407242069
model_core_stage_2,1050,158793.608276650
model_core_stage_3,1050,158793.608276650
model_core_stage_4,1050,158793.608276650
model_core_stage_5,1050,158793.608276650
model_core_stage_6,1050,158793.608276650
model_core_stage_7,1050,148825.219549761
model_core,1051,1220775.483509266
model_core_stage_0,1051,138954.046333262
model_core_stage_1,1051,138954.046333262
model_core_stage_2,1051,158804.624380871
model_core_stage_3,1051,158804.624380871
model_core_stage_4,1051,158804.624380871
model_core_stage_5,1051,158804.624380871
model_core_stage_6,1051,158804.624380871
model_core_stage_7,1051,148844.268938390
model_core,1052,1220868.891601238
model_core_stage_0,1052,138963.685424438
model_core_stage_1,1052,138963.685424438
model_core_stage_2,1052,158815.640485072
model_core_stage_3,1052,158815.640485072
model_core_stage_4,1052,158815.640485072
model_core_stage_5,1052,158815.640485072
model_core_stage_6,1052,158815.640485072
model_core_stage_7,1052,148863.318327002
model_core,1053,1220962.299693066
model_core_stage_0,1053,138973.324515598
model_core_stage_1,1053,138973.324515598
model_core_stage_2,1053,158826.656589255
model_core_stage_3,1053,158826.656589255
model_core_stage_4,1053,158826.656589255
model_core_stage_5,1053,158826.656589255
model_core_stage_6,1053,158826.656589255
model_core_stage_7,1053,148882.367715598
model_core,1054,1221055.707784754
model_core_stage_0,1054,138982.963606741
model_core_stage_1,1054,138982.963606741
model_core_stage_2,1054,158837.672693419
model_core_stage_3,1054,158837.672693419
model_core_stage_4,1054,158837.672693419
model_core_stage_5,1054,158837.672693419
model_core_stage_6,1054,158837.672693419
model_core_stage_7,1054,148901.417104177
model_core,1055,1221149.115876306
model_core_stage_0,1055,138992.602697869
model_core_stage_1,1055,138992.602697869
model_core_stage_2,1055,158848.688797565
model_core_stage_3,1055,158848.688797565
model_core_stage_4,1055,158848.688797565
model_core_stage_5,1055,158848.688797565
model_core_stage_6,1055,158848.688797565
model_core_stage_7,1055,148920.466492741
model_core,1056,1221242.523967722
model_core_stage_0,1056,139002.241788982
model_core_stage_1,1056,139002.241788982
model_core_stage_2,1056,158859.704901694
model_core_stage_3,1056,158859.704901694
model_core_stage_4,1056,158859.704901694
model_core_stage_5,1056,158859.704901694
model_core_stage_6,1056,158859.704901694
model_core_stage_7,1056,148939.515881290
model_core,1057,1221335.932059008
model_core_stage_0,1057,139011.880880079
model_core_stage_1,1057,139011.880880079
model_core_stage_2,1057,158870.721005805
model_core_stage_3,1057,158870.721005805
model_core_stage_4,1057,158870.721005805
model_core_stage_5,1057,158870.721005805
model_core_stage_6,1057,158870.721005805
model_core_stage_7,1057,148958.565269823
model_core,1058,1221429.340150164
model_core_stage_0,1058,139021.519971162
model_core_stage_1,1058,139021.519971162
model_core_stage_2,1058,158881.737109900
model_core_stage_3,1058,158881.737109900
model_core_stage_4,1058,158881.737109900
model_core_stage_5,1058,158881.737109900
model_core_stage_6,1058,158881.737109900
model_core_stage_7,1058,148977.614658342
model_core,1059,1221522.748241195
model_core_stage_0,1059,139031.159062230
model_core_stage_1,1059,139031.159062230
model_core_stage_2,1059,158892.753213978
model_core_stage_3,1059,158892.753213978
model_core_stage_4,1059,158892.753213978
model_core_stage_5,1059,158892.753213978
model_core_stage_6,1059,158892.753213978
model_core_stage_7,1059,148996.664046846
model_core,1060,1221616.156332102
model_core_stage_0,1060,139040.798153285
model_core_stage_1,1060,139040.798153285
model_core_stage_2,1060,158903.769318039
model_core_stage_3,1060,158903.769318039
model_core_stage_4,1060,158903.769318039
model_core_stage_5,1060,158903.769318039
model_core_stage_6,1060,158903.769318039
model_core_stage_7,1060,149015.713435336
model_core,1061,1221709.564422888
model_core_stage_0,1061,139050.437244325
model_core_stage_1,1061,139050.437244325
model_core_stage_2,1061,158914.785422085
model_core_stage_3,1061,158914.785422085
model_core_stage_4,1061,158914.785422085
model_core_stage_5,1061,158914.785422085
model_core_stage_6,1061,158914.785422085
model_core_stage_7,1061,149034.762823812
model_core,1062,1221802.972513555
model_core_stage_0,1062,139060.076335351
model_core_stage_1,1062,139060.076335351
model_core_stage_2,1062,158925.801526116
model_core_stage_3,1062,158925.801526116
model_core_stage_4,1062,158925.801526116
model_core_stage_5,1062,158925.801526116
model_core_stage_6,1062,158925.801526116
model_core_stage_7,1062,149053.812212274
model_core,1063,1221896.380604106
model_core_stage_0,1063,139069.715426364
model_core_stage_1,1063,139069.715426364
model_core_stage_2,1063,158936.817630131
model_core_stage_3,1063,158936.817630131
model_core_stage_4,1063,158936.817630131
model_core_stage_5,1063,158936.817630131
model_core_stage_6,1063,158936.817630131
model_core_stage_7,1063,149072.861600723
model_core,1064,1221989.788694544
model_core_stage_0,1064,139079.354517365
model_core_stage_1,1064,139079.354517365
model_core_stage_2,1064,158947.833734131
model_core_stage_3,1064,158947.833734131
model_core_stage_4,1064,158947.833734131
model_core_stage_5,1064,158947.833734131
model_core_stage_6,1064,158947.833734131
model_core_stage_7,1064,149091.910989160
model_core,1065,1222083.196784870
model_core_stage_0,1065,139088.993608352
model_core_stage_1,1065,139088.993608352
model_core_stage_2,1065,158958.849838117
model_core_stage_3,1065,158958.849838117
model_core_stage_4,1065,158958.849838117
model_core_stage_5,1065,158958.849838117
model_core_stage_6,1065,158958.849838117
model_core_stage_7,1065,149110.960377583
model_core,1066,1222176.604875088
model_core_stage_0,1066,139098.632699327
model_core_stage_1,1066,139098.632699327
model_core_stage_2,1066,158969.865942088
model_core_stage_3,1066,158969.865942088
model_core_stage_4,1066,158969.865942088
model_core_stage_5,1066,158969.865942088
model_core_stage_6,1066,158969.865942088
model_core_stage_7,1066,149130.009765994
model_core,1067,1222270.012965198
model_core_stage_0,1067,139108.271790290
model_core_stage_1,1067,139108.271790290
model_core_stage_2,1067,158980.882046045
model_core_stage_3,1067,158980.882046045
model_core_stage_4,1067,158980.882046045
model_core_stage_5,1067,158980.882046045
model_core_stage_6,1067,158980.882046045
model_core_stage_7,1067,149149.059154392
model_core,1068,1222363.421055204
model_core_stage_0,1068,139117.910881240
model_core_stage_1,1068,139117.910881240
model_core_stage_2,1068,158991.898149989
model_core_stage_3,1068,158991.898149989
model_core_stage_4,1068,158991.898149989
model_core_stage_5,1068,158991.898149989
model_core_stage_6,1068,158991.898149989
model_core_stage_7,1068,149168.108542779
model_core,1069,1222456.829145108
model_core_stage_0,1069,139127.549972179
model_core_stage_1,1069,139127.549972179
model_core_stage_2,1069,159002.914253919
model_core_stage_3,1069,159002.914253919
model_core_stage_4,1069,159002.914253919
model_core_stage_5,1069,159002.914253919
model_core_stage_6,1069,159002.914253919
model_core_stage_7,1069,149187.157931154
model_core,1070,1222550.237234911
model_core_stage_0,1070,139137.189063107
model_core_stage_1,1070,139137.189063107
model_core_stage_2,1070,159013.930357836
model_core_stage_3,1070,159013.930357836
model_core_stage_4,1070,159013.930357836
model_core_stage_5,1070,159013.930357836
model_core_stage_6,1070,159013.930357836
model_core_stage_7,1070,149206.207319517
model_core,1071,1222643.645324616
model_core_stage_0,1071,139146.828154023
model_core_stage_1,1071,139146.828154023
model_core_stage_2,1071,159024.946461740
model_core_stage_3,1071,159024.946461740
model_core_stage_4,1071,159024.946461740
model_core_stage_5,1071,159024.946461740
model_core_stage_6,1071,159024.946461740
model_core_stage_7,1071,149225.256707869
model_core,1072,1222737.053414226
model_core_stage_0,1072,139156.467244928
model_core_stage_1,1072,139156.467244928
model_core_stage_2,1072,159035.962565632
model_core_stage_3,1072,159035.962565632
model_core_stage_4,1072,159035.962565632
model_core_stage_5,1072,159035.962565632
model_core_stage_6,1072,159035.962565632
model_core_stage_7,1072,149244.306096210
model_core,1073,1222830.461503740
model_core_stage_0,1073,139166.106335822
model_core_stage_1,1073,139166.106335822
model_core_stage_2,1073,159046.978669511
model_core_stage_3,1073,159046.978669511
model_core_stage_4,1073,159046.978669511
model_core_stage_5,1073,159046.978669511
model_core_stage_6,1073,159046.978669511
model_core_stage_7,1073,149263.355484540
model_core,1074,1222923.869593162
model_core_stage_0,1074,139175.745426706
model_core_stage_1,1074,139175.745426706
model_core_stage_2,1074,159057.994773378
model_core_stage_3,1074,159057.994773378
model_core_stage_4,1074,159057.994773378
model_core_stage_5,1074,159057.994773378
model_core_stage_6,1074,159057.994773378
model_core_stage_7,1074,149282.404872860
model_core,1075,1223017.277682495
model_core_stage_0,1075,139185.384517579
model_core_stage_1,1075,139185.384517579
model_core_stage_2,1075,159069.010877233
model_core_stage_3,1075,159069.010877233
model_core_stage_4,1075,159069.010877233
model_core_stage_5,1075,159069.010877233
model_core_stage_6,1075,159069.010877233
model_core_stage_7,1075,149301.454261169
model_core,1076,1223110.685771738
model_core_stage_0,1076,139195.023608442
model_core_stage_1,1076,139195.023608442
model_core_stage_2,1076,159080.026981077
model_core_stage_3,1076,159080.026981077
model_core_stage_4,1076,159080.026981077
model_core_stage_5,1076,159080.026981077
model_core_stage_6,1076,159080.026981077
model_core_stage_7,1076,149320.503649468
model_core,1077,1223204.093860895
model_core_stage_0,1077,139204.662699296
model_core_stage_1,1077,139204.662699296
model_core_stage_2,1077,159091.043084909
model_core_stage_3,1077,159091.043084909
model_core_stage_4,1077,159091.043084909
model_core_stage_5,1077,159091.043084909
model_core_stage_6,1077,159091.043084909
model_core_stage_7,1077,149339.553037757
model_core,1078,1223297.501949967
model_core_stage_0,1078,139214.301790139
model_core_stage_1,1078,139214.301790139
model_core_stage_2,1078,159102.059188730
model_core_stage_3,1078,159102.059188730
model_core_stage_4,1078,159102.059188730
model_core_stage_5,1078,159102.059188730
model_core_stage_6,1078,159102.059188730
model_core_stage_7,1078,149358.602426037
model_core,1079,1223390.910038956
model_core_stage_0,1079,139223.940880973
model_core_stage_1,1079,139223.940880973
model_core_stage_2,1079,159113.075292541
model_core_stage_3,1079,159113.075292541
model_core_stage_4,1079,159113.075292541
model_core_stage_5,1079,159113.075292541
model_core_stage_6,1079,159113.075292541
model_core_stage_7,1079,149377.651814307
model_core,1080,1223484.318127864
model_core_stage_0,1080,139233.579971798
model_core_stage_1,1080,139233.579971798
model_core_stage_2,1080,159124.091396340
model_core_stage_3,1080,159124.091396340
model_core_stage_4,1080,159124.091396340
model_core_stage_5,1080,159124.091396340
model_core_stage_6,1080,159124.091396340
model_core_stage_7,1080,149396.701202567
model_core,1081,1223577.726216692
model_core_stage_0,1081,139243.219062613
model_core_stage_1,1081,139243.219062613
model_core_stage_2,1081,159135.107500129
model_core_stage_3,1081,159135.107500129
model_core_stage_4,1081,159135.107500129
model_core_stage_5,1081,159135.107500129
model_core_stage_6,1081,159135.107500129
model_core_stage_7,1081,149415.750590818
model_core,1082,1223671.134305442
model_core_stage_0,1082,139252.858153420
model_core_stage_1,1082,139252.858153420
model_core_stage_2,1082,159146.123603908
model_core_stage_3,1082,159146.123603908
model_core_stage_4,1082,159146.123603908
model_core_stage_5,1082,159146.123603908
model_core_stage_6,1082,159146.123603908
model_core_stage_7,1082,149434.799979061
model_core,1083,1223764.542394115
model_core_stage_0,1083,139262.497244217
model_core_stage_1,1083,139262.497244217
model_core_stage_2,1083,159157.139707677
model_core_stage_3,1083,159157.139707677
model_core_stage_4,1083,159157.139707677
model_core_stage_5,1083,159157.139707677
model_core_stage_6,1083,159157.139707677
model_core_stage_7,1083,149453.849367294
model_core,1084,1223857.950482714
model_core_stage_0,1084,139272.136335007
model_core_stage_1,1084,139272.136335007
model_core_stage_2,1084,159168.155811436
model_core_stage_3,1084,159168.155811436
model_core_stage_4,1084,159168.155811436
model_core_stage_5,1084,159168.155811436
model_core_stage_6,1084,159168.155811436
model_core_stage_7,1084,149472.898755519
model_core,1085,1223951.358571238
model_core_stage_0,1085,139281.775425787
model_core_stage_1,1085,139281.775425787
model_core_stage_2,1085,159179.171915186
model_core_stage_3,1085,159179.171915186
model_core_stage_4,1085,159179.171915186
model_core_stage_5,1085,159179.171915186
model_core_stage_6,1085,159179.171915186
model_core_stage_7,1085,149491.948143736
model_core,1086,1224044.766659692
model_core_stage_0,1086,139291.414516560
model_core_stage_1,1086,139291.414516560
model_core_stage_2,1086,159190.188018926
model_core_stage_3,1086,159190.188018926
model_core_stage_4,1086,159190.188018926
model_core_stage_5,1086,159190.188018926
model_core_stage_6,1086,159190.188018926
model_core_stage_7,1086,149510.997531944
model_core,1087,1224138.174748074
model_core_stage_0,1087,139301.053607324
model_core_stage_1,1087,139301.053607324
model_core_stage_2,1087,159201.204122656
model_core_stage_3,1087,159201.204122656
model_core_stage_4,1087,159201.204122656
model_core_stage_5,1087,159201.204122656
model_core_stage_6,1087,159201.204122656
model_core_stage_7,1087,149530.046920145
model_core,1088,1224231.582836389
model_core_stage_0,1088,139310.692698081
model_core_stage_1,1088,139310.692698081
model_core_stage_2,1088,159212.220226378
model_core_stage_3,1088,159212.220226378
model_core_stage_4,1088,159212.220226378
model_core_stage_5,1088,159212.220226378
model_core_stage_6,1088,159212.220226378
model_core_stage_7,1088,149549.096308337
model_core,1089,1224324.990924635
model_core_stage_0,1089,139320.331788829
model_core_stage_1,1089,139320.331788829
model_core_stage_2,1089,159223.236330091
model_core_stage_3,1089,159223.236330091
model_core_stage_4,1089,159223.236330091
model_core_stage_5,1089,159223.236330091
model_core_stage_6,1089,159223.236330091
model_core_stage_7,1089,149568.145696522
model_core,1090,1224418.399012816
model_core_stage_0,1090,139329.970879571
model_core_stage_1,1090,139329.970879571
model_core_stage_2,1090,159234.252433795
model_core_stage_3,1090,159234.252433795
model_core_stage_4,1090,159234.252433795
model_core_stage_5,1090,159234.252433795
model_core_stage_6,1090,159234.252433795
model_core_stage_7,1090,149587.195084699
model_core,1091,1224511.807100931
model_core_stage_0,1091,139339.609970304
model_core_stage_1,1091,139339.609970304
model_core_stage_2,1091,159245.268537491
model_core_stage_3,1091,159245.268537491
model_core_stage_4,1091,159245.268537491
model_core_stage_5,1091,159245.268537491
model_core_stage_6,1091,159245.268537491
model_core_stage_7,1091,149606.244472869
model_core,1092,1224605.215188984
model_core_stage_0,1092,139349.249061031
model_core_stage_1,1092,139349.249061031
model_core_stage_2,1092,159256.284641178
model_core_stage_3,1092,159256.284641178
model_core_stage_4,1092,159256.284641178
model_core_stage_5,1092,159256.284641178
model_core_stage_6,1092,159256.284641178
model_core_stage_7,1092,149625.293861031
model_core,1093,1224698.623276974
model_core_stage_0,1093,139358.888151750
model_core_stage_1,1093,139358.888151750
model_core_stage_2,1093,159267.300744857
model_core_stage_3,1093,159267.300744857
model_core_stage_4,1093,159267.300744857
model_core_stage_5,1093,159267.300744857
model_core_stage_6,1093,159267.300744857
model_core_stage_7,1093,149644.343249186
model_core,1094,1224792.031364904
model_core_stage_0,1094,139368.527242463
model_core_stage_1,1094,139368.527242463
model_core_stage_2,1094,159278.316848529
model_core_stage_3,1094,159278.316848529
model_core_stage_4,1094,159278.316848529
model_core_stage_5,1094,159278.316848529
model_core_stage_6,1094,159278.316848529
model_core_stage_7,1094,149663.392637335
model_core,1095,1224885.439452774
model_core_stage_0,1095,139378.166333168
model_core_stage_1,1095,139378.166333168
model_core_stage_2,1095,159289.332952192
model_core_stage_3,1095,159289.332952192
model_core_stage_4,1095,159289.332952192
model_core_stage_5,1095,159289.332952192
model_core_stage_6,1095,159289.332952192
model_core_stage_7,1095,149682.442025476
model_core,1096,1224978.847540585
model_core_stage_0,1096,139387.805423867
model_core_stage_1,1096,139387.805423867
model_core_stage_2,1096,159300.349055848
model_core_stage_3,1096,159300.349055848
model_core_stage_4,1096,159300.349055848
model_core_stage_5,1096,159300.349055848
model_core_stage_6,1096,159300.349055848
model_core_stage_7,1096,149701.491413611
model_core,1097,1225072.255628340
model_core_stage_0,1097,139397.444514559
model_core_stage_1,1097,139397.444514559
model_core_stage_2,1097,159311.365159496
model_core_stage_3,1097,159311.365159496
model_core_stage_4,1097,159311.365159496
model_core_stage_5,1097,159311.365159496
model_core_stage_6,1097,159311.365159496
model_core_stage_7,1097,149720.540801739
model_core,1098,1225165.663716039
model_core_stage_0,1098,139407.083605245
model_core_stage_1,1098,139407.083605245
model_core_stage_2,1098,159322.381263137
model_core_stage_3,1098,159322.381263137
model_core_stage_4,1098,159322.381263137
model_core_stage_5,1098,159322.381263137
model_core_stage_6,1098,159322.381263137
model_core_stage_7,1098,149739.590189861
model_core,1099,1225259.071803683
model_core_stage_0,1099,139416.722695925
model_core_stage_1,1099,139416.722695925
model_core_stage_2,1099,159333.397366771
model_core_stage_3,1099,159333.397366771
model_core_stage_4,1099,159333.397366771
model_core_stage_5,1099,159333.397366771
model_core_stage_6,1099,159333.397366771
model_core_stage_7,1099,149758.639577976
model_core,1100,1225352.479891273
model_core_stage_0,1100,139426.361786598
model_core_stage_1,1100,139426.361786598
model_core_stage_2,1100,159344.413470398
model_core_stage_3,1100,159344.413470398
model_core_stage_4,1100,159344.413470398
model_core_stage_5,1100,159344.413470398
model_core_stage_6,1100,159344.413470398
model_core_stage_7,1100,149777.688966086
model_core,1101,1225445.887978811
model_core_stage_0,1101,139436.000877266
model_core_stage_1,1101,139436.000877266
model_core_stage_2,1101,159355.429574018
model_core_stage_3,1101,159355.429574018
model_core_stage_4,1101,159355.429574018
model_core_stage_5,1101,159355.429574018
model_core_stage_6,1101,159355.429574018
model_core_stage_7,1101,149796.738354189
model_core,1102,1225539.296066297
model_core_stage_0,1102,139445.639967927
model_core_stage_1,1102,139445.639967927
model_core_stage_2,1102,159366.445677631
model_core_stage_3,1102,159366.445677631
model_core_stage_4,1102,159366.445677631
model_core_stage_5,1102,159366.445677631
model_core_stage_6,1102,159366.445677631
model_core_stage_7,1102,149815.787742286
model_core,1103,1225632.704153733
model_core_stage_0,1103,139455.279058583
model_core_stage_1,1103,139455.279058583
model_core_stage_2,1103,159377.461781238
model_core_stage_3,1103,159377.461781238
model_core_stage_4,1103,159377.461781238
model_core_stage_5,1103,159377.461781238
model_core_stage_6,1103,159377.461781238
model_core_stage_7,1103,149834.837130378
model_core,1104,1225726.112241119
model_core_stage_0,1104,139464.918149233
model_core_stage_1,1104,139464.918149233
model_core_stage_2,1104,159388.477884838
model_core_stage_3,1104,159388.477884838
model_core_stage_4,1104,159388.477884838
model_core_stage_5,1104,159388.477884838
model_core_stage_6,1104,159388.477884838
model_core_stage_7,1104,149853.886518464
model_core,1105,1225819.520328458
model_core_stage_0,1105,139474.557239878
model_core_stage_1,1105,139474.557239878
model_core_stage_2,1105,159399.493988432
model_core_stage_3,1105,159399.493988432
model_core_stage_4,1105,159399.493988432
model_core_stage_5,1105,159399.493988432
model_core_stage_6,1105,159399.493988432
model_core_stage_7,1105,149872.935906544
model_core,1106,1225912.928415749
model_core_stage_0,1106,139484.196330517
model_core_stage_1,1106,139484.196330517
model_core_stage_2,1106,159410.510092019
model_core_stage_3,1106,159410.510092019
model_core_stage_4,1106,159410.510092019
model_core_stage_5,1106,159410.510092019
model_core_stage_6,1106,159410.510092019
model_core_stage_7,1106,149891.985294619
model_core,1107,1226006.336502993
model_core_stage_0,1107,139493.835421151
model_core_stage_1,1107,139493.835421151
model_core_stage_2,1107,159421.526195601
model_core_stage_3,1107,159421.526195601
model_core_stage_4,1107,159421.526195601
model_core_stage_5,1107,159421.526195601
model_core_stage_6,1107,159421.526195601
model_core_stage_7,1107,149911.034682689
model_core,1108,1226099.744590192
model_core_stage_0,1108,139503.474511779
model_core_stage_1,1108,139503.474511779
model_core_stage_2,1108,159432.542299176
model_core_stage_3,1108,159432.542299176
model_core_stage_4,1108,159432.542299176
model_core_stage_5,1108,159432.542299176
model_core_stage_6,1108,159432.542299176
model_core_stage_7,1108,149930.084070753
model_core,1109,1226193.152677347
model_core_stage_0,1109,139513.113602403
model_core_stage_1,1109,139513.113602403
model_core_stage_2,1109,159443.558402746
model_core_stage_3,1109,159443.558402746
model_core_stage_4,1109,159443.558402746
model_core_stage_5,1109,159443.558402746
model_core_stage_6,1109,159443.558402746
model_core_stage_7,1109,149949.133458813
model_core,1110,1226286.560764458
model_core_stage_0,1110,139522.752693021
model_core_stage_1,1110,139522.752693021
model_core_stage_2,1110,159454.574506310
model_core_stage_3,1110,159454.574506310
model_core_stage_4,1110,159454.574506310
model_core_stage_5,1110,159454.574506310
model_core_stage_6,1110,159454.574506310
model_core_stage_7,1110,149968.182846867
model_core,1111,1226379.968851527
model_core_stage_0,1111,139532.391783635
model_core_stage_1,1111,139532.391783635
model_core_stage_2,1111,159465.590609868
model_core_stage_3,1111,159465.590609868
model_core_stage_4,1111,159465.590609868
model_core_stage_5,1111,159465.590609868
model_core_stage_6,1111,159465.590609868
model_core_stage_7,1111,149987.232234917
model_core,1112,1226473.376938554
model_core_stage_0,1112,139542.030874243
model_core_stage_1,1112,139542.030874243
model_core_stage_2,1112,159476.606713421
model_core_stage_3,1112,159476.606713421
model_core_stage_4,1112,159476.606713421
model_core_stage_5,1112,159476.606713421
model_core_stage_6,1112,159476.606713421
model_core_stage_7,1112,150006.281622961
model_core,1113,1226566.785025540
model_core_stage_0,1113,139551.669964848
model_core_stage_1,1113,139551.669964848
model_core_stage_2,1113,159487.622816969
model_core_stage_3,1113,159487.622816969
model_core_stage_4,1113,159487.622816969
model_core_stage_5,1113,159487.622816969
model_core_stage_6,1113,159487.622816969
model_core_stage_7,1113,150025.331011001
model_core,1114,1226660.193112486
model_core_stage_0,1114,139561.309055447
model_core_stage_1,1114,139561.309055447
model_core_stage_2,1114,159498.638920511
model_core_stage_3,1114,159498.638920511
model_core_stage_4,1114,159498.638920511
model_core_stage_5,1114,159498.638920511
model_core_stage_6,1114,159498.638920511
model_core_stage_7,1114,150044.380399037
model_core,1115,1226753.601199392
model_core_stage_0,1115,139570.948146042
model_core_stage_1,1115,139570.948146042
model_core_stage_2,1115,159509.655024048
model_core_stage_3,1115,159509.655024048
model_core_stage_4,1115,159509.655024048
model_core_stage_5,1115,159509.655024048
model_core_stage_6,1115,159509.655024048
model_core_stage_7,1115,150063.429787068
model_core,1116,1226847.009286260
model_core_stage_0,1116,139580.587236633
model_core_stage_1,1116,139580.587236633
model_core_stage_2,1116,159520.671127580
model_core_stage_3,1116,159520.671127580
model_core_stage_4,1116,159520.671127580
model_core_stage_5,1116,159520.671127580
model_core_stage_6,1116,159520.671127580
model_core_stage_7,1116,150082.479175094
model_core,1117,1226940.417373091
model_core_stage_0,1117,139590.226327219
model_core_stage_1,1117,139590.226327219
model_core_stage_2,1117,159531.687231107
model_core_stage_3,1117,159531.687231107
model_core_stage_4,1117,159531.687231107
model_core_stage_5,1117,159531.687231107
model_core_stage_6,1117,159531.687231107
model_core_stage_7,1117,150101.528563116
model_core,1118,1227033.825459885
model_core_stage_0,1118,139599.865417801
model_core_stage_1,1118,139599.865417801
model_core_stage_2,1118,159542.703334630
model_core_stage_3,1118,159542.703334630
model_core_stage_4,1118,159542.703334630
model_core_stage_5,1118,159542.703334630
model_core_stage_6,1118,159542.703334630
model_core_stage_7,1118,150120.577951134
model_core,1119,1227127.233546642
model_core_stage_0,1119,139609.504508379
model_core_stage_1,1119,139609.504508379
model_core_stage_2,1119,159553.719438147
model_core_stage_3,1119,159553.719438147
model_core_stage_4,1119,159553.719438147
model_core_stage_5,1119,159553.719438147
model_core_stage_6,1119,159553.719438147
model_core_stage_7,1119,150139.627339148
model_core,1120,1227220.641633365
model_core_stage_0,1120,139619.143598953
model_core_stage_1,1120,139619.143598953
model_core_stage_2,1120,159564.735541660
model_core_stage_3,1120,159564.735541660
model_core_stage_4,1120,159564.735541660
model_core_stage_5,1120,159564.735541660
model_core_stage_6,1120,159564.735541660
model_core_stage_7,1120,150158.676727158
model_core,1121,1227314.049720052
model_core_stage_0,1121,139628.782689523
model_core_stage_1,1121,139628.782689523
model_core_stage_2,1121,159575.751645169
model_core_stage_3,1121,159575.751645169
model_core_stage_4,1121,159575.751645169
model_core_stage_5,1121,159575.751645169
model_core_stage_6,1121,159575.751645169
model_core_stage_7,1121,150177.726115164
model_core,1122,1227407.457806706
model_core_stage_0,1122,139638.421780089
model_core_stage_1,1122,139638.421780089
model_core_stage_2,1122,159586.767748673
model_core_stage_3,1122,159586.767748673
model_core_stage_4,1122,159586.767748673
model_core_stage_5,1122,159586.767748673
model_core_stage_6,1122,159586.767748673
model_core_stage_7,1122,150196.775503166
model_core,1123,1227500.865893327
model_core_stage_0,1123,139648.060870651
model_core_stage_1,1123,139648.060870651
model_core_stage_2,1123,159597.783852172
model_core_stage_3,1123,159597.783852172
model_core_stage_4,1123,159597.783852172
model_core_stage_5,1123,159597.783852172
model_core_stage_6,1123,159597.783852172
model_core_stage_7,1123,150215.824891164
model_core,1124,1227594.273979915
model_core_stage_0,1124,139657.699961209
model_core_stage_1,1124,139657.699961209
model_core_stage_2,1124,159608.799955668
model_core_stage_3,1124,159608.799955668
model_core_stage_4,1124,159608.799955668
model_core_stage_5,1124,159608.799955668
model_core_stage_6,1124,159608.799955668
model_core_stage_7,1124,150234.874279158
model_core,1125,1227687.682066471
model_core_stage_0,1125,139667.339051764
model_core_stage_1,1125,139667.339051764
model_core_stage_2,1125,159619.816059159
model_core_stage_3,1125,159619.816059159
model_core_stage_4,1125,159619.816059159
model_core_stage_5,1125,159619.816059159
model_core_stage_6,1125,159619.816059159
model_core_stage_7,1125,150253.923667149
model_core,1126,1227781.090152996
model_core_stage_0,1126,139676.978142315
model_core_stage_1,1126,139676.978142315
model_core_stage_2,1126,159630.832162646
model_core_stage_3,1126,159630.832162646
model_core_stage_4,1126,159630.832162646
model_core_stage_5,1126,159630.832162646
model_core_stage_6,1126,159630.832162646
model_core_stage_7,1126,150272.973055136
model_core,1127,1227874.498239491
model_core_stage_0,1127,139686.617232863
model_core_stage_1,1127,139686.617232863
model_core_stage_2,1127,159641.848266129
model_core_stage_3,1127,159641.848266129
model_core_stage_4,1127,159641.848266129
model_core_stage_5,1127,159641.848266129
model_core_stage_6,1127,159641.848266129
model_core_stage_7,1127,150292.022443119
model_core,1128,1227967.906325955
model_core_stage_0,1128,139696.256323407
model_core_stage_1,1128,139696.256323407
model_core_stage_2,1128,159652.864369608
model_core_stage_3,1128,159652.864369608
model_core_stage_4,1128,159652.864369608
model_core_stage_5,1128,159652.864369608
model_core_stage_6,1128,159652.864369608
model_core_stage_7,1128,150311.071831100
model_core,1129,1228061.314412391
model_core_stage_0,1129,139705.895413948
model_core_stage_1,1129,139705.895413948
model_core_stage_2,1129,159663.880473084
model_core_stage_3,1129,159663.880473084
model_core_stage_4,1129,159663.880473084
model_core_stage_5,1129,159663.880473084
model_core_stage_6,1129,159663.880473084
model_core_stage_7,1129,150330.121219076
model_core,1130,1228154.722498798
model_core_stage_0,1130,139715.534504486
model_core_stage_1,1130,139715.534504486
model_core_stage_2,1130,159674.896576555
model_core_stage_3,1130,159674.896576555
model_core_stage_4,1130,159674.896576555
model_core_stage_5,1130,159674.896576555
model_core_stage_6,1130,159674.896576555
model_core_stage_7,1130,150349.170607050
model_core,1131,1228248.130585176
model_core_stage_0,1131,139725.173595020
model_core_stage_1,1131,139725.173595020
model_core_stage_2,1131,159685.912680023
model_core_stage_3,1131,159685.912680023
model_core_stage_4,1131,159685.912680023
model_core_stage_5,1131,159685.912680023
model_core_stage_6,1131,159685.912680023
model_core_stage_7,1131,150368.219995020
model_core,1132,1228341.538671527
model_core_stage_0,1132,139734.812685551
model_core_stage_1,1132,139734.812685551
model_core_stage_2,1132,159696.928783487
model_core_stage_3,1132,159696.928783487
model_core_stage_4,1132,159696.928783487
model_core_stage_5,1132,159696.928783487
model_core_stage_6,1132,159696.928783487
model_core_stage_7,1132,150387.269382987
model_core,1133,1228434.946757851
model_core_stage_0,1133,139744.451776080
model_core_stage_1,1133,139744.451776080
model_core_stage_2,1133,159707.944886948
model_core_stage_3,1133,159707.944886948
model_core_stage_4,1133,159707.944886948
model_core_stage_5,1133,159707.944886948
model_core_stage_6,1133,159707.944886948
model_core_stage_7,1133,150406.318770951
model_core,1134,1228528.354844149
model_core_stage_0,1134,139754.090866605
model_core_stage_1,1134,139754.090866605
model_core_stage_2,1134,159718.960990405
model_core_stage_3,1134,159718.960990405
model_core_stage_4,1134,159718.960990405
model_core_stage_5,1134,159718.960990405
model_core_stage_6,1134,159718.960990405
model_core_stage_7,1134,150425.368158912
model_core,1135,1228621.762930421
model_core_stage_0,1135,139763.729957127
model_core_stage_1,1135,139763.729957127
model_core_stage_2,1135,159729.977093859
model_core_stage_3,1135,159729.977093859
model_core_stage_4,1135,159729.977093859
model_core_stage_5,1135,159729.977093859
model_core_stage_6,1135,159729.977093859
model_core_stage_7,1135,150444.417546871
model_core,1136,1228715.171016668
model_core_stage_0,1136,139773.369047646
model_core_stage_1,1136,139773.369047646
model_core_stage_2,1136,159740.993197310
model_core_stage_3,1136,159740.993197310
model_core_stage_4,1136,159740.993197310
model_core_stage_5,1136,159740.993197310
model_core_stage_6,1136,159740.993197310
model_core_stage_7,1136,150463.466934826
model_core,1137,1228808.579102889
model_core_stage_0,1137,139783.008138163
model_core_stage_1,1137,139783.008138163
model_core_stage_2,1137,159752.009300757
model_core_stage_3,1137,159752.009300757
model_core_stage_4,1137,159752.009300757
model_core_stage_5,1137,159752.009300757
model_core_stage_6,1137,159752.009300757
model_core_stage_7,1137,150482.516322778
model_core,1138,1228901.987189087
model_core_stage_0,1138,139792.647228676
model_core_stage_1,1138,139792.647228676
model_core_stage_2,1138,159763.025404201
model_core_stage_3,1138,159763.025404201
model_core_stage_4,1138,159763.025404201
model_core_stage_5,1138,159763.025404201
model_core_stage_6,1138,159763.025404201
model_core_stage_7,1138,150501.565710727
model_core,1139,1228995.395275261
model_core_stage_0,1139,139802.286319187
model_core_stage_1,1139,139802.286319187
model_core_stage_2,1139,159774.041507642
model_core_stage_3,1139,159774.041507642
model_core_stage_4,1139,159774.041507642
model_core_stage_5,1139,159774.041507642
model_core_stage_6,1139,159774.041507642
model_core_stage_7,1139,150520.615098674
model_core,1140,1229088.803361411
model_core_stage_0,1140,139811.925409695
model_core_stage_1,1140,139811.925409695
model_core_stage_2,1140,159785.057611080
model_core_stage_3,1140,159785.057611080
model_core_stage_4,1140,159785.057611080
model_core_stage_5,1140,159785.057611080
model_core_stage_6,1140,159785.057611080
model_core_stage_7,1140,150539.664486618
model_core,1141,1229182.211447539
model_core_stage_0,1141,139821.564500201
model_core_stage_1,1141,139821.564500201
model_core_stage_2,1141,159796.073714515
model_core_stage_3,1141,159796.073714515
model_core_stage_4,1141,159796.073714515
model_core_stage_5,1141,159796.073714515
model_core_stage_6,1141,159796.073714515
model_core_stage_7,1141,150558.713874560
model_core,1142,1229275.619533644
model_core_stage_0,1142,139831.203590704
model_core_stage_1,1142,139831.203590704
model_core_stage_2,1142,159807.089817947
model_core_stage_3,1142,159807.089817947
model_core_stage_4,1142,159807.089817947
model_core_stage_5,1142,159807.089817947
model_core_stage_6,1142,159807.089817947
model_core_stage_7,1142,150577.763262499
model_core,1143,1229369.027619727
model_core_stage_0,1143,139840.842681205
model_core_stage_1,1143,139840.842681205
model_core_stage_2,1143,159818.105921377
model_core_stage_3,1143,159818.105921377
model_core_stage_4,1143,159818.105921377
model_core_stage_5,1143,159818.105921377
model_core_stage_6,1143,159818.105921377
model_core_stage_7,1143,150596.812650435
model_core,1144,1229462.435705790
model_core_stage_0,1144,139850.481771703
model_core_stage_1,1144,139850.481771703
model_core_stage_2,1144,159829.122024803
model_core_stage_3,1144,159829.122024803
model_core_stage_4,1144,159829.122024803
model_core_stage_5,1144,159829.122024803
model_core_stage_6,1144,159829.122024803
model_core_stage_7,1144,150615.862038369
model_core,1145,1229555.843791831
model_core_stage_0,1145,139860.120862198
model_core_stage_1,1145,139860.120862198
model_core_stage_2,1145,159840.138128227
model_core_stage_3,1145,159840.138128227
model_core_stage_4,1145,159840.138128227
model_core_stage_5,1145,159840.138128227
model_core_stage_6,1145,159840.138128227
model_core_stage_7,1145,150634.911426301
model_core,1146,1229649.251877851
model_core_stage_0,1146,139869.759952692
model_core_stage_1,1146,139869.759952692
model_core_stage_2,1146,159851.154231648
model_core_stage_3,1146,159851.154231648
model_core_stage_4,1146,159851.154231648
model_core_stage_5,1146,159851.154231648
model_core_stage_6,1146,159851.154231648
model_core_stage_7,1146,150653.960814230
model_core,1147,1229742.659963852
model_core_stage_0,1147,139879.399043183
model_core_stage_1,1147,139879.399043183
model_core_stage_2,1147,159862.170335066
model_core_stage_3,1147,159862.170335066
model_core_stage_4,1147,159862.170335066
model_core_stage_5,1147,159862.170335066
model_core_stage_6,1147,159862.170335066
model_core_stage_7,1147,150673.010202157
model_core,1148,1229836.068049832
model_core_stage_0,1148,139889.038133671
model_core_stage_1,1148,139889.038133671
model_core_stage_2,1148,159873.186438482
model_core_stage_3,1148,159873.186438482
model_core_stage_4,1148,159873.186438482
model_core_stage_5,1148,159873.186438482
model_core_stage_6,1148,159873.186438482
model_core_stage_7,1148,150692.059590082
model_core,1149,1229929.476135794
model_core_stage_0,1149,139898.677224158
model_core_stage_1,1149,139898.677224158
model_core_stage_2,1149,159884.202541895
model_core_stage_3,1149,159884.202541895
model_core_stage_4,1149,159884.202541895
model_core_stage_5,1149,159884.202541895
model_core_stage_6,1149,159884.202541895
model_core_stage_7,1149,150711.108978004
model_core,1150,1230022.884221736
model_core_stage_0,1150,139908.316314642
model_core_stage_1,1150,139908.316314642
model_core_stage_2,1150,159895.218645305
model_core_stage_3,1150,159895.218645305
model_core_stage_4,1150,159895.218645305
model_core_stage_5,1150,159895.218645305
model_core_stage_6,1150,159895.218645305
model_core_stage_7,1150,150730.158365924
model_core,1151,1230116.292307660
model_core_stage_0,1151,139917.955405124
model_core_stage_1,1151,139917.955405124
model_core_stage_2,1151,159906.234748714
model_core_stage_3,1151,159906.234748714
model_core_stage_4,1151,159906.234748714
model_core_stage_5,1151,159906.234748714
model_core_stage_6,1151,159906.234748714
model_core_stage_7,1151,150749.207753842
model_core,1152,1230209.700393566
model_core_stage_0,1152,139927.594495605
model_core_stage_1,1152,139927.594495605
model_core_stage_2,1152,159917.250852120
model_core_stage_3,1152,159917.250852120
model_core_stage_4,1152,159917.250852120
model_core_stage_5,1152,159917.250852120
model_core_stage_6,1152,159917.250852120
model_core_stage_7,1152,150768.257141758
