layer,sequences,time_us
model_core,1,23108.056374667
model_core_stage_0,1,23108.056374667
model_core,2,26562.722838960
model_core_stage_0,2,26562.722838960
model_core,3,29937.296678151
model_core_stage_0,3,29937.296678151
model_core,4,33233.636826593
model_core_stage_0,4,33233.636826593
model_core,5,36453.559073131
model_core_stage_0,5,36453.559073131
model_core,6,39598.837062502
model_core_stage_0,6,39598.837062502
model_core,7,42671.203273492
model_core_stage_0,7,42671.203273492
model_core,8,45672.349974387
model_core_stage_0,8,45672.349974387
model_core,9,48603.930156255
model_core_stage_0,9,48603.930156255
model_core,10,51467.558444561
model_core_stage_0,10,51467.558444561
model_core,11,54264.811989624
model_core_stage_0,11,54264.811989624
model_core,12,56997.231336408
model_core_stage_0,12,56997.231336408
model_core,13,59666.321274129
model_core_stage_0,13,59666.321274129
model_core,14,62273.551666132
model_core_stage_0,14,62273.551666132
model_core,15,64820.358260522
model_core_stage_0,15,64820.358260522
model_core,16,67308.143481966
model_core_stage_0,16,67308.143481966
model_core,17,69738.277205123
model_core_stage_0,17,69738.277205123
model_core,18,72112.097510130
model_core_stage_0,18,72112.097510130
model_core,19,74430.911420541
model_core_stage_0,19,74430.911420541
model_core,20,76695.995624145
model_core_stage_0,20,76695.995624145
model_core,21,78908.597177056
model_core_stage_0,21,78908.597177056
model_core,22,81069.934191453
model_core_stage_0,22,81069.934191453
model_core,23,83181.196507371
model_core_stage_0,23,83181.196507371
model_core,24,85243.546348885
model_core_stage_0,24,85243.546348885
model_core,25,87258.118965075
model_core_stage_0,25,87258.118965075
model_core,26,89226.023256109
model_core_stage_0,26,89226.023256109
model_core,27,91148.342384795
model_core_stage_0,27,91148.342384795
model_core,28,93026.134373943
model_core_stage_0,28,93026.134373943
model_core,29,94860.432689859
model_core_stage_0,29,94860.432689859
model_core,30,96652.246812293
model_core_stage_0,30,96652.246812293
model_core,31,98402.562791167
model_core_stage_0,31,98402.562791167
model_core,32,100112.343790374
model_core_stage_0,32,100112.343790374
model_core,33,101782.530618960
model_core_stage_0,33,101782.530618960
model_core,34,103414.042249975
model_core_stage_0,34,103414.042249975
model_core,35,105007.776327280
model_core_stage_0,35,105007.776327280
model_core,36,106564.609660597
model_core_stage_0,36,106564.609660597
model_core,37,108085.398709064
model_core_stage_0,37,108085.398709064
model_core,38,109570.980053568
model_core_stage_0,38,109570.980053568
model_core,39,111022.170858114
model_core_stage_0,39,111022.170858114
model_core,40,112439.769320490
model_core_stage_0,40,112439.769320490
model_core,41,113824.555112466
model_core_stage_0,41,113824.555112466
model_core,42,115177.289809782
model_core_stage_0,42,115177.289809782
model_core,43,116498.717312151
model_core_stage_0,43,116498.717312151
model_core,44,117789.564253520
model_core_stage_0,44,117789.564253520
model_core,45,119050.540402798
model_core_stage_0,45,119050.540402798
model_core,46,120282.339055300
model_core_stage_0,46,120282.339055300
model_core,47,121485.637415088
model_core_stage_0,47,121485.637415088
model_core,48,122661.096968447
model_core_stage_0,48,122661.096968447
model_core,49,123809.363848696
model_core_stage_0,49,123809.363848696
model_core,50,124931.069192524
model_core_stage_0,50,124931.069192524
model_core,51,126026.829488058
model_core_stage_0,51,126026.829488058
model_core,52,127097.246914856
model_core_stage_0,52,127097.246914856
model_core,53,128142.909676004
model_core_stage_0,53,128142.909676004
model_core,54,129164.392322508
model_core_stage_0,54,129164.392322508
model_core,55,130162.256070158
model_core_stage_0,55,130162.256070158
model_core,56,131137.049109031
model_core_stage_0,56,131137.049109031
model_core,57,132089.306905821
model_core_stage_0,57,132089.306905821
model_core,58,133019.552499142
model_core_stage_0,58,133019.552499142
model_core,59,133928.296787982
model_core_stage_0,59,133928.296787982
model_core,60,134816.038813464
model_core_stage_0,60,134816.038813464
model_core,61,135683.266034063
model_core_stage_0,61,135683.266034063
model_core,62,136530.454594435
model_core_stage_0,62,136530.454594435
model_core,63,137358.069588012
model_core_stage_0,63,137358.069588012
model_core,64,138166.565313498
model_core_stage_0,64,138166.565313498
model_core,65,138956.385525411
model_core_stage_0,65,138956.385525411
model_core,66,139727.963678812
model_core_stage_0,66,139727.963678811
model_core,67,140481.723168353
model_core_stage_0,67,140481.723168353
model_core,68,141218.077561780
model_core_stage_0,68,141218.077561780
model_core,69,141937.430828012
model_core_stage_0,69,141937.430828012
model_core,70,142640.177559924
model_core_stage_0,70,142640.177559924
model_core,71,143326.703191969
model_core_stage_0,71,143326.703191969
model_core,72,143997.384212741
model_core_stage_0,72,143997.384212741
model_core,73,144652.588372607
model_core_stage_0,73,144652.588372607
model_core,74,145292.674886516
model_core_stage_0,74,145292.674886516
model_core,75,145917.994632111
model_core_stage_0,75,145917.994632111
model_core,76,146528.890343230
model_core_stage_0,76,146528.890343230
model_core,77,147125.696798927
model_core_stage_0,77,147125.696798927
model_core,78,147708.741008098
model_core_stage_0,78,147708.741008098
model_core,79,148278.342389825
model_core_stage_0,79,148278.342389825
model_core,80,148834.812949535
model_core_stage_0,80,148834.812949535
model_core,81,149378.457451071
model_core_stage_0,81,149378.457451071
model_core,82,149909.573584764
model_core_stage_0,82,149909.573584764
model_core,83,150428.452131611
model_core_stage_0,83,150428.452131611
model_core,84,150935.377123637
model_core_stage_0,84,150935.377123637
model_core,85,151430.626000542
model_core_stage_0,85,151430.626000542
model_core,86,151914.469762699
model_core_stage_0,86,151914.469762699
model_core,87,152387.173120620
model_core_stage_0,87,152387.173120620
model_core,88,152848.994640933
model_core_stage_0,88,152848.994640933
model_core,89,153300.186888986
model_core_stage_0,89,153300.186888986
model_core,90,153740.996568136
model_core_stage_0,90,153740.996568136
model_core,91,154171.664655799
model_core_stage_0,91,154171.664655799
model_core,92,154592.426536356
model_core_stage_0,92,154592.426536356
model_core,93,155003.512130957
model_core_stage_0,93,155003.512130957
model_core,94,155405.146024332
model_core_stage_0,94,155405.146024332
model_core,95,155797.547588638
model_core_stage_0,95,155797.547588638
model_core,96,156180.931104450
model_core_stage_0,96,156180.931104450
model_core,97,156555.505878930
model_core_stage_0,97,156555.505878930
model_core,98,156921.476361264
model_core_stage_0,98,156921.476361264
model_core,99,157279.042255408
model_core_stage_0,99,157279.042255408
model_core,100,157628.398630230
model_core_stage_0,100,157628.398630230
model_core,101,157969.736027089
model_core_stage_0,101,157969.736027089
model_core,102,158303.240564913
model_core_stage_0,102,158303.240564913
model_core,103,158629.094042846
model_core_stage_0,103,158629.094042846
model_core,104,158947.474040510
model_core_stage_0,104,158947.474040510
model_core,105,159258.554015938
model_core_stage_0,105,159258.554015938
model_core,106,159562.503401237
model_core_stage_0,106,159562.503401237
model_core,107,159859.487696023
model_core_stage_0,107,159859.487696023
model_core,108,160149.668558704
model_core_stage_0,108,160149.668558704
model_core,109,160433.203895623
model_core_stage_0,109,160433.203895623
model_core,110,160710.247948148
model_core_stage_0,110,160710.247948148
model_core,111,160980.951377737
model_core_stage_0,111,160980.951377737
model_core,112,161245.461349023
model_core_stage_0,112,161245.461349023
model_core,113,161503.921610976
model_core_stage_0,113,161503.921610976
model_core,114,161756.472576180
model_core_stage_0,114,161756.472576180
model_core,115,162003.251398272
model_core_stage_0,115,162003.251398272
model_core,116,162244.392047578
model_core_stage_0,116,162244.392047578
model_core,117,162480.025384998
model_core_stage_0,117,162480.025384998
model_core,118,162710.279234178
model_core_stage_0,118,162710.279234178
model_core,119,162935.278451999
model_core_stage_0,119,162935.278451999
model_core,120,163155.144997440
model_core_stage_0,120,163155.144997440
model_core,121,163369.997998837
model_core_stage_0,121,163369.997998837
model_core,122,163579.953819576
model_core_stage_0,122,163579.953819576
model_core,123,163785.126122274
model_core_stage_0,123,163785.126122274
model_core,124,163985.625931463
model_core_stage_0,124,163985.625931463
model_core,125,164181.561694811
model_core_stage_0,125,164181.561694811
model_core,126,164373.039342943
model_core_stage_0,126,164373.039342943
model_core,127,164560.162347849
model_core_stage_0,127,164560.162347849
model_core,128,164743.031779960
model_core_stage_0,128,164743.031779960
model_core,129,164921.746363876
model_core_stage_0,129,164921.746363876
model_core,130,165096.402532821
model_core_stage_0,130,165096.402532821
model_core,131,165267.094481824
model_core_stage_0,131,165267.094481824
model_core,132,165433.914219662
model_core_stage_0,132,165433.914219662
model_core,133,165596.951619609
model_core_stage_0,133,165596.951619609
model_core,134,165756.294468997
model_core_stage_0,134,165756.294468997
model_core,135,165912.028517629
model_core_stage_0,135,165912.028517629
model_core,136,166064.237525075
model_core_stage_0,136,166064.237525075
model_core,137,166213.003306858
model_core_stage_0,137,166213.003306858
model_core,138,166380.751993208
model_core_stage_0,138,166380.751993208
model_core,139,166548.939801189
model_core_stage_0,139,166548.939801189
model_core,140,166713.918611819
model_core_stage_0,140,166713.918611819
model_core,141,166875.762905306
model_core_stage_0,141,166875.762905306
model_core,142,167034.545433187
model_core_stage_0,142,167034.545433187
model_core,143,167190.337258451
model_core_stage_0,143,167190.337258451
model_core,144,167343.207794728
model_core_stage_0,144,167343.207794728
model_core,145,167493.224844569
model_core_stage_0,145,167493.224844569
model_core,146,167640.454636845
model_core_stage_0,146,167640.454636845
model_core,147,167784.961863264
model_core_stage_0,147,167784.961863264
model_core,148,167926.809714054
model_core_stage_0,148,167926.809714054
model_core,149,168066.059912809
model_core_stage_0,149,168066.059912809
model_core,150,168202.772750532
model_core_stage_0,150,168202.772750532
model_core,151,168337.007118881
model_core_stage_0,151,168337.007118881
model_core,152,168468.820542652
model_core_stage_0,152,168468.820542652
model_core,153,168598.269211501
model_core_stage_0,153,168598.269211501
model_core,154,168725.408010932
model_core_stage_0,154,168725.408010932
model_core,155,168850.290552568
model_core_stage_0,155,168850.290552568
model_core,156,168972.969203718
model_core_stage_0,156,168972.969203718
model_core,157,169093.495116252
model_core_stage_0,157,169093.495116252
model_core,158,169211.918254818
model_core_stage_0,158,169211.918254818
model_core,159,169328.287424395
model_core_stage_0,159,169328.287424395
model_core,160,169442.650297204
model_core_stage_0,160,169442.650297204
model_core,161,169555.053439007
model_core_stage_0,161,169555.053439007
model_core,162,169665.542334782
model_core_stage_0,162,169665.542334782
model_core,163,169774.161413808
model_core_stage_0,163,169774.161413808
model_core,164,169880.954074172
model_core_stage_0,164,169880.954074172
model_core,165,169985.962706697
model_core_stage_0,165,169985.962706697
model_core,166,170089.228718325
model_core_stage_0,166,170089.228718325
model_core,167,170190.792554950
model_core_stage_0,167,170190.792554950
model_core,168,170290.693723726
model_core_stage_0,168,170290.693723726
model_core,169,170388.970814851
model_core_stage_0,169,170388.970814851
model_core,170,170485.661522854
model_core_stage_0,170,170485.661522854
model_core,171,170580.802667382
model_core_stage_0,171,170580.802667382
model_core,172,170674.430213501
model_core_stage_0,172,170674.430213501
model_core,173,170766.579291540
model_core_stage_0,173,170766.579291540
model_core,174,170857.284216457
model_core_stage_0,174,170857.284216457
model_core,175,170946.578506767
model_core_stage_0,175,170946.578506767
model_core,176,171034.494903025
model_core_stage_0,176,171034.494903025
model_core,177,171121.065385888
model_core_stage_0,177,171121.065385888
model_core,178,171206.321193745
model_core_stage_0,178,171206.321193745
model_core,179,171290.292839948
model_core_stage_0,179,171290.292839948
model_core,180,171373.010129642
model_core_stage_0,180,171373.010129642
model_core,181,171454.502176198
model_core_stage_0,181,171454.502176198
model_core,182,171534.797417274
model_core_stage_0,182,171534.797417274
model_core,183,171613.923630492
model_core_stage_0,183,171613.923630492
model_core,184,171691.907948765
model_core_stage_0,184,171691.907948765
model_core,185,171768.776875252
model_core_stage_0,185,171768.776875252
model_core,186,171844.556297982
model_core_stage_0,186,171844.556297982
model_core,187,171919.271504127
model_core_stage_0,187,171919.271504127
model_core,188,171992.947193947
model_core_stage_0,188,171992.947193947
model_core,189,172065.607494415
model_core_stage_0,189,172065.607494415
model_core,190,172137.275972523
model_core_stage_0,190,172137.275972523
model_core,191,172207.975648276
model_core_stage_0,191,172207.975648276
model_core,192,172277.729007389
model_core_stage_0,192,172277.729007389
model_core,193,172346.558013688
model_core_stage_0,193,172346.558013688
model_core,194,172414.484121224
model_core_stage_0,194,172414.484121224
model_core,195,172481.528286102
model_core_stage_0,195,172481.528286102
model_core,196,172547.710978042
model_core_stage_0,196,172547.710978042
model_core,197,172613.052191663
model_core_stage_0,197,172613.052191663
model_core,198,172677.571457515
model_core_stage_0,198,172677.571457515
model_core,199,172741.287852846
model_core_stage_0,199,172741.287852846
model_core,200,172804.220012127
model_core_stage_0,200,172804.220012127
model_core,201,172866.386137325
model_core_stage_0,201,172866.386137325
model_core,202,172927.804007942
model_core_stage_0,202,172927.804007942
model_core,203,172988.490990823
model_core_stage_0,203,172988.490990823
model_core,204,173048.464049730
model_core_stage_0,204,173048.464049730
model_core,205,173107.739754703
model_core_stage_0,205,173107.739754703
model_core,206,173166.334291189
model_core_stage_0,206,173166.334291189
model_core,207,173224.263468979
model_core_stage_0,207,173224.263468979
model_core,208,173281.542730919
model_core_stage_0,208,173281.542730919
model_core,209,173338.187161431
model_core_stage_0,209,173338.187161431
model_core,210,173394.211494829
model_core_stage_0,210,173394.211494829
model_core,211,173449.630123447
model_core_stage_0,211,173449.630123447
model_core,212,173504.457105577
model_core_stage_0,212,173504.457105577
model_core,213,173558.706173219
model_core_stage_0,213,173558.706173219
model_core,214,173612.390739656
model_core_stage_0,214,173612.390739656
model_core,215,173665.523906853
model_core_stage_0,215,173665.523906853
model_core,216,173718.118472679
model_core_stage_0,216,173718.118472679
model_core,217,173770.186937969
model_core_stage_0,217,173770.186937969
model_core,218,173821.741513413
model_core_stage_0,218,173821.741513413
model_core,219,173872.794126296
model_core_stage_0,219,173872.794126296
model_core,220,173923.356427072
model_core_stage_0,220,173923.356427072
model_core,221,173973.439795790
model_core_stage_0,221,173973.439795790
model_core,222,174023.055348371
model_core_stage_0,222,174023.055348371
model_core,223,174072.213942737
model_core_stage_0,223,174072.213942737
model_core,224,174120.926184799
model_core_stage_0,224,174120.926184799
model_core,225,174169.202434309
model_core_stage_0,225,174169.202434309
model_core,226,174217.052810569
model_core_stage_0,226,174217.052810569
model_core,227,174264.487198015
model_core_stage_0,227,174264.487198015
model_core,228,174311.515251668
model_core_stage_0,228,174311.515251668
model_core,229,174358.146402455
model_core_stage_0,229,174358.146402455
model_core,230,174404.389862417
model_core_stage_0,230,174404.389862417
model_core,231,174450.254629781
model_core_stage_0,231,174450.254629781
model_core,232,174495.749493930
model_core_stage_0,232,174495.749493930
model_core,233,174540.883040247
model_core_stage_0,233,174540.883040247
model_core,234,174585.663654847
model_core_stage_0,234,174585.663654847
model_core,235,174630.099529209
model_core_stage_0,235,174630.099529209
model_core,236,174674.198664686
model_core_stage_0,236,174674.198664686
model_core,237,174717.968876923
model_core_stage_0,237,174717.968876923
model_core,238,174761.417800165
model_core_stage_0,238,174761.417800165
model_core,239,174804.552891467
model_core_stage_0,239,174804.552891467
model_core,240,174847.381434808
model_core_stage_0,240,174847.381434808
model_core,241,174889.910545106
model_core_stage_0,241,174889.910545106
model_core,242,174932.147172146
model_core_stage_0,242,174932.147172146
model_core,243,174974.098104406
model_core_stage_0,243,174974.098104406
model_core,244,175015.769972808
model_core_stage_0,244,175015.769972808
model_core,245,175057.169254370
model_core_stage_0,245,175057.169254370
model_core,246,175098.302275779
model_core_stage_0,246,175098.302275779
model_core,247,175139.175216883
model_core_stage_0,247,175139.175216883
model_core,248,175179.794114094
model_core_stage_0,248,175179.794114094
model_core,249,175220.164863723
model_core_stage_0,249,175220.164863723
model_core,250,175260.293225227
model_core_stage_0,250,175260.293225227
model_core,251,175300.184824387
model_core_stage_0,251,175300.184824387
model_core,252,175339.845156413
model_core_stage_0,252,175339.845156413
model_core,253,175379.279588968
model_core_stage_0,253,175379.279588968
model_core,254,175418.493365137
model_core_stage_0,254,175418.493365137
model_core,255,175457.491606311
model_core_stage_0,255,175457.491606311
model_core,256,175496.279315017
model_core_stage_0,256,175496.279315017
model_core,257,175534.861377671
model_core_stage_0,257,175534.861377671
model_core,258,175573.242567279
model_core_stage_0,258,175573.242567279
model_core,259,175611.427546066
model_core_stage_0,259,175611.427546066
model_core,260,175649.420868047
model_core_stage_0,260,175649.420868047
model_core,261,175687.226981539
model_core_stage_0,261,175687.226981539
model_core,262,175724.850231616
model_core_stage_0,262,175724.850231616
model_core,263,175762.294862501
model_core_stage_0,263,175762.294862501
model_core,264,175799.565019911
model_core_stage_0,264,175799.565019911
model_core,265,175836.664753343
model_core_stage_0,265,175836.664753343
model_core,266,175873.598018304
model_core_stage_0,266,175873.598018304
model_core,267,175910.368678495
model_core_stage_0,267,175910.368678495
model_core,268,175946.980507941
model_core_stage_0,268,175946.980507941
model_core,269,175983.437193073
model_core_stage_0,269,175983.437193073
model_core,270,176019.742334760
model_core_stage_0,270,176019.742334760
model_core,271,176055.899450298
model_core_stage_0,271,176055.899450298
model_core,272,176091.911975343
model_core_stage_0,272,176091.911975343
model_core,273,176127.783265814
model_core_stage_0,273,176127.783265814
model_core,274,176163.516599737
model_core_stage_0,274,176163.516599737
model_core,275,176199.115179058
model_core_stage_0,275,176199.115179058
model_core,276,176234.582131405
model_core_stage_0,276,176234.582131405
model_core,277,176269.920511814
model_core_stage_0,277,176269.920511814
model_core,278,176305.133304415
model_core_stage_0,278,176305.133304415
model_core,279,176340.223424077
model_core_stage_0,279,176340.223424077
model_core,280,176375.193718015
model_core_stage_0,280,176375.193718015
model_core,281,176410.046967362
model_core_stage_0,281,176410.046967362
model_core,282,176444.785888698
model_core_stage_0,282,176444.785888698
model_core,283,176479.413135556
model_core_stage_0,283,176479.413135556
model_core,284,176513.931299879
model_core_stage_0,284,176513.931299879
model_core,285,176548.342913451
model_core_stage_0,285,176548.342913451
model_core,286,176582.650449294
model_core_stage_0,286,176582.650449294
model_core,287,176616.856323032
model_core_stage_0,287,176616.856323032
model_core,288,176650.962894224
model_core_stage_0,288,176650.962894224
model_core,289,176684.972467661
model_core_stage_0,289,176684.972467661
model_core,290,176718.887294644
model_core_stage_0,290,176718.887294644
model_core,291,176752.709574219
model_core_stage_0,291,176752.709574219
model_core,292,176786.441454394
model_core_stage_0,292,176786.441454394
model_core,293,176820.085033321
model_core_stage_0,293,176820.085033321
model_core,294,176853.642360455
model_core_stage_0,294,176853.642360455
model_core,295,176887.115437683
model_core_stage_0,295,176887.115437683
model_core,296,176920.506220430
model_core_stage_0,296,176920.506220430
model_core,297,176953.816618735
model_core_stage_0,297,176953.816618735
model_core,298,176987.048498304
model_core_stage_0,298,176987.048498304
model_core,299,177020.203681543
model_core_stage_0,299,177020.203681543
model_core,300,177053.283948559
model_core_stage_0,300,177053.283948559
model_core,301,177086.291038143
model_core_stage_0,301,177086.291038143
model_core,302,177119.226648728
model_core_stage_0,302,177119.226648728
model_core,303,177152.092439329
model_core_stage_0,303,177152.092439329
model_core,304,177184.890030454
model_core_stage_0,304,177184.890030454
model_core,305,177217.621004999
model_core_stage_0,305,177217.621004999
model_core,306,177250.286909122
model_core_stage_0,306,177250.286909122
model_core,307,177282.889253096
model_core_stage_0,307,177282.889253096
model_core,308,177315.429512139
model_core_stage_0,308,177315.429512139
model_core,309,177347.909127231
model_core_stage_0,309,177347.909127231
model_core,310,177380.329505905
model_core_stage_0,310,177380.329505905
model_core,311,177412.692023028
model_core_stage_0,311,177412.692023028
model_core,312,177444.998021555
model_core_stage_0,312,177444.998021555
model_core,313,177477.248813272
model_core_stage_0,313,177477.248813272
model_core,314,177509.445679518
model_core_stage_0,314,177509.445679518
model_core,315,177541.589871892
model_core_stage_0,315,177541.589871892
model_core,316,177573.682612946
model_core_stage_0,316,177573.682612946
model_core,317,177605.725096855
model_core_stage_0,317,177605.725096855
model_core,318,177637.718490076
model_core_stage_0,318,177637.718490076
model_core,319,177669.663931996
model_core_stage_0,319,177669.663931996
model_core,320,177701.562535555
model_core_stage_0,320,177701.562535555
model_core,321,177733.415387862
model_core_stage_0,321,177733.415387862
model_core,322,177765.223550795
model_core_stage_0,322,177765.223550795
model_core,323,177796.988061586
model_core_stage_0,323,177796.988061586
model_core,324,177828.709933392
model_core_stage_0,324,177828.709933392
model_core,325,177860.390155856
model_core_stage_0,325,177860.390155856
model_core,326,177892.029695651
model_core_stage_0,326,177892.029695651
model_core,327,177923.629497014
model_core_stage_0,327,177923.629497014
model_core,328,177955.190482267
model_core_stage_0,328,177955.190482267
model_core,329,177986.713552324
model_core_stage_0,329,177986.713552324
model_core,330,178018.199587189
model_core_stage_0,330,178018.199587189
model_core,331,178049.649446442
model_core_stage_0,331,178049.649446442
model_core,332,178081.063969711
model_core_stage_0,332,178081.063969711
model_core,333,178112.443977139
model_core_stage_0,333,178112.443977139
model_core,334,178143.790269831
model_core_stage_0,334,178143.790269831
model_core,335,178175.103630300
model_core_stage_0,335,178175.103630300
model_core,336,178206.384822896
model_core_stage_0,336,178206.384822896
model_core,337,178237.634594229
model_core_stage_0,337,178237.634594229
model_core,338,178268.853673581
model_core_stage_0,338,178268.853673581
model_core,339,178300.042773307
model_core_stage_0,339,178300.042773307
model_core,340,178331.202589228
model_core_stage_0,340,178331.202589228
model_core,341,178362.333801015
model_core_stage_0,341,178362.333801015
model_core,342,178393.437072566
model_core_stage_0,342,178393.437072566
model_core,343,178424.513052366
model_core_stage_0,343,178424.513052366
model_core,344,178455.562373854
model_core_stage_0,344,178455.562373854
model_core,345,178486.585655762
model_core_stage_0,345,178486.585655762
model_core,346,178517.583502465
model_core_stage_0,346,178517.583502465
model_core,347,178548.556504309
model_core_stage_0,347,178548.556504309
model_core,348,178579.505237938
model_core_stage_0,348,178579.505237938
model_core,349,178610.430266613
model_core_stage_0,349,178610.430266613
model_core,350,178641.332140521
model_core_stage_0,350,178641.332140521
model_core,351,178672.211397079
model_core_stage_0,351,178672.211397079
model_core,352,178703.068561233
model_core_stage_0,352,178703.068561233
model_core,353,178733.904145742
model_core_stage_0,353,178733.904145742
model_core,354,178764.718651467
model_core_stage_0,354,178764.718651467
model_core,355,178795.512567640
model_core_stage_0,355,178795.512567640
model_core,356,178826.286372143
model_core_stage_0,356,178826.286372143
model_core,357,178857.040531763
model_core_stage_0,357,178857.040531763
model_core,358,178887.775502453
model_core_stage_0,358,178887.775502453
model_core,359,178918.491729586
model_core_stage_0,359,178918.491729586
model_core,360,178949.189648195
model_core_stage_0,360,178949.189648195
model_core,361,178979.869683219
model_core_stage_0,361,178979.869683219
model_core,362,179010.532249730
model_core_stage_0,362,179010.532249730
model_core,363,179041.177753171
model_core_stage_0,363,179041.177753171
model_core,364,179071.806589572
model_core_stage_0,364,179071.806589572
model_core,365,179102.419145771
model_core_stage_0,365,179102.419145771
model_core,366,179133.015799630
model_core_stage_0,366,179133.015799630
model_core,367,179163.596920237
model_core_stage_0,367,179163.596920237
model_core,368,179194.162868117
model_core_stage_0,368,179194.162868117
model_core,369,179224.713995427
model_core_stage_0,369,179224.713995427
model_core,370,179255.250646148
model_core_stage_0,370,179255.250646148
model_core,371,179285.773156279
model_core_stage_0,371,179285.773156279
model_core,372,179316.281854021
model_core_stage_0,372,179316.281854021
model_core,373,179346.777059957
model_core_stage_0,373,179346.777059957
model_core,374,179377.259087228
model_core_stage_0,374,179377.259087228
model_core,375,179407.728241710
model_core_stage_0,375,179407.728241710
model_core,376,179438.184822177
model_core_stage_0,376,179438.184822177
model_core,377,179468.629120469
model_core_stage_0,377,179468.629120469
model_core,378,179499.061421654
model_core_stage_0,378,179499.061421654
model_core,379,179529.482004181
model_core_stage_0,379,179529.482004181
model_core,380,179559.891140040
model_core_stage_0,380,179559.891140040
model_core,381,179590.289094904
model_core_stage_0,381,179590.289094904
model_core,382,179620.676128283
model_core_stage_0,382,179620.676128283
model_core,383,179651.052493661
model_core_stage_0,383,179651.052493661
model_core,384,179681.418438642
model_core_stage_0,384,179681.418438642
model_core,385,179711.774205081
model_core_stage_0,385,179711.774205081
model_core,386,179742.120029219
model_core_stage_0,386,179742.120029219
model_core,387,179772.456141815
model_core_stage_0,387,179772.456141815
model_core,388,179802.782768274
model_core_stage_0,388,179802.782768274
model_core,389,179833.100128765
model_core_stage_0,389,179833.100128765
model_core,390,179863.408438350
model_core_stage_0,390,179863.408438350
model_core,391,179893.707907100
model_core_stage_0,391,179893.707907100
model_core,392,179923.998740207
model_core_stage_0,392,179923.998740207
model_core,393,179954.281138104
model_core_stage_0,393,179954.281138104
model_core,394,179984.555296571
model_core_stage_0,394,179984.555296571
model_core,395,180014.821406842
model_core_stage_0,395,180014.821406842
model_core,396,180045.079655716
model_core_stage_0,396,180045.079655716
model_core,397,180075.330225653
model_core_stage_0,397,180075.330225653
model_core,398,180105.573294880
model_core_stage_0,398,180105.573294880
model_core,399,180135.809037487
model_core_stage_0,399,180135.809037487
model_core,400,180166.037623524
model_core_stage_0,400,180166.037623524
model_core,401,180196.259219093
model_core_stage_0,401,180196.259219093
model_core,402,180226.473986441
model_core_stage_0,402,180226.473986441
model_core,403,180256.682084051
model_core_stage_0,403,180256.682084051
model_core,404,180286.883666726
model_core_stage_0,404,180286.883666726
model_core,405,180317.078885675
model_core_stage_0,405,180317.078885675
model_core,406,180347.267888601
model_core_stage_0,406,180347.267888601
model_core,407,180377.450819775
model_core_stage_0,407,180377.450819775
model_core,408,180407.627820121
model_core_stage_0,408,180407.627820121
model_core,409,180437.799027294
model_core_stage_0,409,180437.799027294
model_core,410,180467.964575751
model_core_stage_0,410,180467.964575751
model_core,411,180498.124596831
model_core_stage_0,411,180498.124596831
model_core,412,180528.279218822
model_core_stage_0,412,180528.279218822
model_core,413,180558.428567036
model_core_stage_0,413,180558.428567036
model_core,414,180588.572763878
model_core_stage_0,414,180588.572763878
model_core,415,180618.711928908
model_core_stage_0,415,180618.711928908
model_core,416,180648.846178915
model_core_stage_0,416,180648.846178915
model_core,417,180678.975627975
model_core_stage_0,417,180678.975627975
model_core,418,180709.100387517
model_core_stage_0,418,180709.100387517
model_core,419,180739.220566385
model_core_stage_0,419,180739.220566385
model_core,420,180769.336270894
model_core_stage_0,420,180769.336270894
model_core,421,180799.447604894
model_core_stage_0,421,180799.447604894
model_core,422,180829.554669823
model_core_stage_0,422,180829.554669823
model_core,423,180859.657564765
model_core_stage_0,423,180859.657564765
model_core,424,180889.756386506
model_core_stage_0,424,180889.756386506
model_core,425,180919.851229584
model_core_stage_0,425,180919.851229584
model_core,426,180949.942186341
model_core_stage_0,426,180949.942186341
model_core,427,180980.029346980
model_core_stage_0,427,180980.029346980
model_core,428,181010.112799608
model_core_stage_0,428,181010.112799608
model_core,429,181040.192630285
model_core_stage_0,429,181040.192630285
model_core,430,181070.268923079
model_core_stage_0,430,181070.268923079
model_core,431,181100.341760101
model_core_stage_0,431,181100.341760101
model_core,432,181130.411221559
model_core_stage_0,432,181130.411221559
model_core,433,181160.477385801
model_core_stage_0,433,181160.477385801
model_core,434,181190.540329354
model_core_stage_0,434,181190.540329354
model_core,435,181220.600126968
model_core_stage_0,435,181220.600126968
model_core,436,181250.656851662
model_core_stage_0,436,181250.656851662
model_core,437,181280.710574756
model_core_stage_0,437,181280.710574756
model_core,438,181310.761365918
model_core_stage_0,438,181310.761365918
model_core,439,181340.809293196
model_core_stage_0,439,181340.809293196
model_core,440,181370.854423062
model_core_stage_0,440,181370.854423062
model_core,441,181400.896820442
model_core_stage_0,441,181400.896820442
model_core,442,181430.936548757
model_core_stage_0,442,181430.936548757
model_core,443,181460.973669955
model_core_stage_0,443,181460.973669955
model_core,444,181491.008244548
model_core_stage_0,444,181491.008244548
model_core,445,181521.040331641
model_core_stage_0,445,181521.040331641
model_core,446,181551.069988968
model_core_stage_0,446,181551.069988968
model_core,447,181581.097272925
model_core_stage_0,447,181581.097272925
model_core,448,181611.122238596
model_core_stage_0,448,181611.122238596
model_core,449,181641.144939789
model_core_stage_0,449,181641.144939789
model_core,450,181671.165429061
model_core_stage_0,450,181671.165429061
model_core,451,181701.183757752
model_core_stage_0,451,181701.183757752
model_core,452,181731.199976007
model_core_stage_0,452,181731.199976007
model_core,453,181761.214132809
model_core_stage_0,453,181761.214132809
model_core,454,181791.226276004
model_core_stage_0,454,181791.226276004
model_core,455,181821.236452329
model_core_stage_0,455,181821.236452329
model_core,456,181851.244707432
model_core_stage_0,456,181851.244707432
model_core,457,181881.251085907
model_core_stage_0,457,181881.251085907
model_core,458,181911.255631308
model_core_stage_0,458,181911.255631308
model_core,459,181941.258386181
model_core_stage_0,459,181941.258386181
model_core,460,181971.259392084
model_core_stage_0,460,181971.259392084
model_core,461,182001.258689610
model_core_stage_0,461,182001.258689610
model_core,462,182031.256318410
model_core_stage_0,462,182031.256318410
model_core,463,182061.252317215
model_core_stage_0,463,182061.252317215
model_core,464,182091.246723858
model_core_stage_0,464,182091.246723858
model_core,465,182121.239575291
model_core_stage_0,465,182121.239575291
model_core,466,182151.230907610
model_core_stage_0,466,182151.230907610
model_core,467,182181.220756075
model_core_stage_0,467,182181.220756075
model_core,468,182211.209155125
model_core_stage_0,468,182211.209155125
model_core,469,182241.196138401
model_core_stage_0,469,182241.196138401
model_core,470,182271.181738762
model_core_stage_0,470,182271.181738762
model_core,471,182301.165988306
model_core_stage_0,471,182301.165988306
model_core,472,182331.148918385
model_core_stage_0,472,182331.148918385
model_core,473,182361.130559624
model_core_stage_0,473,182361.130559624
model_core,474,182391.110941936
model_core_stage_0,474,182391.110941936
model_core,475,182421.090094540
model_core_stage_0,475,182421.090094540
model_core,476,182451.068045979
model_core_stage_0,476,182451.068045979
model_core,477,182481.044824130
model_core_stage_0,477,182481.044824130
model_core,478,182511.020456226
model_core_stage_0,478,182511.020456226
model_core,479,182540.994968866
model_core_stage_0,479,182540.994968866
model_core,480,182570.968388033
model_core_stage_0,480,182570.968388033
model_core,481,182600.940739105
model_core_stage_0,481,182600.940739105
model_core,482,182630.912046874
model_core_stage_0,482,182630.912046874
model_core,483,182660.882335554
model_core_stage_0,483,182660.882335554
model_core,484,182690.851628798
model_core_stage_0,484,182690.851628798
model_core,485,182720.819949710
model_core_stage_0,485,182720.819949710
model_core,486,182750.787320857
model_core_stage_0,486,182750.787320857
model_core,487,182780.753764284
model_core_stage_0,487,182780.753764284
model_core,488,182810.719301522
model_core_stage_0,488,182810.719301522
model_core,489,182840.683953604
model_core_stage_0,489,182840.683953604
model_core,490,182870.647741074
model_core_stage_0,490,182870.647741074
model_core,491,182900.610684000
model_core_stage_0,491,182900.610684000
model_core,492,182930.572801983
model_core_stage_0,492,182930.572801983
model_core,493,182960.534114171
model_core_stage_0,493,182960.534114171
model_core,494,182990.494639266
model_core_stage_0,494,182990.494639266
model_core,495,183020.454395535
model_core_stage_0,495,183020.454395535
model_core,496,183050.413400823
model_core_stage_0,496,183050.413400823
model_core,497,183080.371672561
model_core_stage_0,497,183080.371672561
model_core,498,183110.329227773
model_core_stage_0,498,183110.329227773
model_core,499,183140.286083091
model_core_stage_0,499,183140.286083091
model_core,500,183170.242254758
model_core_stage_0,500,183170.242254758
model_core,501,183200.197758643
model_core_stage_0,501,183200.197758643
model_core,502,183230.152610244
model_core_stage_0,502,183230.152610244
model_core,503,183260.106824700
model_core_stage_0,503,183260.106824700
model_core,504,183290.060416800
model_core_stage_0,504,183290.060416800
model_core,505,183320.013400988
model_core_stage_0,505,183320.013400988
model_core,506,183349.965791374
model_core_stage_0,506,183349.965791374
model_core,507,183379.917601739
model_core_stage_0,507,183379.917601739
model_core,508,183409.868845547
model_core_stage_0,508,183409.868845547
model_core,509,183439.819535947
model_core_stage_0,509,183439.819535947
model_core,510,183469.769685783
model_core_stage_0,510,183469.769685783
model_core,511,183499.719307601
model_core_stage_0,511,183499.719307601
model_core,512,183529.668413658
model_core_stage_0,512,183529.668413658
model_core,513,183559.617015922
model_core_stage_0,513,183559.617015922
model_core,514,183589.565126089
model_core_stage_0,514,183589.565126089
model_core,515,183619.512755578
model_core_stage_0,515,183619.512755578
model_core,516,183649.459915546
model_core_stage_0,516,183649.459915546
model_core,517,183679.406616892
model_core_stage_0,517,183679.406616892
model_core,518,183709.352870259
model_core_stage_0,518,183709.352870259
model_core,519,183739.298686045
model_core_stage_0,519,183739.298686045
model_core,520,183769.244074405
model_core_stage_0,520,183769.244074405
model_core,521,183799.189045262
model_core_stage_0,521,183799.189045262
model_core,522,183829.133608304
model_core_stage_0,522,183829.133608304
model_core,523,183859.077772997
model_core_stage_0,523,183859.077772997
model_core,524,183889.021548587
model_core_stage_0,524,183889.021548587
model_core,525,183918.964944104
model_core_stage_0,525,183918.964944104
model_core,526,183948.907968371
model_core_stage_0,526,183948.907968371
model_core,527,183978.850630003
model_core_stage_0,527,183978.850630003
model_core,528,184008.792937417
model_core_stage_0,528,184008.792937417
model_core,529,184038.734898836
model_core_stage_0,529,184038.734898836
model_core,530,184068.676522288
model_core_stage_0,530,184068.676522288
model_core,531,184098.617815619
model_core_stage_0,531,184098.617815619
model_core,532,184128.558786490
model_core_stage_0,532,184128.558786490
model_core,533,184158.499442386
model_core_stage_0,533,184158.499442386
model_core,534,184188.439790617
model_core_stage_0,534,184188.439790617
model_core,535,184218.379838324
model_core_stage_0,535,184218.379838323
model_core,536,184248.319592481
model_core_stage_0,536,184248.319592481
model_core,537,184278.259059904
model_core_stage_0,537,184278.259059904
model_core,538,184308.198247245
model_core_stage_0,538,184308.198247245
model_core,539,184338.137161007
model_core_stage_0,539,184338.137161007
model_core,540,184368.075807538
model_core_stage_0,540,184368.075807538
model_core,541,184398.014193042
model_core_stage_0,541,184398.014193042
model_core,542,184427.952323576
model_core_stage_0,542,184427.952323576
model_core,543,184457.890205058
model_core_stage_0,543,184457.890205058
model_core,544,184487.827843269
model_core_stage_0,544,184487.827843269
model_core,545,184517.765243855
model_core_stage_0,545,184517.765243855
model_core,546,184547.702412331
model_core_stage_0,546,184547.702412331
model_core,547,184577.639354085
model_core_stage_0,547,184577.639354085
model_core,548,184607.576074378
model_core_stage_0,548,184607.576074378
model_core,549,184637.512578351
model_core_stage_0,549,184637.512578351
model_core,550,184667.448871024
model_core_stage_0,550,184667.448871024
model_core,551,184697.384957303
model_core_stage_0,551,184697.384957303
model_core,552,184727.320841976
model_core_stage_0,552,184727.320841976
model_core,553,184757.256529723
model_core_stage_0,553,184757.256529723
model_core,554,184787.192025116
model_core_stage_0,554,184787.192025116
model_core,555,184817.127332618
model_core_stage_0,555,184817.127332618
model_core,556,184847.062456590
model_core_stage_0,556,184847.062456590
model_core,557,184876.997401292
model_core_stage_0,557,184876.997401292
model_core,558,184906.932170885
model_core_stage_0,558,184906.932170885
model_core,559,184936.866769433
model_core_stage_0,559,184936.866769433
model_core,560,184966.801200906
model_core_stage_0,560,184966.801200906
model_core,561,184996.735469182
model_core_stage_0,561,184996.735469182
model_core,562,185026.669578048
model_core_stage_0,562,185026.669578048
model_core,563,185056.603531205
model_core_stage_0,563,185056.603531205
model_core,564,185086.537332267
model_core_stage_0,564,185086.537332267
model_core,565,185116.470984762
model_core_stage_0,565,185116.470984762
model_core,566,185146.404492141
model_core_stage_0,566,185146.404492141
model_core,567,185176.337857770
model_core_stage_0,567,185176.337857770
model_core,568,185206.271084940
model_core_stage_0,568,185206.271084940
model_core,569,185236.204176865
model_core_stage_0,569,185236.204176865
model_core,570,185266.137136683
model_core_stage_0,570,185266.137136683
model_core,571,185296.069967460
model_core_stage_0,571,185296.069967460
model_core,572,185326.002672192
model_core_stage_0,572,185326.002672192
model_core,573,185355.935253805
model_core_stage_0,573,185355.935253805
model_core,574,185385.867715155
model_core_stage_0,574,185385.867715155
model_core,575,185415.800059034
model_core_stage_0,575,185415.800059034
model_core,576,185445.732288168
model_core_stage_0,576,185445.732288168
model_core,577,185475.664405221
model_core_stage_0,577,185475.664405221
model_core,578,185505.596412794
model_core_stage_0,578,185505.596412794
model_core,579,185535.528313428
model_core_stage_0,579,185535.528313428
model_core,580,185565.460109605
model_core_stage_0,580,185565.460109605
model_core,581,185595.391803750
model_core_stage_0,581,185595.391803750
model_core,582,185625.323398230
model_core_stage_0,582,185625.323398230
model_core,583,185655.254895359
model_core_stage_0,583,185655.254895359
model_core,584,185685.186297397
model_core_stage_0,584,185685.186297397
model_core,585,185715.117606549
model_core_stage_0,585,185715.117606549
model_core,586,185745.048824973
model_core_stage_0,586,185745.048824973
model_core,587,185774.979954775
model_core_stage_0,587,185774.979954775
model_core,588,185804.910998010
model_core_stage_0,588,185804.910998010
model_core,589,185834.841956688
model_core_stage_0,589,185834.841956688
model_core,590,185864.772832772
model_core_stage_0,590,185864.772832772
model_core,591,185894.703628178
model_core_stage_0,591,185894.703628178
model_core,592,185924.634344780
model_core_stage_0,592,185924.634344780
model_core,593,185954.564984406
model_core_stage_0,593,185954.564984406
model_core,594,185984.495548842
model_core_stage_0,594,185984.495548842
model_core,595,186014.426039835
model_core_stage_0,595,186014.426039835
model_core,596,186044.356459088
model_core_stage_0,596,186044.356459088
model_core,597,186074.286808267
model_core_stage_0,597,186074.286808267
model_core,598,186104.217088998
model_core_stage_0,598,186104.217088998
model_core,599,186134.147302870
model_core_stage_0,599,186134.147302870
model_core,600,186164.077451434
model_core_stage_0,600,186164.077451434
model_core,601,186194.007536206
model_core_stage_0,601,186194.007536206
model_core,602,186223.937558668
model_core_stage_0,602,186223.937558668
model_core,603,186253.867520264
model_core_stage_0,603,186253.867520264
model_core,604,186283.797422408
model_core_stage_0,604,186283.797422408
model_core,605,186313.727266480
model_core_stage_0,605,186313.727266480
model_core,606,186343.657053827
model_core_stage_0,606,186343.657053827
model_core,607,186373.586785766
model_core_stage_0,607,186373.586785766
model_core,608,186403.516463584
model_core_stage_0,608,186403.516463584
model_core,609,186433.446088535
model_core_stage_0,609,186433.446088535
model_core,610,186463.375661848
model_core_stage_0,610,186463.375661848
model_core,611,186493.305184720
model_core_stage_0,611,186493.305184720
model_core,612,186523.234658323
model_core_stage_0,612,186523.234658323
model_core,613,186553.164083800
model_core_stage_0,613,186553.164083800
model_core,614,186583.093462268
model_core_stage_0,614,186583.093462268
model_core,615,186613.022794818
model_core_stage_0,615,186613.022794818
model_core,616,186642.952082516
model_core_stage_0,616,186642.952082516
model_core,617,186672.881326402
model_core_stage_0,617,186672.881326402
model_core,618,186702.810527495
model_core_stage_0,618,186702.810527495
model_core,619,186732.739686786
model_core_stage_0,619,186732.739686786
model_core,620,186762.668805246
model_core_stage_0,620,186762.668805246
model_core,621,186792.597883823
model_core_stage_0,621,186792.597883823
model_core,622,186822.526923443
model_core_stage_0,622,186822.526923443
model_core,623,186852.455925009
model_core_stage_0,623,186852.455925009
model_core,624,186882.384889405
model_core_stage_0,624,186882.384889405
model_core,625,186912.313817493
model_core_stage_0,625,186912.313817493
model_core,626,186942.242710117
model_core_stage_0,626,186942.242710117
model_core,627,186972.171568099
model_core_stage_0,627,186972.171568099
model_core,628,187002.100392244
model_core_stage_0,628,187002.100392244
model_core,629,187032.029183337
model_core_stage_0,629,187032.029183337
model_core,630,187061.957942144
model_core_stage_0,630,187061.957942144
model_core,631,187091.886669416
model_core_stage_0,631,187091.886669416
model_core,632,187121.815365883
model_core_stage_0,632,187121.815365883
model_core,633,187151.744032263
model_core_stage_0,633,187151.744032263
model_core,634,187181.672669251
model_core_stage_0,634,187181.672669251
model_core,635,187211.601277531
model_core_stage_0,635,187211.601277531
model_core,636,187241.529857769
model_core_stage_0,636,187241.529857769
model_core,637,187271.458410616
model_core_stage_0,637,187271.458410616
model_core,638,187301.386936708
model_core_stage_0,638,187301.386936708
model_core,639,187331.315436665
model_core_stage_0,639,187331.315436665
model_core,640,187361.243911094
model_core_stage_0,640,187361.243911094
model_core,641,187391.172360588
model_core_stage_0,641,187391.172360588
model_core,642,187421.100785725
model_core_stage_0,642,187421.100785725
model_core,643,187451.029187070
model_core_stage_0,643,187451.029187070
model_core,644,187480.957565177
model_core_stage_0,644,187480.957565177
model_core,645,187510.885920584
model_core_stage_0,645,187510.885920584
model_core,646,187540.814253818
model_core_stage_0,646,187540.814253818
model_core,647,187570.742565394
model_core_stage_0,647,187570.742565394
model_core,648,187600.670855814
model_core_stage_0,648,187600.670855814
model_core,649,187630.599125570
model_core_stage_0,649,187630.599125570
model_core,650,187660.527375140
model_core_stage_0,650,187660.527375140
model_core,651,187690.455604994
model_core_stage_0,651,187690.455604994
model_core,652,187720.383815590
model_core_stage_0,652,187720.383815590
model_core,653,187750.312007373
model_core_stage_0,653,187750.312007373
model_core,654,187780.240180782
model_core_stage_0,654,187780.240180782
model_core,655,187810.168336241
model_core_stage_0,655,187810.168336241
model_core,656,187840.096474168
model_core_stage_0,656,187840.096474168
model_core,657,187870.024594970
model_core_stage_0,657,187870.024594970
model_core,658,187899.952699045
model_core_stage_0,658,187899.952699045
model_core,659,187929.880786780
model_core_stage_0,659,187929.880786780
model_core,660,187959.808858554
model_core_stage_0,660,187959.808858554
model_core,661,187989.736914739
model_core_stage_0,661,187989.736914739
model_core,662,188019.664955696
model_core_stage_0,662,188019.664955696
model_core,663,188049.592981778
model_core_stage_0,663,188049.592981778
model_core,664,188079.520993331
model_core_stage_0,664,188079.520993331
model_core,665,188109.448990691
model_core_stage_0,665,188109.448990691
model_core,666,188139.376974189
model_core_stage_0,666,188139.376974189
model_core,667,188169.304944146
model_core_stage_0,667,188169.304944146
model_core,668,188199.232900877
model_core_stage_0,668,188199.232900877
model_core,669,188229.160844687
model_core_stage_0,669,188229.160844687
model_core,670,188259.088775878
model_core_stage_0,670,188259.088775878
model_core,671,188289.016694742
model_core_stage_0,671,188289.016694742
model_core,672,188318.944601565
model_core_stage_0,672,188318.944601565
model_core,673,188348.872496627
model_core_stage_0,673,188348.872496627
model_core,674,188378.800380200
model_core_stage_0,674,188378.800380200
model_core,675,188408.728252552
model_core_stage_0,675,188408.728252552
model_core,676,188438.656113942
model_core_stage_0,676,188438.656113942
model_core,677,188468.583964625
model_core_stage_0,677,188468.583964625
model_core,678,188498.511804850
model_core_stage_0,678,188498.511804850
model_core,679,188528.439634860
model_core_stage_0,679,188528.439634860
model_core,680,188558.367454891
model_core_stage_0,680,188558.367454891
model_core,681,188588.295265175
model_core_stage_0,681,188588.295265175
model_core,682,188618.223065938
model_core_stage_0,682,188618.223065938
model_core,683,188648.150857402
model_core_stage_0,683,188648.150857402
model_core,684,188678.078639781
model_core_stage_0,684,188678.078639781
model_core,685,188708.006413288
model_core_stage_0,685,188708.006413288
model_core,686,188737.934178128
model_core_stage_0,686,188737.934178128
model_core,687,188767.861934501
model_core_stage_0,687,188767.861934501
model_core,688,188797.789682605
model_core_stage_0,688,188797.789682605
model_core,689,188827.717422632
model_core_stage_0,689,188827.717422632
model_core,690,188857.645154769
model_core_stage_0,690,188857.645154769
model_core,691,188887.572879198
model_core_stage_0,691,188887.572879198
model_core,692,188917.500596100
model_core_stage_0,692,188917.500596100
model_core,693,188947.428305648
model_core_stage_0,693,188947.428305648
model_core,694,188977.356008014
model_core_stage_0,694,188977.356008014
model_core,695,189007.283703364
model_core_stage_0,695,189007.283703364
model_core,696,189037.211391860
model_core_stage_0,696,189037.211391860
model_core,697,189067.139073663
model_core_stage_0,697,189067.139073663
model_core,698,189097.066748927
model_core_stage_0,698,189097.066748927
model_core,699,189126.994417804
model_core_stage_0,699,189126.994417804
model_core,700,189156.922080442
model_core_stage_0,700,189156.922080442
model_core,701,189186.849736987
model_core_stage_0,701,189186.849736987
model_core,702,189216.777387579
model_core_stage_0,702,189216.777387579
model_core,703,189246.705032356
model_core_stage_0,703,189246.705032356
model_core,704,189276.632671455
model_core_stage_0,704,189276.632671455
model_core,705,189306.560305006
model_core_stage_0,705,189306.560305006
model_core,706,189336.487933138
model_core_stage_0,706,189336.487933138
model_core,707,189366.415555977
model_core_stage_0,707,189366.415555977
model_core,708,189396.343173646
model_core_stage_0,708,189396.343173646
model_core,709,189426.270786265
model_core_stage_0,709,189426.270786265
model_core,710,189456.198393951
model_core_stage_0,710,189456.198393951
model_core,711,189486.125996818
model_core_stage_0,711,189486.125996818
model_core,712,189516.053594979
model_core_stage_0,712,189516.053594979
model_core,713,189545.981188543
model_core_stage_0,713,189545.981188543
model_core,714,189575.908777616
model_core_stage_0,714,189575.908777616
model_core,715,189605.836362302
model_core_stage_0,715,189605.836362302
model_core,716,189635.763942704
model_core_stage_0,716,189635.763942704
model_core,717,189665.691518920
model_core_stage_0,717,189665.691518920
model_core,718,189695.619091049
model_core_stage_0,718,189695.619091049
model_core,719,189725.546659184
model_core_stage_0,719,189725.546659184
model_core,720,189755.474223419
model_core_stage_0,720,189755.474223419
model_core,721,189785.401783844
model_core_stage_0,721,189785.401783844
model_core,722,189815.329340548
model_core_stage_0,722,189815.329340548
model_core,723,189845.256893616
model_core_stage_0,723,189845.256893616
model_core,724,189875.184443134
model_core_stage_0,724,189875.184443134
model_core,725,189905.111989183
model_core_stage_0,725,189905.111989183
model_core,726,189935.039531844
model_core_stage_0,726,189935.039531844
model_core,727,189964.967071196
model_core_stage_0,727,189964.967071196
model_core,728,189994.894607316
model_core_stage_0,728,189994.894607316
model_core,729,190024.822140278
model_core_stage_0,729,190024.822140278
model_core,730,190054.749670156
model_core_stage_0,730,190054.749670156
model_core,731,190084.677197022
model_core_stage_0,731,190084.677197022
model_core,732,190114.604720945
model_core_stage_0,732,190114.604720945
model_core,733,190144.532241994
model_core_stage_0,733,190144.532241994
model_core,734,190174.459760235
model_core_stage_0,734,190174.459760235
model_core,735,190204.387275733
model_core_stage_0,735,190204.387275733
model_core,736,190234.314788553
model_core_stage_0,736,190234.314788553
model_core,737,190264.242298757
model_core_stage_0,737,190264.242298757
model_core,738,190294.169806404
model_core_stage_0,738,190294.169806404
model_core,739,190324.097311555
model_core_stage_0,739,190324.097311555
model_core,740,190354.024814267
model_core_stage_0,740,190354.024814267
model_core,741,190383.952314597
model_core_stage_0,741,190383.952314597
model_core,742,190413.879812600
model_core_stage_0,742,190413.879812600
model_core,743,190443.807308331
model_core_stage_0,743,190443.807308331
model_core,744,190473.734801842
model_core_stage_0,744,190473.734801842
model_core,745,190503.662293184
model_core_stage_0,745,190503.662293184
model_core,746,190533.589782408
model_core_stage_0,746,190533.589782408
model_core,747,190563.517269563
model_core_stage_0,747,190563.517269563
model_core,748,190593.444754698
model_core_stage_0,748,190593.444754698
model_core,749,190623.372237858
model_core_stage_0,749,190623.372237858
model_core,750,190653.299719090
model_core_stage_0,750,190653.299719090
model_core,751,190683.227198438
model_core_stage_0,751,190683.227198438
model_core,752,190713.154675947
model_core_stage_0,752,190713.154675947
model_core,753,190743.082151659
model_core_stage_0,753,190743.082151659
model_core,754,190773.009625615
model_core_stage_0,754,190773.009625615
model_core,755,190802.937097857
model_core_stage_0,755,190802.937097857
model_core,756,190832.864568424
model_core_stage_0,756,190832.864568424
model_core,757,190862.792037355
model_core_stage_0,757,190862.792037355
model_core,758,190892.719504688
model_core_stage_0,758,190892.719504688
model_core,759,190922.646970460
model_core_stage_0,759,190922.646970460
model_core,760,190952.574434708
model_core_stage_0,760,190952.574434707
model_core,761,190982.501897466
model_core_stage_0,761,190982.501897466
model_core,762,191012.429358769
model_core_stage_0,762,191012.429358769
model_core,763,191042.356818652
model_core_stage_0,763,191042.356818652
model_core,764,191072.284277147
model_core_stage_0,764,191072.284277147
model_core,765,191102.211734286
model_core_stage_0,765,191102.211734286
model_core,766,191132.139190100
model_core_stage_0,766,191132.139190100
model_core,767,191162.066644621
model_core_stage_0,767,191162.066644621
model_core,768,191191.994097879
model_core_stage_0,768,191191.994097879
model_core,769,191221.921549903
model_core_stage_0,769,191221.921549903
model_core,770,191251.849000720
model_core_stage_0,770,191251.849000720
model_core,771,191281.776450361
model_core_stage_0,771,191281.776450361
model_core,772,191311.703898851
model_core_stage_0,772,191311.703898851
model_core,773,191341.631346217
model_core_stage_0,773,191341.631346217
model_core,774,191371.558792486
model_core_stage_0,774,191371.558792486
model_core,775,191401.486237684
model_core_stage_0,775,191401.486237684
model_core,776,191431.413681834
model_core_stage_0,776,191431.413681834
model_core,777,191461.341124961
model_core_stage_0,777,191461.341124961
model_core,778,191491.268567089
model_core_stage_0,778,191491.268567089
model_core,779,191521.196008241
model_core_stage_0,779,191521.196008241
model_core,780,191551.123448440
model_core_stage_0,780,191551.123448440
model_core,781,191581.050887708
model_core_stage_0,781,191581.050887708
model_core,782,191610.978326067
model_core_stage_0,782,191610.978326067
model_core,783,191640.905763537
model_core_stage_0,783,191640.905763537
model_core,784,191670.833200139
model_core_stage_0,784,191670.833200139
model_core,785,191700.760635894
model_core_stage_0,785,191700.760635894
model_core,786,191730.688070821
model_core_stage_0,786,191730.688070821
model_core,787,191760.615504939
model_core_stage_0,787,191760.615504939
model_core,788,191790.542938267
model_core_stage_0,788,191790.542938267
model_core,789,191820.470370823
model_core_stage_0,789,191820.470370823
model_core,790,191850.397802626
model_core_stage_0,790,191850.397802626
model_core,791,191880.325233692
model_core_stage_0,791,191880.325233692
model_core,792,191910.252664040
model_core_stage_0,792,191910.252664040
model_core,793,191940.180093684
model_core_stage_0,793,191940.180093684
model_core,794,191970.107522643
model_core_stage_0,794,191970.107522643
model_core,795,192000.034950932
model_core_stage_0,795,192000.034950932
model_core,796,192029.962378566
model_core_stage_0,796,192029.962378566
model_core,797,192059.889805560
model_core_stage_0,797,192059.889805560
model_core,798,192089.817231930
model_core_stage_0,798,192089.817231930
model_core,799,192119.744657690
model_core_stage_0,799,192119.744657690
model_core,800,192149.672082853
model_core_stage_0,800,192149.672082853
model_core,801,192179.599507435
model_core_stage_0,801,192179.599507435
model_core,802,192209.526931448
model_core_stage_0,802,192209.526931448
model_core,803,192239.454354905
model_core_stage_0,803,192239.454354905
model_core,804,192269.381777820
model_core_stage_0,804,192269.381777820
model_core,805,192299.309200205
model_core_stage_0,805,192299.309200205
model_core,806,192329.236622073
model_core_stage_0,806,192329.236622073
model_core,807,192359.164043435
model_core_stage_0,807,192359.164043435
model_core,808,192389.091464302
model_core_stage_0,808,192389.091464302
model_core,809,192419.018884688
model_core_stage_0,809,192419.018884688
model_core,810,192448.946304602
model_core_stage_0,810,192448.946304602
model_core,811,192478.873724056
model_core_stage_0,811,192478.873724056
model_core,812,192508.801143060
model_core_stage_0,812,192508.801143060
model_core,813,192538.728561626
model_core_stage_0,813,192538.728561626
model_core,814,192568.655979762
model_core_stage_0,814,192568.655979762
model_core,815,192598.583397479
model_core_stage_0,815,192598.583397479
model_core,816,192628.510814787
model_core_stage_0,816,192628.510814787
model_core,817,192658.438231695
model_core_stage_0,817,192658.438231695
model_core,818,192688.365648212
model_core_stage_0,818,192688.365648212
model_core,819,192718.293064348
model_core_stage_0,819,192718.293064348
model_core,820,192748.220480112
model_core_stage_0,820,192748.220480112
model_core,821,192778.147895511
model_core_stage_0,821,192778.147895511
model_core,822,192808.075310555
model_core_stage_0,822,192808.075310555
model_core,823,192838.002725252
model_core_stage_0,823,192838.002725252
model_core,824,192867.930139610
model_core_stage_0,824,192867.930139610
model_core,825,192897.857553636
model_core_stage_0,825,192897.857553636
model_core,826,192927.784967338
model_core_stage_0,826,192927.784967338
model_core,827,192957.712380725
model_core_stage_0,827,192957.712380725
model_core,828,192987.639793803
model_core_stage_0,828,192987.639793803
model_core,829,193017.567206579
model_core_stage_0,829,193017.567206579
model_core,830,193047.494619060
model_core_stage_0,830,193047.494619060
model_core,831,193077.422031254
model_core_stage_0,831,193077.422031254
model_core,832,193107.349443166
model_core_stage_0,832,193107.349443166
model_core,833,193137.276854804
model_core_stage_0,833,193137.276854804
model_core,834,193167.204266174
model_core_stage_0,834,193167.204266174
model_core,835,193197.131677282
model_core_stage_0,835,193197.131677282
model_core,836,193227.059088134
model_core_stage_0,836,193227.059088134
model_core,837,193256.986498736
model_core_stage_0,837,193256.986498736
model_core,838,193286.913909093
model_core_stage_0,838,193286.913909093
model_core,839,193316.841319213
model_core_stage_0,839,193316.841319213
model_core,840,193346.768729099
model_core_stage_0,840,193346.768729099
model_core,841,193376.696138758
model_core_stage_0,841,193376.696138758
model_core,842,193406.623548194
model_core_stage_0,842,193406.623548194
model_core,843,193436.550957414
model_core_stage_0,843,193436.550957414
model_core,844,193466.478366421
model_core_stage_0,844,193466.478366421
model_core,845,193496.405775221
model_core_stage_0,845,193496.405775221
model_core,846,193526.333183819
model_core_stage_0,846,193526.333183819
model_core,847,193556.260592219
model_core_stage_0,847,193556.260592219
model_core,848,193586.188000427
model_core_stage_0,848,193586.188000427
model_core,849,193616.115408445
model_core_stage_0,849,193616.115408445
model_core,850,193646.042816280
model_core_stage_0,850,193646.042816280
model_core,851,193675.970223934
model_core_stage_0,851,193675.970223934
model_core,852,193705.897631413
model_core_stage_0,852,193705.897631413
model_core,853,193735.825038720
model_core_stage_0,853,193735.825038720
model_core,854,193765.752445859
model_core_stage_0,854,193765.752445859
model_core,855,193795.679852835
model_core_stage_0,855,193795.679852835
model_core,856,193825.607259650
model_core_stage_0,856,193825.607259650
model_core,857,193855.534666310
model_core_stage_0,857,193855.534666310
model_core,858,193885.462072816
model_core_stage_0,858,193885.462072816
model_core,859,193915.389479174
model_core_stage_0,859,193915.389479174
model_core,860,193945.316885386
model_core_stage_0,860,193945.316885386
model_core,861,193975.244291455
model_core_stage_0,861,193975.244291455
model_core,862,194005.171697386
model_core_stage_0,862,194005.171697386
model_core,863,194035.099103181
model_core_stage_0,863,194035.099103181
model_core,864,194065.026508843
model_core_stage_0,864,194065.026508843
model_core,865,194094.953914376
model_core_stage_0,865,194094.953914376
model_core,866,194124.881319782
model_core_stage_0,866,194124.881319782
model_core,867,194154.808725065
model_core_stage_0,867,194154.808725065
model_core,868,194184.736130227
model_core_stage_0,868,194184.736130227
model_core,869,194214.663535271
model_core_stage_0,869,194214.663535271
model_core,870,194244.590940200
model_core_stage_0,870,194244.590940200
model_core,871,194274.518345017
model_core_stage_0,871,194274.518345017
model_core,872,194304.445749723
model_core_stage_0,872,194304.445749723
model_core,873,194334.373154323
model_core_stage_0,873,194334.373154323
model_core,874,194364.300558817
model_core_stage_0,874,194364.300558817
model_core,875,194394.227963209
model_core_stage_0,875,194394.227963209
model_core,876,194424.155367501
model_core_stage_0,876,194424.155367501
model_core,877,194454.082771696
model_core_stage_0,877,194454.082771696
model_core,878,194484.010175795
model_core_stage_0,878,194484.010175795
model_core,879,194513.937579800
model_core_stage_0,879,194513.937579800
model_core,880,194543.864983715
model_core_stage_0,880,194543.864983715
model_core,881,194573.792387540
model_core_stage_0,881,194573.792387540
model_core,882,194603.719791279
model_core_stage_0,882,194603.719791279
model_core,883,194633.647194933
model_core_stage_0,883,194633.647194933
model_core,884,194663.574598504
model_core_stage_0,884,194663.574598504
model_core,885,194693.502001994
model_core_stage_0,885,194693.502001994
model_core,886,194723.429405405
model_core_stage_0,886,194723.429405405
model_core,887,194753.356808739
model_core_stage_0,887,194753.356808739
model_core,888,194783.284211997
model_core_stage_0,888,194783.284211997
model_core,889,194813.211615182
model_core_stage_0,889,194813.211615182
model_core,890,194843.139018294
model_core_stage_0,890,194843.139018294
model_core,891,194873.066421336
model_core_stage_0,891,194873.066421336
model_core,892,194902.993824310
model_core_stage_0,892,194902.993824310
model_core,893,194932.921227216
model_core_stage_0,893,194932.921227216
model_core,894,194962.848630057
model_core_stage_0,894,194962.848630057
model_core,895,194992.776032834
model_core_stage_0,895,194992.776032834
model_core,896,195022.703435548
model_core_stage_0,896,195022.703435548
model_core,897,195052.630838201
model_core_stage_0,897,195052.630838201
model_core,898,195082.558240795
model_core_stage_0,898,195082.558240795
model_core,899,195112.485643330
model_core_stage_0,899,195112.485643330
model_core,900,195142.413045808
model_core_stage_0,900,195142.413045808
model_core,901,195172.340448231
model_core_stage_0,901,195172.340448231
model_core,902,195202.267850600
model_core_stage_0,902,195202.267850600
model_core,903,195232.195252915
model_core_stage_0,903,195232.195252915
model_core,904,195262.122655178
model_core_stage_0,904,195262.122655178
model_core,905,195292.050057391
model_core_stage_0,905,195292.050057391
model_core,906,195321.977459555
model_core_stage_0,906,195321.977459555
model_core,907,195351.904861670
model_core_stage_0,907,195351.904861670
model_core,908,195381.832263738
model_core_stage_0,908,195381.832263738
model_core,909,195411.759665760
model_core_stage_0,909,195411.759665760
model_core,910,195441.687067736
model_core_stage_0,910,195441.687067736
model_core,911,195471.614469669
model_core_stage_0,911,195471.614469669
model_core,912,195501.541871559
model_core_stage_0,912,195501.541871559
model_core,913,195531.469273407
model_core_stage_0,913,195531.469273407
model_core,914,195561.396675214
model_core_stage_0,914,195561.396675214
model_core,915,195591.324076981
model_core_stage_0,915,195591.324076981
model_core,916,195621.251478709
model_core_stage_0,916,195621.251478709
model_core,917,195651.178880399
model_core_stage_0,917,195651.178880399
model_core,918,195681.106282051
model_core_stage_0,918,195681.106282051
model_core,919,195711.033683667
model_core_stage_0,919,195711.033683667
model_core,920,195740.961085247
model_core_stage_0,920,195740.961085247
model_core,921,195770.888486793
model_core_stage_0,921,195770.888486793
model_core,922,195800.815888304
model_core_stage_0,922,195800.815888304
model_core,923,195830.743289783
model_core_stage_0,923,195830.743289783
model_core,924,195860.670691229
model_core_stage_0,924,195860.670691229
model_core,925,195890.598092643
model_core_stage_0,925,195890.598092643
model_core,926,195920.525494027
model_core_stage_0,926,195920.525494027
model_core,927,195950.452895380
model_core_stage_0,927,195950.452895380
model_core,928,195980.380296704
model_core_stage_0,928,195980.380296704
model_core,929,196010.307697999
model_core_stage_0,929,196010.307697999
model_core,930,196040.235099266
model_core_stage_0,930,196040.235099266
model_core,931,196070.162500505
model_core_stage_0,931,196070.162500505
model_core,932,196100.089901717
model_core_stage_0,932,196100.089901717
model_core,933,196130.017302904
model_core_stage_0,933,196130.017302904
model_core,934,196159.944704064
model_core_stage_0,934,196159.944704064
model_core,935,196189.872105200
model_core_stage_0,935,196189.872105200
model_core,936,196219.799506311
model_core_stage_0,936,196219.799506311
model_core,937,196249.726907398
model_core_stage_0,937,196249.726907398
model_core,938,196279.654308462
model_core_stage_0,938,196279.654308462
model_core,939,196309.581709503
model_core_stage_0,939,196309.581709503
model_core,940,196339.509110522
model_core_stage_0,940,196339.509110522
model_core,941,196369.436511519
model_core_stage_0,941,196369.436511519
model_core,942,196399.363912495
model_core_stage_0,942,196399.363912495
model_core,943,196429.291313450
model_core_stage_0,943,196429.291313450
model_core,944,196459.218714385
model_core_stage_0,944,196459.218714385
model_core,945,196489.146115301
model_core_stage_0,945,196489.146115300
model_core,946,196519.073516196
model_core_stage_0,946,196519.073516196
model_core,947,196549.000917073
model_core_stage_0,947,196549.000917073
model_core,948,196578.928317932
model_core_stage_0,948,196578.928317932
model_core,949,196608.855718772
model_core_stage_0,949,196608.855718772
model_core,950,196638.783119595
model_core_stage_0,950,196638.783119595
model_core,951,196668.710520401
model_core_stage_0,951,196668.710520401
model_core,952,196698.637921190
model_core_stage_0,952,196698.637921190
model_core,953,196728.565321962
model_core_stage_0,953,196728.565321962
model_core,954,196758.492722719
model_core_stage_0,954,196758.492722719
model_core,955,196788.420123460
model_core_stage_0,955,196788.420123460
model_core,956,196818.347524185
model_core_stage_0,956,196818.347524185
model_core,957,196848.274924896
model_core_stage_0,957,196848.274924896
model_core,958,196878.202325592
model_core_stage_0,958,196878.202325592
model_core,959,196908.129726274
model_core_stage_0,959,196908.129726274
model_core,960,196938.057126942
model_core_stage_0,960,196938.057126942
model_core,961,196967.984527596
model_core_stage_0,961,196967.984527596
model_core,962,196997.911928237
model_core_stage_0,962,196997.911928237
model_core,963,197027.839328865
model_core_stage_0,963,197027.839328865
model_core,964,197057.766729480
model_core_stage_0,964,197057.766729480
model_core,965,197087.694130083
model_core_stage_0,965,197087.694130083
model_core,966,197117.621530674
model_core_stage_0,966,197117.621530674
model_core,967,197147.548931253
model_core_stage_0,967,197147.548931253
model_core,968,197177.476331821
model_core_stage_0,968,197177.476331821
model_core,969,197207.403732377
model_core_stage_0,969,197207.403732377
model_core,970,197237.331132923
model_core_stage_0,970,197237.331132923
model_core,971,197267.258533457
model_core_stage_0,971,197267.258533457
model_core,972,197297.185933981
model_core_stage_0,972,197297.185933981
model_core,973,197327.113334495
model_core_stage_0,973,197327.113334495
model_core,974,197357.040734999
model_core_stage_0,974,197357.040734999
model_core,975,197386.968135493
model_core_stage_0,975,197386.968135493
model_core,976,197416.895535978
model_core_stage_0,976,197416.895535978
model_core,977,197446.822936453
model_core_stage_0,977,197446.822936453
model_core,978,197476.750336919
model_core_stage_0,978,197476.750336919
model_core,979,197506.677737376
model_core_stage_0,979,197506.677737376
model_core,980,197536.605137824
model_core_stage_0,980,197536.605137824
model_core,981,197566.532538264
model_core_stage_0,981,197566.532538264
model_core,982,197596.459938696
model_core_stage_0,982,197596.459938696
model_core,983,197626.387339120
model_core_stage_0,983,197626.387339120
model_core,984,197656.314739535
model_core_stage_0,984,197656.314739535
model_core,985,197686.242139943
model_core_stage_0,985,197686.242139943
model_core,986,197716.169540343
model_core_stage_0,986,197716.169540343
model_core,987,197746.096940736
model_core_stage_0,987,197746.096940736
model_core,988,197776.024341122
model_core_stage_0,988,197776.024341122
model_core,989,197805.951741501
model_core_stage_0,989,197805.951741501
model_core,990,197835.879141873
model_core_stage_0,990,197835.879141873
model_core,991,197865.806542238
model_core_stage_0,991,197865.806542238
model_core,992,197895.733942596
model_core_stage_0,992,197895.733942596
model_core,993,197925.661342948
model_core_stage_0,993,197925.661342948
model_core,994,197955.588743294
model_core_stage_0,994,197955.588743294
model_core,995,197985.516143634
model_core_stage_0,995,197985.516143634
model_core,996,198015.443543968
model_core_stage_0,996,198015.443543968
model_core,997,198045.370944296
model_core_stage_0,997,198045.370944296
model_core,998,198075.298344618
model_core_stage_0,998,198075.298344618
model_core,999,198105.225744934
model_core_stage_0,999,198105.225744934
model_core,1000,198135.153145246
model_core_stage_0,1000,198135.153145246
model_core,1001,198165.080545552
model_core_stage_0,1001,198165.080545552
model_core,1002,198195.007945852
model_core_stage_0,1002,198195.007945852
model_core,1003,198224.935346148
model_core_stage_0,1003,198224.935346148
model_core,1004,198254.862746439
model_core_stage_0,1004,198254.862746439
model_core,1005,198284.790146725
model_core_stage_0,1005,198284.790146725
model_core,1006,198314.717547006
model_core_stage_0,1006,198314.717547006
model_core,1007,198344.644947282
model_core_stage_0,1007,198344.644947282
model_core,1008,198374.572347554
model_core_stage_0,1008,198374.572347554
model_core,1009,198404.499747822
model_core_stage_0,1009,198404.499747822
model_core,1010,198434.427148085
model_core_stage_0,1010,198434.427148085
model_core,1011,198464.354548344
model_core_stage_0,1011,198464.354548344
model_core,1012,198494.281948599
model_core_stage_0,1012,198494.281948599
model_core,1013,198524.209348850
model_core_stage_0,1013,198524.209348850
model_core,1014,198554.136749098
model_core_stage_0,1014,198554.136749098
model_core,1015,198584.064149341
model_core_stage_0,1015,198584.064149341
model_core,1016,198613.991549580
model_core_stage_0,1016,198613.991549580
model_core,1017,198643.918949816
model_core_stage_0,1017,198643.918949816
model_core,1018,198673.846350049
model_core_stage_0,1018,198673.846350049
model_core,1019,198703.773750277
model_core_stage_0,1019,198703.773750277
model_core,1020,198733.701150503
model_core_stage_0,1020,198733.701150503
model_core,1021,198763.628550725
model_core_stage_0,1021,198763.628550725
model_core,1022,198793.555950944
model_core_stage_0,1022,198793.555950944
model_core,1023,198823.483351160
model_core_stage_0,1023,198823.483351160
model_core,1024,198853.410751372
model_core_stage_0,1024,198853.410751372
model_core,1025,198883.338151582
model_core_stage_0,1025,198883.338151582
model_core,1026,198913.265551788
model_core_stage_0,1026,198913.265551788
model_core,1027,198943.192951992
model_core_stage_0,1027,198943.192951992
model_core,1028,198973.120352193
model_core_stage_0,1028,198973.120352193
model_core,1029,199003.047752391
model_core_stage_0,1029,199003.047752391
model_core,1030,199032.975152587
model_core_stage_0,1030,199032.975152587
model_core,1031,199062.902552780
model_core_stage_0,1031,199062.902552780
model_core,1032,199092.829952970
model_core_stage_0,1032,199092.829952970
model_core,1033,199122.757353158
model_core_stage_0,1033,199122.757353158
model_core,1034,199152.684753343
model_core_stage_0,1034,199152.684753343
model_core,1035,199182.612153526
model_core_stage_0,1035,199182.612153526
model_core,1036,199212.539553707
model_core_stage_0,1036,199212.539553707
model_core,1037,199242.466953885
model_core_stage_0,1037,199242.466953885
model_core,1038,199272.394354061
model_core_stage_0,1038,199272.394354061
model_core,1039,199302.321754235
model_core_stage_0,1039,199302.321754235
model_core,1040,199332.249154407
model_core_stage_0,1040,199332.249154407
model_core,1041,199362.176554577
model_core_stage_0,1041,199362.176554577
model_core,1042,199392.103954744
model_core_stage_0,1042,199392.103954744
model_core,1043,199422.031354910
model_core_stage_0,1043,199422.031354910
model_core,1044,199451.958755074
model_core_stage_0,1044,199451.958755074
model_core,1045,199481.886155236
model_core_stage_0,1045,199481.886155236
model_core,1046,199511.813555396
model_core_stage_0,1046,199511.813555396
model_core,1047,199541.740955554
model_core_stage_0,1047,199541.740955554
model_core,1048,199571.668355711
model_core_stage_0,1048,199571.668355711
model_core,1049,199601.595755865
model_core_stage_0,1049,199601.595755865
model_core,1050,199631.523156019
model_core_stage_0,1050,199631.523156019
model_core,1051,199661.450556170
model_core_stage_0,1051,199661.450556170
model_core,1052,199691.377956320
model_core_stage_0,1052,199691.377956320
model_core,1053,199721.305356468
model_core_stage_0,1053,199721.305356468
model_core,1054,199751.232756615
model_core_stage_0,1054,199751.232756615
model_core,1055,199781.160156760
model_core_stage_0,1055,199781.160156760
model_core,1056,199811.087556904
model_core_stage_0,1056,199811.087556904
model_core,1057,199841.014957046
model_core_stage_0,1057,199841.014957046
model_core,1058,199870.942357187
model_core_stage_0,1058,199870.942357187
model_core,1059,199900.869757327
model_core_stage_0,1059,199900.869757327
model_core,1060,199930.797157465
model_core_stage_0,1060,199930.797157465
model_core,1061,199960.724557602
model_core_stage_0,1061,199960.724557602
model_core,1062,199990.651957738
model_core_stage_0,1062,199990.651957738
model_core,1063,200020.579357872
model_core_stage_0,1063,200020.579357872
model_core,1064,200050.506758006
model_core_stage_0,1064,200050.506758006
model_core,1065,200080.434158138
model_core_stage_0,1065,200080.434158138
model_core,1066,200110.361558269
model_core_stage_0,1066,200110.361558269
model_core,1067,200140.288958398
model_core_stage_0,1067,200140.288958399
model_core,1068,200170.216358527
model_core_stage_0,1068,200170.216358527
model_core,1069,200200.143758655
model_core_stage_0,1069,200200.143758655
model_core,1070,200230.071158781
model_core_stage_0,1070,200230.071158781
model_core,1071,200259.998558907
model_core_stage_0,1071,200259.998558907
model_core,1072,200289.925959032
model_core_stage_0,1072,200289.925959032
model_core,1073,200319.853359155
model_core_stage_0,1073,200319.853359155
model_core,1074,200349.780759278
model_core_stage_0,1074,200349.780759278
model_core,1075,200379.708159399
model_core_stage_0,1075,200379.708159399
model_core,1076,200409.635559520
model_core_stage_0,1076,200409.635559520
model_core,1077,200439.562959640
model_core_stage_0,1077,200439.562959640
model_core,1078,200469.490359759
model_core_stage_0,1078,200469.490359759
model_core,1079,200499.417759877
model_core_stage_0,1079,200499.417759877
model_core,1080,200529.345159994
model_core_stage_0,1080,200529.345159994
model_core,1081,200559.272560111
model_core_stage_0,1081,200559.272560111
model_core,1082,200589.199960227
model_core_stage_0,1082,200589.199960227
model_core,1083,200619.127360342
model_core_stage_0,1083,200619.127360342
model_core,1084,200649.054760456
model_core_stage_0,1084,200649.054760456
model_core,1085,200678.982160569
model_core_stage_0,1085,200678.982160569
model_core,1086,200708.909560682
model_core_stage_0,1086,200708.909560682
model_core,1087,200738.836960794
model_core_stage_0,1087,200738.836960794
model_core,1088,200768.764360905
model_core_stage_0,1088,200768.764360905
model_core,1089,200798.691761016
model_core_stage_0,1089,200798.691761016
model_core,1090,200828.619161126
model_core_stage_0,1090,200828.619161126
model_core,1091,200858.546561235
model_core_stage_0,1091,200858.546561235
model_core,1092,200888.473961344
model_core_stage_0,1092,200888.473961344
model_core,1093,200918.401361452
model_core_stage_0,1093,200918.401361452
model_core,1094,200948.328761560
model_core_stage_0,1094,200948.328761560
model_core,1095,200978.256161667
model_core_stage_0,1095,200978.256161667
model_core,1096,201008.183561773
model_core_stage_0,1096,201008.183561773
model_core,1097,201038.110961879
model_core_stage_0,1097,201038.110961879
model_core,1098,201068.038361984
model_core_stage_0,1098,201068.038361984
model_core,1099,201097.965762089
model_core_stage_0,1099,201097.965762089
model_core,1100,201127.893162193
model_core_stage_0,1100,201127.893162193
model_core,1101,201157.820562297
model_core_stage_0,1101,201157.820562297
model_core,1102,201187.747962400
model_core_stage_0,1102,201187.747962400
model_core,1103,201217.675362503
model_core_stage_0,1103,201217.675362503
model_core,1104,201247.602762605
model_core_stage_0,1104,201247.602762605
model_core,1105,201277.530162707
model_core_stage_0,1105,201277.530162707
model_core,1106,201307.457562808
model_core_stage_0,1106,201307.457562808
model_core,1107,201337.384962909
model_core_stage_0,1107,201337.384962909
model_core,1108,201367.312363010
model_core_stage_0,1108,201367.312363010
model_core,1109,201397.239763110
model_core_stage_0,1109,201397.239763110
model_core,1110,201427.167163209
model_core_stage_0,1110,201427.167163209
model_core,1111,201457.094563308
model_core_stage_0,1111,201457.094563308
model_core,1112,201487.021963407
model_core_stage_0,1112,201487.021963407
model_core,1113,201516.949363506
model_core_stage_0,1113,201516.949363506
model_core,1114,201546.876763604
model_core_stage_0,1114,201546.876763604
model_core,1115,201576.804163702
model_core_stage_0,1115,201576.804163702
model_core,1116,201606.731563799
model_core_stage_0,1116,201606.731563799
model_core,1117,201636.658963896
model_core_stage_0,1117,201636.658963896
model_core,1118,201666.586363993
model_core_stage_0,1118,201666.586363993
model_core,1119,201696.513764089
model_core_stage_0,1119,201696.513764089
model_core,1120,201726.441164185
model_core_stage_0,1120,201726.441164185
model_core,1121,201756.368564281
model_core_stage_0,1121,201756.368564281
model_core,1122,201786.295964376
model_core_stage_0,1122,201786.295964376
model_core,1123,201816.223364471
model_core_stage_0,1123,201816.223364471
model_core,1124,201846.150764566
model_core_stage_0,1124,201846.150764566
model_core,1125,201876.078164661
model_core_stage_0,1125,201876.078164660
model_core,1126,201906.005564755
model_core_stage_0,1126,201906.005564755
model_core,1127,201935.932964849
model_core_stage_0,1127,201935.932964849
model_core,1128,201965.860364942
model_core_stage_0,1128,201965.860364942
model_core,1129,201995.787765036
model_core_stage_0,1129,201995.787765036
model_core,1130,202025.715165129
model_core_stage_0,1130,202025.715165129
model_core,1131,202055.642565222
model_core_stage_0,1131,202055.642565222
model_core,1132,202085.569965314
model_core_stage_0,1132,202085.569965314
model_core,1133,202115.497365407
model_core_stage_0,1133,202115.497365407
model_core,1134,202145.424765499
model_core_stage_0,1134,202145.424765499
model_core,1135,202175.352165591
model_core_stage_0,1135,202175.352165591
model_core,1136,202205.279565683
model_core_stage_0,1136,202205.279565683
model_core,1137,202235.206965774
model_core_stage_0,1137,202235.206965774
model_core,1138,202265.134365866
model_core_stage_0,1138,202265.134365866
model_core,1139,202295.061765957
model_core_stage_0,1139,202295.061765957
model_core,1140,202324.989166048
model_core_stage_0,1140,202324.989166048
model_core,1141,202354.916566138
model_core_stage_0,1141,202354.916566138
model_core,1142,202384.843966229
model_core_stage_0,1142,202384.843966229
model_core,1143,202414.771366319
model_core_stage_0,1143,202414.771366319
model_core,1144,202444.698766409
model_core_stage_0,1144,202444.698766409
model_core,1145,202474.626166499
model_core_stage_0,1145,202474.626166499
model_core,1146,202504.553566589
model_core_stage_0,1146,202504.553566589
model_core,1147,202534.480966679
model_core_stage_0,1147,202534.480966679
model_core,1148,202564.408366768
model_core_stage_0,1148,202564.408366768
model_core,1149,202594.335766857
model_core_stage_0,1149,202594.335766857
model_core,1150,202624.263166946
model_core_stage_0,1150,202624.263166946
model_core,1151,202654.190567035
model_core_stage_0,1151,202654.190567035
model_core,1152,202684.117967124
model_core_stage_0,1152,202684.117967124
model_core,1153,202714.045367213
model_core_stage_0,1153,202714.045367213
model_core,1154,202743.972767301
model_core_stage_0,1154,202743.972767301
model_core,1155,202773.900167390
model_core_stage_0,1155,202773.900167390
model_core,1156,202803.827567478
model_core_stage_0,1156,202803.827567478
model_core,1157,202833.754967566
model_core_stage_0,1157,202833.754967566
model_core,1158,202863.682367654
model_core_stage_0,1158,202863.682367654
model_core,1159,202893.609767742
model_core_stage_0,1159,202893.609767742
model_core,1160,202923.537167829
model_core_stage_0,1160,202923.537167829
model_core,1161,202953.464567917
model_core_stage_0,1161,202953.464567917
model_core,1162,202983.391968004
model_core_stage_0,1162,202983.391968004
model_core,1163,203013.319368092
model_core_stage_0,1163,203013.319368092
model_core,1164,203043.246768179
model_core_stage_0,1164,203043.246768179
model_core,1165,203073.174168266
model_core_stage_0,1165,203073.174168266
model_core,1166,203103.101568353
model_core_stage_0,1166,203103.101568353
model_core,1167,203133.028968440
model_core_stage_0,1167,203133.028968440
model_core,1168,203162.956368527
model_core_stage_0,1168,203162.956368527
model_core,1169,203192.883768613
model_core_stage_0,1169,203192.883768613
model_core,1170,203222.811168700
model_core_stage_0,1170,203222.811168700
model_core,1171,203252.738568787
model_core_stage_0,1171,203252.738568787
model_core,1172,203282.665968873
model_core_stage_0,1172,203282.665968873
model_core,1173,203312.593368959
model_core_stage_0,1173,203312.593368959
model_core,1174,203342.520769045
model_core_stage_0,1174,203342.520769045
model_core,1175,203372.448169131
model_core_stage_0,1175,203372.448169132
model_core,1176,203402.375569217
model_core_stage_0,1176,203402.375569217
model_core,1177,203432.302969303
model_core_stage_0,1177,203432.302969303
model_core,1178,203462.230369389
model_core_stage_0,1178,203462.230369389
model_core,1179,203492.157769475
model_core_stage_0,1179,203492.157769475
model_core,1180,203522.085169561
model_core_stage_0,1180,203522.085169561
model_core,1181,203552.012569646
model_core_stage_0,1181,203552.012569646
model_core,1182,203581.939969732
model_core_stage_0,1182,203581.939969732
model_core,1183,203611.867369817
model_core_stage_0,1183,203611.867369817
model_core,1184,203641.794769903
model_core_stage_0,1184,203641.794769903
model_core,1185,203671.722169988
model_core_stage_0,1185,203671.722169988
model_core,1186,203701.649570073
model_core_stage_0,1186,203701.649570073
model_core,1187,203731.576970158
model_core_stage_0,1187,203731.576970158
model_core,1188,203761.504370244
model_core_stage_0,1188,203761.504370244
model_core,1189,203791.431770329
model_core_stage_0,1189,203791.431770329
model_core,1190,203821.359170414
model_core_stage_0,1190,203821.359170414
model_core,1191,203851.286570499
model_core_stage_0,1191,203851.286570499
model_core,1192,203881.213970583
model_core_stage_0,1192,203881.213970584
model_core,1193,203911.141370668
model_core_stage_0,1193,203911.141370668
model_core,1194,203941.068770753
model_core_stage_0,1194,203941.068770753
model_core,1195,203970.996170838
model_core_stage_0,1195,203970.996170838
model_core,1196,204000.923570922
model_core_stage_0,1196,204000.923570922
model_core,1197,204030.850971007
model_core_stage_0,1197,204030.850971007
model_core,1198,204060.778371092
model_core_stage_0,1198,204060.778371092
model_core,1199,204090.705771176
model_core_stage_0,1199,204090.705771176
model_core,1200,204120.633171260
model_core_stage_0,1200,204120.633171260
model_core,1201,204150.560571345
model_core_stage_0,1201,204150.560571345
model_core,1202,204180.487971429
model_core_stage_0,1202,204180.487971429
model_core,1203,204210.415371514
model_core_stage_0,1203,204210.415371514
model_core,1204,204240.342771598
model_core_stage_0,1204,204240.342771598
model_core,1205,204270.270171682
model_core_stage_0,1205,204270.270171682
model_core,1206,204300.197571766
model_core_stage_0,1206,204300.197571766
model_core,1207,204330.124971850
model_core_stage_0,1207,204330.124971850
model_core,1208,204360.052371934
model_core_stage_0,1208,204360.052371934
model_core,1209,204389.979772018
model_core_stage_0,1209,204389.979772018
model_core,1210,204419.907172102
model_core_stage_0,1210,204419.907172102
model_core,1211,204449.834572186
model_core_stage_0,1211,204449.834572186
model_core,1212,204479.761972270
model_core_stage_0,1212,204479.761972270
model_core,1213,204509.689372354
model_core_stage_0,1213,204509.689372354
model_core,1214,204539.616772438
model_core_stage_0,1214,204539.616772438
model_core,1215,204569.544172522
model_core_stage_0,1215,204569.544172522
model_core,1216,204599.471572606
model_core_stage_0,1216,204599.471572606
model_core,1217,204629.398972689
model_core_stage_0,1217,204629.398972689
model_core,1218,204659.326372773
model_core_stage_0,1218,204659.326372773
model_core,1219,204689.253772857
model_core_stage_0,1219,204689.253772857
model_core,1220,204719.181172940
model_core_stage_0,1220,204719.181172940
model_core,1221,204749.108573024
model_core_stage_0,1221,204749.108573024
model_core,1222,204779.035973108
model_core_stage_0,1222,204779.035973108
model_core,1223,204808.963373191
model_core_stage_0,1223,204808.963373191
model_core,1224,204838.890773275
model_core_stage_0,1224,204838.890773275
model_core,1225,204868.818173358
model_core_stage_0,1225,204868.818173358
model_core,1226,204898.745573442
model_core_stage_0,1226,204898.745573442
model_core,1227,204928.672973525
model_core_stage_0,1227,204928.672973525
model_core,1228,204958.600373609
model_core_stage_0,1228,204958.600373609
model_core,1229,204988.527773692
model_core_stage_0,1229,204988.527773692
model_core,1230,205018.455173775
model_core_stage_0,1230,205018.455173775
model_core,1231,205048.382573859
model_core_stage_0,1231,205048.382573859
model_core,1232,205078.309973942
model_core_stage_0,1232,205078.309973942
model_core,1233,205108.237374025
model_core_stage_0,1233,205108.237374025
model_core,1234,205138.164774109
model_core_stage_0,1234,205138.164774109
model_core,1235,205168.092174192
model_core_stage_0,1235,205168.092174192
model_core,1236,205198.019574275
model_core_stage_0,1236,205198.019574275
model_core,1237,205227.946974358
model_core_stage_0,1237,205227.946974358
model_core,1238,205257.874374442
model_core_stage_0,1238,205257.874374442
model_core,1239,205287.801774525
model_core_stage_0,1239,205287.801774525
model_core,1240,205317.729174608
model_core_stage_0,1240,205317.729174608
model_core,1241,205347.656574691
model_core_stage_0,1241,205347.656574691
model_core,1242,205377.583974774
model_core_stage_0,1242,205377.583974774
model_core,1243,205407.511374857
model_core_stage_0,1243,205407.511374857
model_core,1244,205437.438774940
model_core_stage_0,1244,205437.438774941
model_core,1245,205467.366175024
model_core_stage_0,1245,205467.366175024
model_core,1246,205497.293575107
model_core_stage_0,1246,205497.293575107
model_core,1247,205527.220975190
model_core_stage_0,1247,205527.220975190
model_core,1248,205557.148375273
model_core_stage_0,1248,205557.148375273
model_core,1249,205587.075775356
model_core_stage_0,1249,205587.075775356
model_core,1250,205617.003175439
model_core_stage_0,1250,205617.003175439
model_core,1251,205646.930575522
model_core_stage_0,1251,205646.930575522
model_core,1252,205676.857975605
model_core_stage_0,1252,205676.857975605
model_core,1253,205706.785375688
model_core_stage_0,1253,205706.785375688
model_core,1254,205736.712775771
model_core_stage_0,1254,205736.712775771
model_core,1255,205766.640175853
model_core_stage_0,1255,205766.640175853
model_core,1256,205796.567575936
model_core_stage_0,1256,205796.567575936
model_core,1257,205826.494976019
model_core_stage_0,1257,205826.494976019
model_core,1258,205856.422376102
model_core_stage_0,1258,205856.422376102
model_core,1259,205886.349776185
model_core_stage_0,1259,205886.349776185
model_core,1260,205916.277176268
model_core_stage_0,1260,205916.277176268
model_core,1261,205946.204576351
model_core_stage_0,1261,205946.204576351
model_core,1262,205976.131976434
model_core_stage_0,1262,205976.131976434
model_core,1263,206006.059376516
model_core_stage_0,1263,206006.059376516
model_core,1264,206035.986776599
model_core_stage_0,1264,206035.986776599
model_core,1265,206065.914176682
model_core_stage_0,1265,206065.914176682
model_core,1266,206095.841576765
model_core_stage_0,1266,206095.841576765
model_core,1267,206125.768976848
model_core_stage_0,1267,206125.768976848
model_core,1268,206155.696376930
model_core_stage_0,1268,206155.696376930
model_core,1269,206185.623777013
model_core_stage_0,1269,206185.623777013
model_core,1270,206215.551177096
model_core_stage_0,1270,206215.551177096
model_core,1271,206245.478577179
model_core_stage_0,1271,206245.478577179
model_core,1272,206275.405977261
model_core_stage_0,1272,206275.405977261
model_core,1273,206305.333377344
model_core_stage_0,1273,206305.333377344
model_core,1274,206335.260777427
model_core_stage_0,1274,206335.260777427
model_core,1275,206365.188177510
model_core_stage_0,1275,206365.188177510
model_core,1276,206395.115577592
model_core_stage_0,1276,206395.115577592
model_core,1277,206425.042977675
model_core_stage_0,1277,206425.042977675
model_core,1278,206454.970377758
model_core_stage_0,1278,206454.970377758
model_core,1279,206484.897777840
model_core_stage_0,1279,206484.897777840
model_core,1280,206514.825177923
model_core_stage_0,1280,206514.825177923
model_core,1281,206544.752578006
model_core_stage_0,1281,206544.752578006
model_core,1282,206574.679978088
model_core_stage_0,1282,206574.679978088
model_core,1283,206604.607378171
model_core_stage_0,1283,206604.607378171
model_core,1284,206634.534778254
model_core_stage_0,1284,206634.534778254
model_core,1285,206664.462178336
model_core_stage_0,1285,206664.462178336
model_core,1286,206694.389578419
model_core_stage_0,1286,206694.389578419
model_core,1287,206724.316978501
model_core_stage_0,1287,206724.316978502
model_core,1288,206754.244378584
model_core_stage_0,1288,206754.244378584
model_core,1289,206784.171778667
model_core_stage_0,1289,206784.171778667
model_core,1290,206814.099178749
model_core_stage_0,1290,206814.099178749
model_core,1291,206844.026578832
model_core_stage_0,1291,206844.026578832
model_core,1292,206873.953978915
model_core_stage_0,1292,206873.953978915
model_core,1293,206903.881378997
model_core_stage_0,1293,206903.881378997
model_core,1294,206933.808779080
model_core_stage_0,1294,206933.808779080
model_core,1295,206963.736179162
model_core_stage_0,1295,206963.736179162
model_core,1296,206993.663579245
model_core_stage_0,1296,206993.663579245
model_core,1297,207023.590979327
model_core_stage_0,1297,207023.590979327
model_core,1298,207053.518379410
model_core_stage_0,1298,207053.518379410
model_core,1299,207083.445779492
model_core_stage_0,1299,207083.445779492
model_core,1300,207113.373179575
model_core_stage_0,1300,207113.373179575
model_core,1301,207143.300579658
model_core_stage_0,1301,207143.300579658
model_core,1302,207173.227979740
model_core_stage_0,1302,207173.227979740
model_core,1303,207203.155379823
model_core_stage_0,1303,207203.155379823
model_core,1304,207233.082779905
model_core_stage_0,1304,207233.082779905
model_core,1305,207263.010179988
model_core_stage_0,1305,207263.010179988
model_core,1306,207292.937580070
model_core_stage_0,1306,207292.937580070
model_core,1307,207322.864980153
model_core_stage_0,1307,207322.864980153
model_core,1308,207352.792380235
model_core_stage_0,1308,207352.792380235
model_core,1309,207382.719780318
model_core_stage_0,1309,207382.719780318
model_core,1310,207412.647180400
model_core_stage_0,1310,207412.647180400
model_core,1311,207442.574580483
model_core_stage_0,1311,207442.574580483
model_core,1312,207472.501980565
model_core_stage_0,1312,207472.501980565
model_core,1313,207502.429380648
model_core_stage_0,1313,207502.429380648
model_core,1314,207532.356780730
model_core_stage_0,1314,207532.356780730
model_core,1315,207562.284180813
model_core_stage_0,1315,207562.284180813
model_core,1316,207592.211580895
model_core_stage_0,1316,207592.211580895
model_core,1317,207622.138980978
model_core_stage_0,1317,207622.138980978
model_core,1318,207652.066381060
model_core_stage_0,1318,207652.066381060
model_core,1319,207681.993781143
model_core_stage_0,1319,207681.993781143
model_core,1320,207711.921181225
model_core_stage_0,1320,207711.921181225
model_core,1321,207741.848581308
model_core_stage_0,1321,207741.848581308
model_core,1322,207771.775981390
model_core_stage_0,1322,207771.775981390
model_core,1323,207801.703381473
model_core_stage_0,1323,207801.703381473
model_core,1324,207831.630781555
model_core_stage_0,1324,207831.630781555
model_core,1325,207861.558181638
model_core_stage_0,1325,207861.558181638
model_core,1326,207891.485581720
model_core_stage_0,1326,207891.485581720
model_core,1327,207921.412981802
model_core_stage_0,1327,207921.412981802
model_core,1328,207951.340381885
model_core_stage_0,1328,207951.340381885
model_core,1329,207981.267781967
model_core_stage_0,1329,207981.267781967
model_core,1330,208011.195182050
model_core_stage_0,1330,208011.195182050
model_core,1331,208041.122582132
model_core_stage_0,1331,208041.122582132
model_core,1332,208071.049982215
model_core_stage_0,1332,208071.049982215
model_core,1333,208100.977382297
model_core_stage_0,1333,208100.977382297
model_core,1334,208130.904782380
model_core_stage_0,1334,208130.904782380
model_core,1335,208160.832182462
model_core_stage_0,1335,208160.832182462
model_core,1336,208190.759582544
model_core_stage_0,1336,208190.759582544
model_core,1337,208220.686982627
model_core_stage_0,1337,208220.686982627
model_core,1338,208250.614382709
model_core_stage_0,1338,208250.614382709
model_core,1339,208280.541782792
model_core_stage_0,1339,208280.541782792
model_core,1340,208310.469182874
model_core_stage_0,1340,208310.469182874
model_core,1341,208340.396582957
model_core_stage_0,1341,208340.396582957
model_core,1342,208370.323983039
model_core_stage_0,1342,208370.323983039
model_core,1343,208400.251383121
model_core_stage_0,1343,208400.251383121
model_core,1344,208430.178783204
model_core_stage_0,1344,208430.178783204
model_core,1345,208460.106183286
model_core_stage_0,1345,208460.106183286
model_core,1346,208490.033583369
model_core_stage_0,1346,208490.033583369
model_core,1347,208519.960983451
model_core_stage_0,1347,208519.960983451
model_core,1348,208549.888383534
model_core_stage_0,1348,208549.888383534
model_core,1349,208579.815783616
model_core_stage_0,1349,208579.815783616
model_core,1350,208609.743183698
model_core_stage_0,1350,208609.743183698
model_core,1351,208639.670583781
model_core_stage_0,1351,208639.670583781
model_core,1352,208669.597983863
model_core_stage_0,1352,208669.597983863
model_core,1353,208699.525383946
model_core_stage_0,1353,208699.525383946
model_core,1354,208729.452784028
model_core_stage_0,1354,208729.452784028
model_core,1355,208759.380184110
model_core_stage_0,1355,208759.380184110
model_core,1356,208789.307584193
model_core_stage_0,1356,208789.307584193
model_core,1357,208819.234984275
model_core_stage_0,1357,208819.234984275
model_core,1358,208849.162384358
model_core_stage_0,1358,208849.162384358
model_core,1359,208879.089784440
model_core_stage_0,1359,208879.089784440
model_core,1360,208909.017184522
model_core_stage_0,1360,208909.017184522
model_core,1361,208938.944584605
model_core_stage_0,1361,208938.944584605
model_core,1362,208968.871984687
model_core_stage_0,1362,208968.871984687
model_core,1363,208998.799384770
model_core_stage_0,1363,208998.799384770
model_core,1364,209028.726784852
model_core_stage_0,1364,209028.726784852
model_core,1365,209058.654184934
model_core_stage_0,1365,209058.654184934
model_core,1366,209088.581585017
model_core_stage_0,1366,209088.581585017
model_core,1367,209118.508985099
model_core_stage_0,1367,209118.508985099
model_core,1368,209148.436385182
model_core_stage_0,1368,209148.436385182
model_core,1369,209178.363785264
model_core_stage_0,1369,209178.363785264
model_core,1370,209208.291185346
model_core_stage_0,1370,209208.291185346
model_core,1371,209238.218585429
model_core_stage_0,1371,209238.218585429
model_core,1372,209268.145985511
model_core_stage_0,1372,209268.145985511
model_core,1373,209298.073385594
model_core_stage_0,1373,209298.073385594
model_core,1374,209328.000785676
model_core_stage_0,1374,209328.000785676
model_core,1375,209357.928185758
model_core_stage_0,1375,209357.928185758
model_core,1376,209387.855585841
model_core_stage_0,1376,209387.855585841
model_core,1377,209417.782985923
model_core_stage_0,1377,209417.782985923
model_core,1378,209447.710386005
model_core_stage_0,1378,209447.710386005
model_core,1379,209477.637786088
model_core_stage_0,1379,209477.637786088
model_core,1380,209507.565186170
model_core_stage_0,1380,209507.565186170
model_core,1381,209537.492586253
model_core_stage_0,1381,209537.492586253
model_core,1382,209567.419986335
model_core_stage_0,1382,209567.419986335
model_core,1383,209597.347386417
model_core_stage_0,1383,209597.347386417
model_core,1384,209627.274786500
model_core_stage_0,1384,209627.274786500
model_core,1385,209657.202186582
model_core_stage_0,1385,209657.202186582
model_core,1386,209687.129586665
model_core_stage_0,1386,209687.129586664
model_core,1387,209717.056986747
model_core_stage_0,1387,209717.056986747
model_core,1388,209746.984386829
model_core_stage_0,1388,209746.984386829
model_core,1389,209776.911786912
model_core_stage_0,1389,209776.911786912
model_core,1390,209806.839186994
model_core_stage_0,1390,209806.839186994
model_core,1391,209836.766587076
model_core_stage_0,1391,209836.766587076
model_core,1392,209866.693987159
model_core_stage_0,1392,209866.693987159
model_core,1393,209896.621387241
model_core_stage_0,1393,209896.621387241
model_core,1394,209926.548787323
model_core_stage_0,1394,209926.548787323
model_core,1395,209956.476187406
model_core_stage_0,1395,209956.476187406
model_core,1396,209986.403587488
model_core_stage_0,1396,209986.403587488
model_core,1397,210016.330987571
model_core_stage_0,1397,210016.330987571
model_core,1398,210046.258387653
model_core_stage_0,1398,210046.258387653
model_core,1399,210076.185787735
model_core_stage_0,1399,210076.185787735
model_core,1400,210106.113187818
model_core_stage_0,1400,210106.113187818
model_core,1401,210136.040587900
model_core_stage_0,1401,210136.040587900
model_core,1402,210165.967987982
model_core_stage_0,1402,210165.967987982
model_core,1403,210195.895388065
model_core_stage_0,1403,210195.895388065
model_core,1404,210225.822788147
model_core_stage_0,1404,210225.822788147
model_core,1405,210255.750188230
model_core_stage_0,1405,210255.750188230
model_core,1406,210285.677588312
model_core_stage_0,1406,210285.677588312
model_core,1407,210315.604988394
model_core_stage_0,1407,210315.604988394
model_core,1408,210345.532388477
model_core_stage_0,1408,210345.532388477
model_core,1409,210375.459788559
model_core_stage_0,1409,210375.459788559
model_core,1410,210405.387188641
model_core_stage_0,1410,210405.387188641
model_core,1411,210435.314588724
model_core_stage_0,1411,210435.314588724
model_core,1412,210465.241988806
model_core_stage_0,1412,210465.241988806
model_core,1413,210495.169388888
model_core_stage_0,1413,210495.169388888
model_core,1414,210525.096788971
model_core_stage_0,1414,210525.096788971
model_core,1415,210555.024189053
model_core_stage_0,1415,210555.024189053
model_core,1416,210584.951589136
model_core_stage_0,1416,210584.951589136
model_core,1417,210614.878989218
model_core_stage_0,1417,210614.878989218
model_core,1418,210644.806389300
model_core_stage_0,1418,210644.806389300
model_core,1419,210674.733789383
model_core_stage_0,1419,210674.733789383
model_core,1420,210704.661189465
model_core_stage_0,1420,210704.661189465
model_core,1421,210734.588589547
model_core_stage_0,1421,210734.588589547
model_core,1422,210764.515989630
model_core_stage_0,1422,210764.515989630
model_core,1423,210794.443389712
model_core_stage_0,1423,210794.443389712
model_core,1424,210824.370789794
model_core_stage_0,1424,210824.370789794
model_core,1425,210854.298189877
model_core_stage_0,1425,210854.298189877
model_core,1426,210884.225589959
model_core_stage_0,1426,210884.225589959
model_core,1427,210914.152990042
model_core_stage_0,1427,210914.152990042
model_core,1428,210944.080390124
model_core_stage_0,1428,210944.080390124
model_core,1429,210974.007790206
model_core_stage_0,1429,210974.007790206
model_core,1430,211003.935190289
model_core_stage_0,1430,211003.935190289
model_core,1431,211033.862590371
model_core_stage_0,1431,211033.862590371
model_core,1432,211063.789990453
model_core_stage_0,1432,211063.789990453
model_core,1433,211093.717390536
model_core_stage_0,1433,211093.717390536
model_core,1434,211123.644790618
model_core_stage_0,1434,211123.644790618
model_core,1435,211153.572190700
model_core_stage_0,1435,211153.572190700
model_core,1436,211183.499590783
model_core_stage_0,1436,211183.499590783
model_core,1437,211213.426990865
model_core_stage_0,1437,211213.426990865
model_core,1438,211243.354390947
model_core_stage_0,1438,211243.354390947
model_core,1439,211273.281791030
model_core_stage_0,1439,211273.281791030
model_core,1440,211303.209191112
model_core_stage_0,1440,211303.209191112
model_core,1441,211333.136591195
model_core_stage_0,1441,211333.136591195
model_core,1442,211363.063991277
model_core_stage_0,1442,211363.063991277
model_core,1443,211392.991391359
model_core_stage_0,1443,211392.991391359
model_core,1444,211422.918791442
model_core_stage_0,1444,211422.918791442
model_core,1445,211452.846191524
model_core_stage_0,1445,211452.846191524
model_core,1446,211482.773591606
model_core_stage_0,1446,211482.773591606
model_core,1447,211512.700991689
model_core_stage_0,1447,211512.700991689
model_core,1448,211542.628391771
model_core_stage_0,1448,211542.628391771
model_core,1449,211572.555791853
model_core_stage_0,1449,211572.555791853
model_core,1450,211602.483191936
model_core_stage_0,1450,211602.483191936
model_core,1451,211632.410592018
model_core_stage_0,1451,211632.410592018
model_core,1452,211662.337992101
model_core_stage_0,1452,211662.337992101
model_core,1453,211692.265392183
model_core_stage_0,1453,211692.265392183
model_core,1454,211722.192792265
model_core_stage_0,1454,211722.192792265
model_core,1455,211752.120192348
model_core_stage_0,1455,211752.120192348
model_core,1456,211782.047592430
model_core_stage_0,1456,211782.047592430
model_core,1457,211811.974992512
model_core_stage_0,1457,211811.974992512
model_core,1458,211841.902392595
model_core_stage_0,1458,211841.902392595
model_core,1459,211871.829792677
model_core_stage_0,1459,211871.829792677
model_core,1460,211901.757192759
model_core_stage_0,1460,211901.757192759
model_core,1461,211931.684592842
model_core_stage_0,1461,211931.684592842
model_core,1462,211961.611992924
model_core_stage_0,1462,211961.611992924
model_core,1463,211991.539393006
model_core_stage_0,1463,211991.539393006
model_core,1464,212021.466793089
model_core_stage_0,1464,212021.466793089
model_core,1465,212051.394193171
model_core_stage_0,1465,212051.394193171
model_core,1466,212081.321593253
model_core_stage_0,1466,212081.321593253
model_core,1467,212111.248993336
model_core_stage_0,1467,212111.248993336
model_core,1468,212141.176393418
model_core_stage_0,1468,212141.176393418
model_core,1469,212171.103793501
model_core_stage_0,1469,212171.103793501
model_core,1470,212201.031193583
model_core_stage_0,1470,212201.031193583
model_core,1471,212230.958593665
model_core_stage_0,1471,212230.958593665
model_core,1472,212260.885993748
model_core_stage_0,1472,212260.885993748
model_core,1473,212290.813393830
model_core_stage_0,1473,212290.813393830
model_core,1474,212320.740793912
model_core_stage_0,1474,212320.740793912
model_core,1475,212350.668193995
model_core_stage_0,1475,212350.668193995
model_core,1476,212380.595594077
model_core_stage_0,1476,212380.595594077
model_core,1477,212410.522994159
model_core_stage_0,1477,212410.522994159
model_core,1478,212440.450394242
model_core_stage_0,1478,212440.450394242
model_core,1479,212470.377794324
model_core_stage_0,1479,212470.377794324
model_core,1480,212500.305194406
model_core_stage_0,1480,212500.305194406
model_core,1481,212530.232594489
model_core_stage_0,1481,212530.232594489
model_core,1482,212560.159994571
model_core_stage_0,1482,212560.159994571
model_core,1483,212590.087394653
model_core_stage_0,1483,212590.087394654
model_core,1484,212620.014794736
model_core_stage_0,1484,212620.014794736
model_core,1485,212649.942194818
model_core_stage_0,1485,212649.942194818
model_core,1486,212679.869594901
model_core_stage_0,1486,212679.869594901
model_core,1487,212709.796994983
model_core_stage_0,1487,212709.796994983
model_core,1488,212739.724395065
model_core_stage_0,1488,212739.724395065
model_core,1489,212769.651795148
model_core_stage_0,1489,212769.651795148
model_core,1490,212799.579195230
model_core_stage_0,1490,212799.579195230
model_core,1491,212829.506595312
model_core_stage_0,1491,212829.506595312
model_core,1492,212859.433995395
model_core_stage_0,1492,212859.433995395
model_core,1493,212889.361395477
model_core_stage_0,1493,212889.361395477
model_core,1494,212919.288795559
model_core_stage_0,1494,212919.288795559
model_core,1495,212949.216195642
model_core_stage_0,1495,212949.216195642
model_core,1496,212979.143595724
model_core_stage_0,1496,212979.143595724
model_core,1497,213009.070995806
model_core_stage_0,1497,213009.070995806
model_core,1498,213038.998395889
model_core_stage_0,1498,213038.998395889
model_core,1499,213068.925795971
model_core_stage_0,1499,213068.925795971
model_core,1500,213098.853196053
model_core_stage_0,1500,213098.853196054
model_core,1501,213128.780596136
model_core_stage_0,1501,213128.780596136
model_core,1502,213158.707996218
model_core_stage_0,1502,213158.707996218
model_core,1503,213188.635396301
model_core_stage_0,1503,213188.635396301
model_core,1504,213218.562796383
model_core_stage_0,1504,213218.562796383
model_core,1505,213248.490196465
model_core_stage_0,1505,213248.490196465
model_core,1506,213278.417596548
model_core_stage_0,1506,213278.417596548
model_core,1507,213308.344996630
model_core_stage_0,1507,213308.344996630
model_core,1508,213338.272396712
model_core_stage_0,1508,213338.272396712
model_core,1509,213368.199796795
model_core_stage_0,1509,213368.199796795
model_core,1510,213398.127196877
model_core_stage_0,1510,213398.127196877
model_core,1511,213428.054596959
model_core_stage_0,1511,213428.054596959
model_core,1512,213457.981997042
model_core_stage_0,1512,213457.981997042
model_core,1513,213487.909397124
model_core_stage_0,1513,213487.909397124
model_core,1514,213517.836797206
model_core_stage_0,1514,213517.836797206
model_core,1515,213547.764197289
model_core_stage_0,1515,213547.764197289
model_core,1516,213577.691597371
model_core_stage_0,1516,213577.691597371
model_core,1517,213607.618997453
model_core_stage_0,1517,213607.618997454
model_core,1518,213637.546397536
model_core_stage_0,1518,213637.546397536
model_core,1519,213667.473797618
model_core_stage_0,1519,213667.473797618
model_core,1520,213697.401197701
model_core_stage_0,1520,213697.401197701
model_core,1521,213727.328597783
model_core_stage_0,1521,213727.328597783
model_core,1522,213757.255997865
model_core_stage_0,1522,213757.255997865
model_core,1523,213787.183397948
model_core_stage_0,1523,213787.183397948
model_core,1524,213817.110798030
model_core_stage_0,1524,213817.110798030
model_core,1525,213847.038198112
model_core_stage_0,1525,213847.038198112
model_core,1526,213876.965598195
model_core_stage_0,1526,213876.965598195
model_core,1527,213906.892998277
model_core_stage_0,1527,213906.892998277
model_core,1528,213936.820398359
model_core_stage_0,1528,213936.820398359
model_core,1529,213966.747798442
model_core_stage_0,1529,213966.747798442
model_core,1530,213996.675198524
model_core_stage_0,1530,213996.675198524
model_core,1531,214026.602598606
model_core_stage_0,1531,214026.602598606
model_core,1532,214056.529998689
model_core_stage_0,1532,214056.529998689
model_core,1533,214086.457398771
model_core_stage_0,1533,214086.457398771
model_core,1534,214116.384798853
model_core_stage_0,1534,214116.384798853
model_core,1535,214146.312198936
model_core_stage_0,1535,214146.312198936
model_core,1536,214176.239599018
model_core_stage_0,1536,214176.239599018
model_core,1537,214206.166999101
model_core_stage_0,1537,214206.166999101
model_core,1538,214236.094399183
model_core_stage_0,1538,214236.094399183
model_core,1539,214266.021799265
model_core_stage_0,1539,214266.021799265
model_core,1540,214295.949199348
model_core_stage_0,1540,214295.949199348
model_core,1541,214325.876599430
model_core_stage_0,1541,214325.876599430
model_core,1542,214355.803999512
model_core_stage_0,1542,214355.803999512
model_core,1543,214385.731399595
model_core_stage_0,1543,214385.731399595
model_core,1544,214415.658799677
model_core_stage_0,1544,214415.658799677
model_core,1545,214445.586199759
model_core_stage_0,1545,214445.586199759
model_core,1546,214475.513599842
model_core_stage_0,1546,214475.513599842
model_core,1547,214505.440999924
model_core_stage_0,1547,214505.440999924
model_core,1548,214535.368400006
model_core_stage_0,1548,214535.368400006
model_core,1549,214565.295800089
model_core_stage_0,1549,214565.295800089
model_core,1550,214595.223200171
model_core_stage_0,1550,214595.223200171
model_core,1551,214625.150600253
model_core_stage_0,1551,214625.150600253
model_core,1552,214655.078000336
model_core_stage_0,1552,214655.078000336
model_core,1553,214685.005400418
model_core_stage_0,1553,214685.005400418
model_core,1554,214714.932800500
model_core_stage_0,1554,214714.932800500
model_core,1555,214744.860200583
model_core_stage_0,1555,214744.860200583
model_core,1556,214774.787600665
model_core_stage_0,1556,214774.787600665
model_core,1557,214804.715000748
model_core_stage_0,1557,214804.715000748
model_core,1558,214834.642400830
model_core_stage_0,1558,214834.642400830
model_core,1559,214864.569800912
model_core_stage_0,1559,214864.569800912
model_core,1560,214894.497200995
model_core_stage_0,1560,214894.497200995
model_core,1561,214924.424601077
model_core_stage_0,1561,214924.424601077
model_core,1562,214954.352001159
model_core_stage_0,1562,214954.352001159
model_core,1563,214984.279401242
model_core_stage_0,1563,214984.279401242
model_core,1564,215014.206801324
model_core_stage_0,1564,215014.206801324
model_core,1565,215044.134201406
model_core_stage_0,1565,215044.134201406
model_core,1566,215074.061601489
model_core_stage_0,1566,215074.061601489
model_core,1567,215103.989001571
model_core_stage_0,1567,215103.989001571
model_core,1568,215133.916401653
model_core_stage_0,1568,215133.916401653
model_core,1569,215163.843801736
model_core_stage_0,1569,215163.843801736
model_core,1570,215193.771201818
model_core_stage_0,1570,215193.771201818
model_core,1571,215223.698601900
model_core_stage_0,1571,215223.698601900
model_core,1572,215253.626001983
model_core_stage_0,1572,215253.626001983
model_core,1573,215283.553402065
model_core_stage_0,1573,215283.553402065
model_core,1574,215313.480802148
model_core_stage_0,1574,215313.480802147
model_core,1575,215343.408202230
model_core_stage_0,1575,215343.408202230
model_core,1576,215373.335602312
model_core_stage_0,1576,215373.335602312
model_core,1577,215403.263002395
model_core_stage_0,1577,215403.263002395
model_core,1578,215433.190402477
model_core_stage_0,1578,215433.190402477
model_core,1579,215463.117802559
model_core_stage_0,1579,215463.117802559
model_core,1580,215493.045202642
model_core_stage_0,1580,215493.045202642
model_core,1581,215522.972602724
model_core_stage_0,1581,215522.972602724
model_core,1582,215552.900002806
model_core_stage_0,1582,215552.900002806
model_core,1583,215582.827402889
model_core_stage_0,1583,215582.827402889
model_core,1584,215612.754802971
model_core_stage_0,1584,215612.754802971
model_core,1585,215642.682203053
model_core_stage_0,1585,215642.682203053
model_core,1586,215672.609603136
model_core_stage_0,1586,215672.609603136
model_core,1587,215702.537003218
model_core_stage_0,1587,215702.537003218
model_core,1588,215732.464403300
model_core_stage_0,1588,215732.464403300
model_core,1589,215762.391803383
model_core_stage_0,1589,215762.391803383
model_core,1590,215792.319203465
model_core_stage_0,1590,215792.319203465
model_core,1591,215822.246603547
model_core_stage_0,1591,215822.246603547
model_core,1592,215852.174003630
model_core_stage_0,1592,215852.174003630
model_core,1593,215882.101403712
model_core_stage_0,1593,215882.101403712
model_core,1594,215912.028803795
model_core_stage_0,1594,215912.028803795
model_core,1595,215941.956203877
model_core_stage_0,1595,215941.956203877
model_core,1596,215971.883603959
model_core_stage_0,1596,215971.883603959
model_core,1597,216001.811004042
model_core_stage_0,1597,216001.811004042
model_core,1598,216031.738404124
model_core_stage_0,1598,216031.738404124
model_core,1599,216061.665804206
model_core_stage_0,1599,216061.665804206
model_core,1600,216091.593204289
model_core_stage_0,1600,216091.593204289
model_core,1601,216121.520604371
model_core_stage_0,1601,216121.520604371
model_core,1602,216151.448004453
model_core_stage_0,1602,216151.448004453
model_core,1603,216181.375404536
model_core_stage_0,1603,216181.375404536
model_core,1604,216211.302804618
model_core_stage_0,1604,216211.302804618
model_core,1605,216241.230204700
model_core_stage_0,1605,216241.230204700
model_core,1606,216271.157604783
model_core_stage_0,1606,216271.157604783
model_core,1607,216301.085004865
model_core_stage_0,1607,216301.085004865
model_core,1608,216331.012404947
model_core_stage_0,1608,216331.012404947
model_core,1609,216360.939805030
model_core_stage_0,1609,216360.939805030
model_core,1610,216390.867205112
model_core_stage_0,1610,216390.867205112
model_core,1611,216420.794605195
model_core_stage_0,1611,216420.794605194
model_core,1612,216450.722005277
model_core_stage_0,1612,216450.722005277
model_core,1613,216480.649405359
model_core_stage_0,1613,216480.649405359
model_core,1614,216510.576805442
model_core_stage_0,1614,216510.576805442
model_core,1615,216540.504205524
model_core_stage_0,1615,216540.504205524
model_core,1616,216570.431605606
model_core_stage_0,1616,216570.431605606
model_core,1617,216600.359005689
model_core_stage_0,1617,216600.359005689
model_core,1618,216630.286405771
model_core_stage_0,1618,216630.286405771
model_core,1619,216660.213805853
model_core_stage_0,1619,216660.213805853
model_core,1620,216690.141205936
model_core_stage_0,1620,216690.141205936
model_core,1621,216720.068606018
model_core_stage_0,1621,216720.068606018
model_core,1622,216749.996006100
model_core_stage_0,1622,216749.996006100
model_core,1623,216779.923406183
model_core_stage_0,1623,216779.923406183
model_core,1624,216809.850806265
model_core_stage_0,1624,216809.850806265
model_core,1625,216839.778206347
model_core_stage_0,1625,216839.778206347
model_core,1626,216869.705606430
model_core_stage_0,1626,216869.705606430
model_core,1627,216899.633006512
model_core_stage_0,1627,216899.633006512
model_core,1628,216929.560406594
model_core_stage_0,1628,216929.560406595
model_core,1629,216959.487806677
model_core_stage_0,1629,216959.487806677
model_core,1630,216989.415206759
model_core_stage_0,1630,216989.415206759
model_core,1631,217019.342606842
model_core_stage_0,1631,217019.342606842
model_core,1632,217049.270006924
model_core_stage_0,1632,217049.270006924
model_core,1633,217079.197407006
model_core_stage_0,1633,217079.197407006
model_core,1634,217109.124807089
model_core_stage_0,1634,217109.124807089
model_core,1635,217139.052207171
model_core_stage_0,1635,217139.052207171
model_core,1636,217168.979607253
model_core_stage_0,1636,217168.979607253
model_core,1637,217198.907007336
model_core_stage_0,1637,217198.907007336
model_core,1638,217228.834407418
model_core_stage_0,1638,217228.834407418
model_core,1639,217258.761807500
model_core_stage_0,1639,217258.761807500
model_core,1640,217288.689207583
model_core_stage_0,1640,217288.689207583
model_core,1641,217318.616607665
model_core_stage_0,1641,217318.616607665
model_core,1642,217348.544007747
model_core_stage_0,1642,217348.544007747
model_core,1643,217378.471407830
model_core_stage_0,1643,217378.471407830
model_core,1644,217408.398807912
model_core_stage_0,1644,217408.398807912
model_core,1645,217438.326207994
model_core_stage_0,1645,217438.326207994
model_core,1646,217468.253608077
model_core_stage_0,1646,217468.253608077
model_core,1647,217498.181008159
model_core_stage_0,1647,217498.181008159
model_core,1648,217528.108408241
model_core_stage_0,1648,217528.108408241
model_core,1649,217558.035808324
model_core_stage_0,1649,217558.035808324
model_core,1650,217587.963208406
model_core_stage_0,1650,217587.963208406
model_core,1651,217617.890608489
model_core_stage_0,1651,217617.890608489
model_core,1652,217647.818008571
model_core_stage_0,1652,217647.818008571
model_core,1653,217677.745408653
model_core_stage_0,1653,217677.745408653
model_core,1654,217707.672808736
model_core_stage_0,1654,217707.672808736
model_core,1655,217737.600208818
model_core_stage_0,1655,217737.600208818
model_core,1656,217767.527608900
model_core_stage_0,1656,217767.527608900
model_core,1657,217797.455008983
model_core_stage_0,1657,217797.455008983
model_core,1658,217827.382409065
model_core_stage_0,1658,217827.382409065
model_core,1659,217857.309809147
model_core_stage_0,1659,217857.309809147
model_core,1660,217887.237209230
model_core_stage_0,1660,217887.237209230
model_core,1661,217917.164609312
model_core_stage_0,1661,217917.164609312
model_core,1662,217947.092009394
model_core_stage_0,1662,217947.092009394
model_core,1663,217977.019409477
model_core_stage_0,1663,217977.019409477
model_core,1664,218006.946809559
model_core_stage_0,1664,218006.946809559
model_core,1665,218036.874209641
model_core_stage_0,1665,218036.874209641
model_core,1666,218066.801609724
model_core_stage_0,1666,218066.801609724
model_core,1667,218096.729009806
model_core_stage_0,1667,218096.729009806
model_core,1668,218126.656409888
model_core_stage_0,1668,218126.656409888
model_core,1669,218156.583809971
model_core_stage_0,1669,218156.583809971
model_core,1670,218186.511210053
model_core_stage_0,1670,218186.511210053
model_core,1671,218216.438610136
model_core_stage_0,1671,218216.438610136
model_core,1672,218246.366010218
model_core_stage_0,1672,218246.366010218
model_core,1673,218276.293410300
model_core_stage_0,1673,218276.293410300
model_core,1674,218306.220810383
model_core_stage_0,1674,218306.220810383
model_core,1675,218336.148210465
model_core_stage_0,1675,218336.148210465
model_core,1676,218366.075610547
model_core_stage_0,1676,218366.075610547
model_core,1677,218396.003010630
model_core_stage_0,1677,218396.003010630
model_core,1678,218425.930410712
model_core_stage_0,1678,218425.930410712
model_core,1679,218455.857810794
model_core_stage_0,1679,218455.857810794
model_core,1680,218485.785210877
model_core_stage_0,1680,218485.785210877
model_core,1681,218515.712610959
model_core_stage_0,1681,218515.712610959
model_core,1682,218545.640011041
model_core_stage_0,1682,218545.640011041
model_core,1683,218575.567411124
model_core_stage_0,1683,218575.567411124
model_core,1684,218605.494811206
model_core_stage_0,1684,218605.494811206
model_core,1685,218635.422211288
model_core_stage_0,1685,218635.422211288
model_core,1686,218665.349611371
model_core_stage_0,1686,218665.349611371
model_core,1687,218695.277011453
model_core_stage_0,1687,218695.277011453
model_core,1688,218725.204411536
model_core_stage_0,1688,218725.204411536
model_core,1689,218755.131811618
model_core_stage_0,1689,218755.131811618
model_core,1690,218785.059211700
model_core_stage_0,1690,218785.059211700
model_core,1691,218814.986611783
model_core_stage_0,1691,218814.986611783
model_core,1692,218844.914011865
model_core_stage_0,1692,218844.914011865
model_core,1693,218874.841411947
model_core_stage_0,1693,218874.841411947
model_core,1694,218904.768812030
model_core_stage_0,1694,218904.768812030
model_core,1695,218934.696212112
model_core_stage_0,1695,218934.696212112
model_core,1696,218964.623612194
model_core_stage_0,1696,218964.623612194
model_core,1697,218994.551012277
model_core_stage_0,1697,218994.551012277
model_core,1698,219024.478412359
model_core_stage_0,1698,219024.478412359
model_core,1699,219054.405812441
model_core_stage_0,1699,219054.405812441
model_core,1700,219084.333212524
model_core_stage_0,1700,219084.333212524
model_core,1701,219114.260612606
model_core_stage_0,1701,219114.260612606
model_core,1702,219144.188012688
model_core_stage_0,1702,219144.188012688
model_core,1703,219174.115412771
model_core_stage_0,1703,219174.115412771
model_core,1704,219204.042812853
model_core_stage_0,1704,219204.042812853
model_core,1705,219233.970212935
model_core_stage_0,1705,219233.970212936
model_core,1706,219263.897613018
model_core_stage_0,1706,219263.897613018
model_core,1707,219293.825013100
model_core_stage_0,1707,219293.825013100
model_core,1708,219323.752413183
model_core_stage_0,1708,219323.752413183
model_core,1709,219353.679813265
model_core_stage_0,1709,219353.679813265
model_core,1710,219383.607213347
model_core_stage_0,1710,219383.607213347
model_core,1711,219413.534613430
model_core_stage_0,1711,219413.534613430
model_core,1712,219443.462013512
model_core_stage_0,1712,219443.462013512
model_core,1713,219473.389413594
model_core_stage_0,1713,219473.389413594
model_core,1714,219503.316813677
model_core_stage_0,1714,219503.316813677
model_core,1715,219533.244213759
model_core_stage_0,1715,219533.244213759
model_core,1716,219563.171613841
model_core_stage_0,1716,219563.171613841
model_core,1717,219593.099013924
model_core_stage_0,1717,219593.099013924
model_core,1718,219623.026414006
model_core_stage_0,1718,219623.026414006
model_core,1719,219652.953814088
model_core_stage_0,1719,219652.953814088
model_core,1720,219682.881214171
model_core_stage_0,1720,219682.881214171
model_core,1721,219712.808614253
model_core_stage_0,1721,219712.808614253
model_core,1722,219742.736014335
model_core_stage_0,1722,219742.736014335
model_core,1723,219772.663414418
model_core_stage_0,1723,219772.663414418
model_core,1724,219802.590814500
model_core_stage_0,1724,219802.590814500
model_core,1725,219832.518214582
model_core_stage_0,1725,219832.518214582
model_core,1726,219862.445614665
model_core_stage_0,1726,219862.445614665
model_core,1727,219892.373014747
model_core_stage_0,1727,219892.373014747
model_core,1728,219922.300414830
model_core_stage_0,1728,219922.300414830
model_core,1729,219952.227814912
model_core_stage_0,1729,219952.227814912
model_core,1730,219982.155214994
model_core_stage_0,1730,219982.155214994
model_core,1731,220012.082615077
model_core_stage_0,1731,220012.082615077
model_core,1732,220042.010015159
model_core_stage_0,1732,220042.010015159
model_core,1733,220071.937415241
model_core_stage_0,1733,220071.937415241
model_core,1734,220101.864815324
model_core_stage_0,1734,220101.864815324
model_core,1735,220131.792215406
model_core_stage_0,1735,220131.792215406
model_core,1736,220161.719615488
model_core_stage_0,1736,220161.719615488
model_core,1737,220191.647015571
model_core_stage_0,1737,220191.647015571
model_core,1738,220221.574415653
model_core_stage_0,1738,220221.574415653
model_core,1739,220251.501815735
model_core_stage_0,1739,220251.501815735
model_core,1740,220281.429215818
model_core_stage_0,1740,220281.429215818
model_core,1741,220311.356615900
model_core_stage_0,1741,220311.356615900
model_core,1742,220341.284015982
model_core_stage_0,1742,220341.284015982
model_core,1743,220371.211416065
model_core_stage_0,1743,220371.211416065
model_core,1744,220401.138816147
model_core_stage_0,1744,220401.138816147
model_core,1745,220431.066216230
model_core_stage_0,1745,220431.066216230
model_core,1746,220460.993616312
model_core_stage_0,1746,220460.993616312
model_core,1747,220490.921016394
model_core_stage_0,1747,220490.921016394
model_core,1748,220520.848416477
model_core_stage_0,1748,220520.848416477
model_core,1749,220550.775816559
model_core_stage_0,1749,220550.775816559
model_core,1750,220580.703216641
model_core_stage_0,1750,220580.703216641
model_core,1751,220610.630616724
model_core_stage_0,1751,220610.630616724
model_core,1752,220640.558016806
model_core_stage_0,1752,220640.558016806
model_core,1753,220670.485416888
model_core_stage_0,1753,220670.485416888
model_core,1754,220700.412816971
model_core_stage_0,1754,220700.412816971
model_core,1755,220730.340217053
model_core_stage_0,1755,220730.340217053
model_core,1756,220760.267617135
model_core_stage_0,1756,220760.267617135
model_core,1757,220790.195017218
model_core_stage_0,1757,220790.195017218
model_core,1758,220820.122417300
model_core_stage_0,1758,220820.122417300
model_core,1759,220850.049817382
model_core_stage_0,1759,220850.049817382
model_core,1760,220879.977217465
model_core_stage_0,1760,220879.977217465
model_core,1761,220909.904617547
model_core_stage_0,1761,220909.904617547
model_core,1762,220939.832017629
model_core_stage_0,1762,220939.832017629
model_core,1763,220969.759417712
model_core_stage_0,1763,220969.759417712
model_core,1764,220999.686817794
model_core_stage_0,1764,220999.686817794
model_core,1765,221029.614217877
model_core_stage_0,1765,221029.614217877
model_core,1766,221059.541617959
model_core_stage_0,1766,221059.541617959
model_core,1767,221089.469018041
model_core_stage_0,1767,221089.469018041
model_core,1768,221119.396418124
model_core_stage_0,1768,221119.396418124
model_core,1769,221149.323818206
model_core_stage_0,1769,221149.323818206
model_core,1770,221179.251218288
model_core_stage_0,1770,221179.251218288
model_core,1771,221209.178618371
model_core_stage_0,1771,221209.178618371
model_core,1772,221239.106018453
model_core_stage_0,1772,221239.106018453
model_core,1773,221269.033418535
model_core_stage_0,1773,221269.033418535
model_core,1774,221298.960818618
model_core_stage_0,1774,221298.960818618
model_core,1775,221328.888218700
model_core_stage_0,1775,221328.888218700
model_core,1776,221358.815618782
model_core_stage_0,1776,221358.815618782
model_core,1777,221388.743018865
model_core_stage_0,1777,221388.743018865
model_core,1778,221418.670418947
model_core_stage_0,1778,221418.670418947
model_core,1779,221448.597819029
model_core_stage_0,1779,221448.597819029
model_core,1780,221478.525219112
model_core_stage_0,1780,221478.525219112
model_core,1781,221508.452619194
model_core_stage_0,1781,221508.452619194
model_core,1782,221538.380019276
model_core_stage_0,1782,221538.380019277
model_core,1783,221568.307419359
model_core_stage_0,1783,221568.307419359
model_core,1784,221598.234819441
model_core_stage_0,1784,221598.234819441
model_core,1785,221628.162219524
model_core_stage_0,1785,221628.162219524
model_core,1786,221658.089619606
model_core_stage_0,1786,221658.089619606
model_core,1787,221688.017019688
model_core_stage_0,1787,221688.017019688
model_core,1788,221717.944419771
model_core_stage_0,1788,221717.944419771
model_core,1789,221747.871819853
model_core_stage_0,1789,221747.871819853
model_core,1790,221777.799219935
model_core_stage_0,1790,221777.799219935
model_core,1791,221807.726620018
model_core_stage_0,1791,221807.726620018
model_core,1792,221837.654020100
model_core_stage_0,1792,221837.654020100
model_core,1793,221867.581420182
model_core_stage_0,1793,221867.581420182
model_core,1794,221897.508820265
model_core_stage_0,1794,221897.508820265
model_core,1795,221927.436220347
model_core_stage_0,1795,221927.436220347
model_core,1796,221957.363620429
model_core_stage_0,1796,221957.363620429
model_core,1797,221987.291020512
model_core_stage_0,1797,221987.291020512
model_core,1798,222017.218420594
model_core_stage_0,1798,222017.218420594
model_core,1799,222047.145820676
model_core_stage_0,1799,222047.145820676
model_core,1800,222077.073220759
model_core_stage_0,1800,222077.073220759
model_core,1801,222107.000620841
model_core_stage_0,1801,222107.000620841
model_core,1802,222136.928020924
model_core_stage_0,1802,222136.928020924
model_core,1803,222166.855421006
model_core_stage_0,1803,222166.855421006
model_core,1804,222196.782821088
model_core_stage_0,1804,222196.782821088
model_core,1805,222226.710221171
model_core_stage_0,1805,222226.710221171
model_core,1806,222256.637621253
model_core_stage_0,1806,222256.637621253
model_core,1807,222286.565021335
model_core_stage_0,1807,222286.565021335
model_core,1808,222316.492421418
model_core_stage_0,1808,222316.492421418
model_core,1809,222346.419821500
model_core_stage_0,1809,222346.419821500
model_core,1810,222376.347221582
model_core_stage_0,1810,222376.347221582
model_core,1811,222406.274621665
model_core_stage_0,1811,222406.274621665
model_core,1812,222436.202021747
model_core_stage_0,1812,222436.202021747
model_core,1813,222466.129421829
model_core_stage_0,1813,222466.129421829
model_core,1814,222496.056821912
model_core_stage_0,1814,222496.056821912
model_core,1815,222525.984221994
model_core_stage_0,1815,222525.984221994
model_core,1816,222555.911622076
model_core_stage_0,1816,222555.911622076
model_core,1817,222585.839022159
model_core_stage_0,1817,222585.839022159
model_core,1818,222615.766422241
model_core_stage_0,1818,222615.766422241
model_core,1819,222645.693822323
model_core_stage_0,1819,222645.693822323
model_core,1820,222675.621222406
model_core_stage_0,1820,222675.621222406
model_core,1821,222705.548622488
model_core_stage_0,1821,222705.548622488
model_core,1822,222735.476022571
model_core_stage_0,1822,222735.476022570
model_core,1823,222765.403422653
model_core_stage_0,1823,222765.403422653
model_core,1824,222795.330822735
model_core_stage_0,1824,222795.330822735
model_core,1825,222825.258222818
model_core_stage_0,1825,222825.258222818
model_core,1826,222855.185622900
model_core_stage_0,1826,222855.185622900
model_core,1827,222885.113022982
model_core_stage_0,1827,222885.113022982
model_core,1828,222915.040423065
model_core_stage_0,1828,222915.040423065
model_core,1829,222944.967823147
model_core_stage_0,1829,222944.967823147
model_core,1830,222974.895223229
model_core_stage_0,1830,222974.895223229
model_core,1831,223004.822623312
model_core_stage_0,1831,223004.822623312
model_core,1832,223034.750023394
model_core_stage_0,1832,223034.750023394
model_core,1833,223064.677423476
model_core_stage_0,1833,223064.677423476
model_core,1834,223094.604823559
model_core_stage_0,1834,223094.604823559
model_core,1835,223124.532223641
model_core_stage_0,1835,223124.532223641
model_core,1836,223154.459623723
model_core_stage_0,1836,223154.459623723
model_core,1837,223184.387023806
model_core_stage_0,1837,223184.387023806
model_core,1838,223214.314423888
model_core_stage_0,1838,223214.314423888
model_core,1839,223244.241823970
model_core_stage_0,1839,223244.241823970
model_core,1840,223274.169224053
model_core_stage_0,1840,223274.169224053
model_core,1841,223304.096624135
model_core_stage_0,1841,223304.096624135
model_core,1842,223334.024024218
model_core_stage_0,1842,223334.024024218
model_core,1843,223363.951424300
model_core_stage_0,1843,223363.951424300
model_core,1844,223393.878824382
model_core_stage_0,1844,223393.878824382
model_core,1845,223423.806224465
model_core_stage_0,1845,223423.806224465
model_core,1846,223453.733624547
model_core_stage_0,1846,223453.733624547
model_core,1847,223483.661024629
model_core_stage_0,1847,223483.661024629
model_core,1848,223513.588424712
model_core_stage_0,1848,223513.588424712
model_core,1849,223543.515824794
model_core_stage_0,1849,223543.515824794
model_core,1850,223573.443224876
model_core_stage_0,1850,223573.443224876
model_core,1851,223603.370624959
model_core_stage_0,1851,223603.370624959
model_core,1852,223633.298025041
model_core_stage_0,1852,223633.298025041
model_core,1853,223663.225425123
model_core_stage_0,1853,223663.225425123
model_core,1854,223693.152825206
model_core_stage_0,1854,223693.152825206
model_core,1855,223723.080225288
model_core_stage_0,1855,223723.080225288
model_core,1856,223753.007625370
model_core_stage_0,1856,223753.007625370
model_core,1857,223782.935025453
model_core_stage_0,1857,223782.935025453
model_core,1858,223812.862425535
model_core_stage_0,1858,223812.862425535
model_core,1859,223842.789825618
model_core_stage_0,1859,223842.789825618
model_core,1860,223872.717225700
model_core_stage_0,1860,223872.717225700
model_core,1861,223902.644625782
model_core_stage_0,1861,223902.644625782
model_core,1862,223932.572025865
model_core_stage_0,1862,223932.572025865
model_core,1863,223962.499425947
model_core_stage_0,1863,223962.499425947
model_core,1864,223992.426826029
model_core_stage_0,1864,223992.426826029
model_core,1865,224022.354226112
model_core_stage_0,1865,224022.354226112
model_core,1866,224052.281626194
model_core_stage_0,1866,224052.281626194
model_core,1867,224082.209026276
model_core_stage_0,1867,224082.209026276
model_core,1868,224112.136426359
model_core_stage_0,1868,224112.136426359
model_core,1869,224142.063826441
model_core_stage_0,1869,224142.063826441
model_core,1870,224171.991226523
model_core_stage_0,1870,224171.991226523
model_core,1871,224201.918626606
model_core_stage_0,1871,224201.918626606
model_core,1872,224231.846026688
model_core_stage_0,1872,224231.846026688
model_core,1873,224261.773426770
model_core_stage_0,1873,224261.773426770
model_core,1874,224291.700826853
model_core_stage_0,1874,224291.700826853
model_core,1875,224321.628226935
model_core_stage_0,1875,224321.628226935
model_core,1876,224351.555627017
model_core_stage_0,1876,224351.555627017
model_core,1877,224381.483027100
model_core_stage_0,1877,224381.483027100
model_core,1878,224411.410427182
model_core_stage_0,1878,224411.410427182
model_core,1879,224441.337827265
model_core_stage_0,1879,224441.337827265
model_core,1880,224471.265227347
model_core_stage_0,1880,224471.265227347
model_core,1881,224501.192627429
model_core_stage_0,1881,224501.192627429
model_core,1882,224531.120027512
model_core_stage_0,1882,224531.120027512
model_core,1883,224561.047427594
model_core_stage_0,1883,224561.047427594
model_core,1884,224590.974827676
model_core_stage_0,1884,224590.974827676
model_core,1885,224620.902227759
model_core_stage_0,1885,224620.902227759
model_core,1886,224650.829627841
model_core_stage_0,1886,224650.829627841
model_core,1887,224680.757027923
model_core_stage_0,1887,224680.757027923
model_core,1888,224710.684428006
model_core_stage_0,1888,224710.684428006
model_core,1889,224740.611828088
model_core_stage_0,1889,224740.611828088
model_core,1890,224770.539228170
model_core_stage_0,1890,224770.539228170
model_core,1891,224800.466628253
model_core_stage_0,1891,224800.466628253
model_core,1892,224830.394028335
model_core_stage_0,1892,224830.394028335
model_core,1893,224860.321428417
model_core_stage_0,1893,224860.321428417
model_core,1894,224890.248828500
model_core_stage_0,1894,224890.248828500
model_core,1895,224920.176228582
model_core_stage_0,1895,224920.176228582
model_core,1896,224950.103628664
model_core_stage_0,1896,224950.103628664
model_core,1897,224980.031028747
model_core_stage_0,1897,224980.031028747
model_core,1898,225009.958428829
model_core_stage_0,1898,225009.958428829
model_core,1899,225039.885828912
model_core_stage_0,1899,225039.885828912
model_core,1900,225069.813228994
model_core_stage_0,1900,225069.813228994
model_core,1901,225099.740629076
model_core_stage_0,1901,225099.740629076
model_core,1902,225129.668029159
model_core_stage_0,1902,225129.668029159
model_core,1903,225159.595429241
model_core_stage_0,1903,225159.595429241
model_core,1904,225189.522829323
model_core_stage_0,1904,225189.522829323
model_core,1905,225219.450229406
model_core_stage_0,1905,225219.450229406
model_core,1906,225249.377629488
model_core_stage_0,1906,225249.377629488
model_core,1907,225279.305029570
model_core_stage_0,1907,225279.305029570
model_core,1908,225309.232429653
model_core_stage_0,1908,225309.232429653
model_core,1909,225339.159829735
model_core_stage_0,1909,225339.159829735
model_core,1910,225369.087229817
model_core_stage_0,1910,225369.087229817
model_core,1911,225399.014629900
model_core_stage_0,1911,225399.014629900
model_core,1912,225428.942029982
model_core_stage_0,1912,225428.942029982
model_core,1913,225458.869430064
model_core_stage_0,1913,225458.869430064
model_core,1914,225488.796830147
model_core_stage_0,1914,225488.796830147
model_core,1915,225518.724230229
model_core_stage_0,1915,225518.724230229
model_core,1916,225548.651630312
model_core_stage_0,1916,225548.651630311
model_core,1917,225578.579030394
model_core_stage_0,1917,225578.579030394
model_core,1918,225608.506430476
model_core_stage_0,1918,225608.506430476
model_core,1919,225638.433830559
model_core_stage_0,1919,225638.433830559
model_core,1920,225668.361230641
model_core_stage_0,1920,225668.361230641
model_core,1921,225698.288630723
model_core_stage_0,1921,225698.288630723
model_core,1922,225728.216030806
model_core_stage_0,1922,225728.216030806
model_core,1923,225758.143430888
model_core_stage_0,1923,225758.143430888
model_core,1924,225788.070830970
model_core_stage_0,1924,225788.070830970
model_core,1925,225817.998231053
model_core_stage_0,1925,225817.998231053
model_core,1926,225847.925631135
model_core_stage_0,1926,225847.925631135
model_core,1927,225877.853031217
model_core_stage_0,1927,225877.853031217
model_core,1928,225907.780431300
model_core_stage_0,1928,225907.780431300
model_core,1929,225937.707831382
model_core_stage_0,1929,225937.707831382
model_core,1930,225967.635231464
model_core_stage_0,1930,225967.635231464
model_core,1931,225997.562631547
model_core_stage_0,1931,225997.562631547
model_core,1932,226027.490031629
model_core_stage_0,1932,226027.490031629
model_core,1933,226057.417431711
model_core_stage_0,1933,226057.417431711
model_core,1934,226087.344831794
model_core_stage_0,1934,226087.344831794
model_core,1935,226117.272231876
model_core_stage_0,1935,226117.272231876
model_core,1936,226147.199631959
model_core_stage_0,1936,226147.199631958
model_core,1937,226177.127032041
model_core_stage_0,1937,226177.127032041
model_core,1938,226207.054432123
model_core_stage_0,1938,226207.054432123
model_core,1939,226236.981832206
model_core_stage_0,1939,226236.981832206
model_core,1940,226266.909232288
model_core_stage_0,1940,226266.909232288
model_core,1941,226296.836632370
model_core_stage_0,1941,226296.836632370
model_core,1942,226326.764032453
model_core_stage_0,1942,226326.764032453
model_core,1943,226356.691432535
model_core_stage_0,1943,226356.691432535
model_core,1944,226386.618832617
model_core_stage_0,1944,226386.618832617
model_core,1945,226416.546232700
model_core_stage_0,1945,226416.546232700
model_core,1946,226446.473632782
model_core_stage_0,1946,226446.473632782
model_core,1947,226476.401032864
model_core_stage_0,1947,226476.401032864
model_core,1948,226506.328432947
model_core_stage_0,1948,226506.328432947
model_core,1949,226536.255833029
model_core_stage_0,1949,226536.255833029
model_core,1950,226566.183233111
model_core_stage_0,1950,226566.183233111
model_core,1951,226596.110633194
model_core_stage_0,1951,226596.110633194
model_core,1952,226626.038033276
model_core_stage_0,1952,226626.038033276
model_core,1953,226655.965433358
model_core_stage_0,1953,226655.965433358
model_core,1954,226685.892833441
model_core_stage_0,1954,226685.892833441
model_core,1955,226715.820233523
model_core_stage_0,1955,226715.820233523
model_core,1956,226745.747633605
model_core_stage_0,1956,226745.747633605
model_core,1957,226775.675033688
model_core_stage_0,1957,226775.675033688
model_core,1958,226805.602433770
model_core_stage_0,1958,226805.602433770
model_core,1959,226835.529833853
model_core_stage_0,1959,226835.529833853
model_core,1960,226865.457233935
model_core_stage_0,1960,226865.457233935
model_core,1961,226895.384634017
model_core_stage_0,1961,226895.384634017
model_core,1962,226925.312034100
model_core_stage_0,1962,226925.312034100
model_core,1963,226955.239434182
model_core_stage_0,1963,226955.239434182
model_core,1964,226985.166834264
model_core_stage_0,1964,226985.166834264
model_core,1965,227015.094234347
model_core_stage_0,1965,227015.094234347
model_core,1966,227045.021634429
model_core_stage_0,1966,227045.021634429
model_core,1967,227074.949034511
model_core_stage_0,1967,227074.949034511
model_core,1968,227104.876434594
model_core_stage_0,1968,227104.876434594
model_core,1969,227134.803834676
model_core_stage_0,1969,227134.803834676
model_core,1970,227164.731234758
model_core_stage_0,1970,227164.731234758
model_core,1971,227194.658634841
model_core_stage_0,1971,227194.658634841
model_core,1972,227224.586034923
model_core_stage_0,1972,227224.586034923
model_core,1973,227254.513435005
model_core_stage_0,1973,227254.513435005
model_core,1974,227284.440835088
model_core_stage_0,1974,227284.440835088
model_core,1975,227314.368235170
model_core_stage_0,1975,227314.368235170
model_core,1976,227344.295635253
model_core_stage_0,1976,227344.295635253
model_core,1977,227374.223035335
model_core_stage_0,1977,227374.223035335
model_core,1978,227404.150435417
model_core_stage_0,1978,227404.150435417
model_core,1979,227434.077835500
model_core_stage_0,1979,227434.077835500
model_core,1980,227464.005235582
model_core_stage_0,1980,227464.005235582
model_core,1981,227493.932635664
model_core_stage_0,1981,227493.932635664
model_core,1982,227523.860035747
model_core_stage_0,1982,227523.860035747
model_core,1983,227553.787435829
model_core_stage_0,1983,227553.787435829
model_core,1984,227583.714835911
model_core_stage_0,1984,227583.714835911
model_core,1985,227613.642235994
model_core_stage_0,1985,227613.642235994
model_core,1986,227643.569636076
model_core_stage_0,1986,227643.569636076
model_core,1987,227673.497036158
model_core_stage_0,1987,227673.497036158
model_core,1988,227703.424436241
model_core_stage_0,1988,227703.424436241
model_core,1989,227733.351836323
model_core_stage_0,1989,227733.351836323
model_core,1990,227763.279236405
model_core_stage_0,1990,227763.279236405
model_core,1991,227793.206636488
model_core_stage_0,1991,227793.206636488
model_core,1992,227823.134036570
model_core_stage_0,1992,227823.134036570
model_core,1993,227853.061436652
model_core_stage_0,1993,227853.061436652
model_core,1994,227882.988836735
model_core_stage_0,1994,227882.988836735
model_core,1995,227912.916236817
model_core_stage_0,1995,227912.916236817
model_core,1996,227942.843636900
model_core_stage_0,1996,227942.843636900
model_core,1997,227972.771036982
model_core_stage_0,1997,227972.771036982
model_core,1998,228002.698437064
model_core_stage_0,1998,228002.698437064
model_core,1999,228032.625837147
model_core_stage_0,1999,228032.625837147
model_core,2000,228062.553237229
model_core_stage_0,2000,228062.553237229
model_core,2001,228092.480637311
model_core_stage_0,2001,228092.480637311
model_core,2002,228122.408037394
model_core_stage_0,2002,228122.408037394
model_core,2003,228152.335437476
model_core_stage_0,2003,228152.335437476
model_core,2004,228182.262837558
model_core_stage_0,2004,228182.262837558
model_core,2005,228212.190237641
model_core_stage_0,2005,228212.190237641
model_core,2006,228242.117637723
model_core_stage_0,2006,228242.117637723
model_core,2007,228272.045037805
model_core_stage_0,2007,228272.045037805
model_core,2008,228301.972437888
model_core_stage_0,2008,228301.972437888
model_core,2009,228331.899837970
model_core_stage_0,2009,228331.899837970
model_core,2010,228361.827238052
model_core_stage_0,2010,228361.827238052
model_core,2011,228391.754638135
model_core_stage_0,2011,228391.754638135
model_core,2012,228421.682038217
model_core_stage_0,2012,228421.682038217
model_core,2013,228451.609438299
model_core_stage_0,2013,228451.609438299
model_core,2014,228481.536838382
model_core_stage_0,2014,228481.536838382
model_core,2015,228511.464238464
model_core_stage_0,2015,228511.464238464
model_core,2016,228541.391638547
model_core_stage_0,2016,228541.391638547
model_core,2017,228571.319038629
model_core_stage_0,2017,228571.319038629
model_core,2018,228601.246438711
model_core_stage_0,2018,228601.246438711
model_core,2019,228631.173838794
model_core_stage_0,2019,228631.173838794
model_core,2020,228661.101238876
model_core_stage_0,2020,228661.101238876
model_core,2021,228691.028638958
model_core_stage_0,2021,228691.028638958
model_core,2022,228720.956039041
model_core_stage_0,2022,228720.956039041
model_core,2023,228750.883439123
model_core_stage_0,2023,228750.883439123
model_core,2024,228780.810839205
model_core_stage_0,2024,228780.810839205
model_core,2025,228810.738239288
model_core_stage_0,2025,228810.738239288
model_core,2026,228840.665639370
model_core_stage_0,2026,228840.665639370
model_core,2027,228870.593039452
model_core_stage_0,2027,228870.593039452
model_core,2028,228900.520439535
model_core_stage_0,2028,228900.520439535
model_core,2029,228930.447839617
model_core_stage_0,2029,228930.447839617
model_core,2030,228960.375239699
model_core_stage_0,2030,228960.375239699
model_core,2031,228990.302639782
model_core_stage_0,2031,228990.302639782
model_core,2032,229020.230039864
model_core_stage_0,2032,229020.230039864
model_core,2033,229050.157439947
model_core_stage_0,2033,229050.157439947
model_core,2034,229080.084840029
model_core_stage_0,2034,229080.084840029
model_core,2035,229110.012240111
model_core_stage_0,2035,229110.012240111
model_core,2036,229139.939640194
model_core_stage_0,2036,229139.939640194
model_core,2037,229169.867040276
model_core_stage_0,2037,229169.867040276
model_core,2038,229199.794440358
model_core_stage_0,2038,229199.794440358
model_core,2039,229229.721840441
model_core_stage_0,2039,229229.721840441
model_core,2040,229259.649240523
model_core_stage_0,2040,229259.649240523
model_core,2041,229289.576640605
model_core_stage_0,2041,229289.576640605
model_core,2042,229319.504040688
model_core_stage_0,2042,229319.504040688
model_core,2043,229349.431440770
model_core_stage_0,2043,229349.431440770
model_core,2044,229379.358840852
model_core_stage_0,2044,229379.358840852
model_core,2045,229409.286240935
model_core_stage_0,2045,229409.286240935
model_core,2046,229439.213641017
model_core_stage_0,2046,229439.213641017
model_core,2047,229469.141041099
model_core_stage_0,2047,229469.141041099
model_core,2048,229499.068441182
model_core_stage_0,2048,229499.068441182
model_core,2049,229528.995841264
model_core_stage_0,2049,229528.995841264
model_core,2050,229558.923241346
model_core_stage_0,2050,229558.923241346
model_core,2051,229588.850641429
model_core_stage_0,2051,229588.850641429
model_core,2052,229618.778041511
model_core_stage_0,2052,229618.778041511
model_core,2053,229648.705441594
model_core_stage_0,2053,229648.705441594
model_core,2054,229678.632841676
model_core_stage_0,2054,229678.632841676
model_core,2055,229708.560241758
model_core_stage_0,2055,229708.560241758
model_core,2056,229738.487641841
model_core_stage_0,2056,229738.487641841
model_core,2057,229768.415041923
model_core_stage_0,2057,229768.415041923
model_core,2058,229798.342442005
model_core_stage_0,2058,229798.342442005
model_core,2059,229828.269842088
model_core_stage_0,2059,229828.269842088
model_core,2060,229858.197242170
model_core_stage_0,2060,229858.197242170
model_core,2061,229888.124642252
model_core_stage_0,2061,229888.124642252
model_core,2062,229918.052042335
model_core_stage_0,2062,229918.052042335
model_core,2063,229947.979442417
model_core_stage_0,2063,229947.979442417
model_core,2064,229977.906842499
model_core_stage_0,2064,229977.906842499
model_core,2065,230007.834242582
model_core_stage_0,2065,230007.834242582
model_core,2066,230037.761642664
model_core_stage_0,2066,230037.761642664
model_core,2067,230067.689042746
model_core_stage_0,2067,230067.689042746
model_core,2068,230097.616442829
model_core_stage_0,2068,230097.616442829
model_core,2069,230127.543842911
model_core_stage_0,2069,230127.543842911
model_core,2070,230157.471242993
model_core_stage_0,2070,230157.471242994
model_core,2071,230187.398643076
model_core_stage_0,2071,230187.398643076
model_core,2072,230217.326043158
model_core_stage_0,2072,230217.326043158
model_core,2073,230247.253443241
model_core_stage_0,2073,230247.253443241
model_core,2074,230277.180843323
model_core_stage_0,2074,230277.180843323
model_core,2075,230307.108243405
model_core_stage_0,2075,230307.108243405
model_core,2076,230337.035643488
model_core_stage_0,2076,230337.035643488
model_core,2077,230366.963043570
model_core_stage_0,2077,230366.963043570
model_core,2078,230396.890443652
model_core_stage_0,2078,230396.890443652
model_core,2079,230426.817843735
model_core_stage_0,2079,230426.817843735
model_core,2080,230456.745243817
model_core_stage_0,2080,230456.745243817
model_core,2081,230486.672643899
model_core_stage_0,2081,230486.672643899
model_core,2082,230516.600043982
model_core_stage_0,2082,230516.600043982
model_core,2083,230546.527444064
model_core_stage_0,2083,230546.527444064
model_core,2084,230576.454844146
model_core_stage_0,2084,230576.454844146
model_core,2085,230606.382244229
model_core_stage_0,2085,230606.382244229
model_core,2086,230636.309644311
model_core_stage_0,2086,230636.309644311
model_core,2087,230666.237044393
model_core_stage_0,2087,230666.237044393
model_core,2088,230696.164444476
model_core_stage_0,2088,230696.164444476
model_core,2089,230726.091844558
model_core_stage_0,2089,230726.091844558
model_core,2090,230756.019244641
model_core_stage_0,2090,230756.019244641
model_core,2091,230785.946644723
model_core_stage_0,2091,230785.946644723
model_core,2092,230815.874044805
model_core_stage_0,2092,230815.874044805
model_core,2093,230845.801444888
model_core_stage_0,2093,230845.801444888
model_core,2094,230875.728844970
model_core_stage_0,2094,230875.728844970
model_core,2095,230905.656245052
model_core_stage_0,2095,230905.656245052
model_core,2096,230935.583645135
model_core_stage_0,2096,230935.583645135
model_core,2097,230965.511045217
model_core_stage_0,2097,230965.511045217
model_core,2098,230995.438445299
model_core_stage_0,2098,230995.438445299
model_core,2099,231025.365845382
model_core_stage_0,2099,231025.365845382
model_core,2100,231055.293245464
model_core_stage_0,2100,231055.293245464
model_core,2101,231085.220645546
model_core_stage_0,2101,231085.220645546
model_core,2102,231115.148045629
model_core_stage_0,2102,231115.148045629
model_core,2103,231145.075445711
model_core_stage_0,2103,231145.075445711
model_core,2104,231175.002845793
model_core_stage_0,2104,231175.002845793
model_core,2105,231204.930245876
model_core_stage_0,2105,231204.930245876
model_core,2106,231234.857645958
model_core_stage_0,2106,231234.857645958
model_core,2107,231264.785046040
model_core_stage_0,2107,231264.785046040
model_core,2108,231294.712446123
model_core_stage_0,2108,231294.712446123
model_core,2109,231324.639846205
model_core_stage_0,2109,231324.639846205
model_core,2110,231354.567246288
model_core_stage_0,2110,231354.567246288
model_core,2111,231384.494646370
model_core_stage_0,2111,231384.494646370
model_core,2112,231414.422046452
model_core_stage_0,2112,231414.422046452
model_core,2113,231444.349446535
model_core_stage_0,2113,231444.349446535
model_core,2114,231474.276846617
model_core_stage_0,2114,231474.276846617
model_core,2115,231504.204246699
model_core_stage_0,2115,231504.204246699
model_core,2116,231534.131646782
model_core_stage_0,2116,231534.131646782
model_core,2117,231564.059046864
model_core_stage_0,2117,231564.059046864
model_core,2118,231593.986446946
model_core_stage_0,2118,231593.986446946
model_core,2119,231623.913847029
model_core_stage_0,2119,231623.913847029
model_core,2120,231653.841247111
model_core_stage_0,2120,231653.841247111
model_core,2121,231683.768647193
model_core_stage_0,2121,231683.768647193
model_core,2122,231713.696047276
model_core_stage_0,2122,231713.696047276
model_core,2123,231743.623447358
model_core_stage_0,2123,231743.623447358
model_core,2124,231773.550847440
model_core_stage_0,2124,231773.550847440
model_core,2125,231803.478247523
model_core_stage_0,2125,231803.478247523
model_core,2126,231833.405647605
model_core_stage_0,2126,231833.405647605
model_core,2127,231863.333047687
model_core_stage_0,2127,231863.333047687
model_core,2128,231893.260447770
model_core_stage_0,2128,231893.260447770
model_core,2129,231923.187847852
model_core_stage_0,2129,231923.187847852
model_core,2130,231953.115247935
model_core_stage_0,2130,231953.115247935
model_core,2131,231983.042648017
model_core_stage_0,2131,231983.042648017
model_core,2132,232012.970048099
model_core_stage_0,2132,232012.970048099
model_core,2133,232042.897448182
model_core_stage_0,2133,232042.897448182
model_core,2134,232072.824848264
model_core_stage_0,2134,232072.824848264
model_core,2135,232102.752248346
model_core_stage_0,2135,232102.752248346
model_core,2136,232132.679648429
model_core_stage_0,2136,232132.679648429
model_core,2137,232162.607048511
model_core_stage_0,2137,232162.607048511
model_core,2138,232192.534448593
model_core_stage_0,2138,232192.534448593
model_core,2139,232222.461848676
model_core_stage_0,2139,232222.461848676
model_core,2140,232252.389248758
model_core_stage_0,2140,232252.389248758
model_core,2141,232282.316648840
model_core_stage_0,2141,232282.316648840
model_core,2142,232312.244048923
model_core_stage_0,2142,232312.244048923
model_core,2143,232342.171449005
model_core_stage_0,2143,232342.171449005
model_core,2144,232372.098849087
model_core_stage_0,2144,232372.098849087
model_core,2145,232402.026249170
model_core_stage_0,2145,232402.026249170
model_core,2146,232431.953649252
model_core_stage_0,2146,232431.953649252
model_core,2147,232461.881049335
model_core_stage_0,2147,232461.881049335
model_core,2148,232491.808449417
model_core_stage_0,2148,232491.808449417
model_core,2149,232521.735849499
model_core_stage_0,2149,232521.735849499
model_core,2150,232551.663249582
model_core_stage_0,2150,232551.663249582
model_core,2151,232581.590649664
model_core_stage_0,2151,232581.590649664
model_core,2152,232611.518049746
model_core_stage_0,2152,232611.518049746
model_core,2153,232641.445449829
model_core_stage_0,2153,232641.445449829
model_core,2154,232671.372849911
model_core_stage_0,2154,232671.372849911
model_core,2155,232701.300249993
model_core_stage_0,2155,232701.300249993
model_core,2156,232731.227650076
model_core_stage_0,2156,232731.227650076
model_core,2157,232761.155050158
model_core_stage_0,2157,232761.155050158
model_core,2158,232791.082450240
model_core_stage_0,2158,232791.082450240
model_core,2159,232821.009850323
model_core_stage_0,2159,232821.009850323
model_core,2160,232850.937250405
model_core_stage_0,2160,232850.937250405
model_core,2161,232880.864650487
model_core_stage_0,2161,232880.864650487
model_core,2162,232910.792050570
model_core_stage_0,2162,232910.792050570
model_core,2163,232940.719450652
model_core_stage_0,2163,232940.719450652
model_core,2164,232970.646850734
model_core_stage_0,2164,232970.646850734
model_core,2165,233000.574250817
model_core_stage_0,2165,233000.574250817
model_core,2166,233030.501650899
model_core_stage_0,2166,233030.501650899
model_core,2167,233060.429050982
model_core_stage_0,2167,233060.429050982
model_core,2168,233090.356451064
model_core_stage_0,2168,233090.356451064
model_core,2169,233120.283851146
model_core_stage_0,2169,233120.283851146
model_core,2170,233150.211251229
model_core_stage_0,2170,233150.211251229
model_core,2171,233180.138651311
model_core_stage_0,2171,233180.138651311
model_core,2172,233210.066051393
model_core_stage_0,2172,233210.066051393
model_core,2173,233239.993451476
model_core_stage_0,2173,233239.993451476
model_core,2174,233269.920851558
model_core_stage_0,2174,233269.920851558
model_core,2175,233299.848251640
model_core_stage_0,2175,233299.848251640
model_core,2176,233329.775651723
model_core_stage_0,2176,233329.775651723
model_core,2177,233359.703051805
model_core_stage_0,2177,233359.703051805
model_core,2178,233389.630451887
model_core_stage_0,2178,233389.630451887
model_core,2179,233419.557851970
model_core_stage_0,2179,233419.557851970
model_core,2180,233449.485252052
model_core_stage_0,2180,233449.485252052
model_core,2181,233479.412652134
model_core_stage_0,2181,233479.412652134
model_core,2182,233509.340052217
model_core_stage_0,2182,233509.340052217
model_core,2183,233539.267452299
model_core_stage_0,2183,233539.267452299
model_core,2184,233569.194852381
model_core_stage_0,2184,233569.194852381
model_core,2185,233599.122252464
model_core_stage_0,2185,233599.122252464
model_core,2186,233629.049652546
model_core_stage_0,2186,233629.049652546
model_core,2187,233658.977052629
model_core_stage_0,2187,233658.977052629
model_core,2188,233688.904452711
model_core_stage_0,2188,233688.904452711
model_core,2189,233718.831852793
model_core_stage_0,2189,233718.831852793
model_core,2190,233748.759252876
model_core_stage_0,2190,233748.759252876
model_core,2191,233778.686652958
model_core_stage_0,2191,233778.686652958
model_core,2192,233808.614053040
model_core_stage_0,2192,233808.614053040
model_core,2193,233838.541453123
model_core_stage_0,2193,233838.541453123
model_core,2194,233868.468853205
model_core_stage_0,2194,233868.468853205
model_core,2195,233898.396253287
model_core_stage_0,2195,233898.396253287
model_core,2196,233928.323653370
model_core_stage_0,2196,233928.323653370
model_core,2197,233958.251053452
model_core_stage_0,2197,233958.251053452
model_core,2198,233988.178453534
model_core_stage_0,2198,233988.178453534
model_core,2199,234018.105853617
model_core_stage_0,2199,234018.105853617
model_core,2200,234048.033253699
model_core_stage_0,2200,234048.033253699
model_core,2201,234077.960653781
model_core_stage_0,2201,234077.960653781
model_core,2202,234107.888053864
model_core_stage_0,2202,234107.888053864
model_core,2203,234137.815453946
model_core_stage_0,2203,234137.815453946
model_core,2204,234167.742854029
model_core_stage_0,2204,234167.742854029
model_core,2205,234197.670254111
model_core_stage_0,2205,234197.670254111
model_core,2206,234227.597654193
model_core_stage_0,2206,234227.597654193
model_core,2207,234257.525054276
model_core_stage_0,2207,234257.525054276
model_core,2208,234287.452454358
model_core_stage_0,2208,234287.452454358
model_core,2209,234317.379854440
model_core_stage_0,2209,234317.379854440
model_core,2210,234347.307254523
model_core_stage_0,2210,234347.307254523
model_core,2211,234377.234654605
model_core_stage_0,2211,234377.234654605
model_core,2212,234407.162054687
model_core_stage_0,2212,234407.162054687
model_core,2213,234437.089454770
model_core_stage_0,2213,234437.089454770
model_core,2214,234467.016854852
model_core_stage_0,2214,234467.016854852
model_core,2215,234496.944254934
model_core_stage_0,2215,234496.944254934
model_core,2216,234526.871655017
model_core_stage_0,2216,234526.871655017
model_core,2217,234556.799055099
model_core_stage_0,2217,234556.799055099
model_core,2218,234586.726455181
model_core_stage_0,2218,234586.726455181
model_core,2219,234616.653855264
model_core_stage_0,2219,234616.653855264
model_core,2220,234646.581255346
model_core_stage_0,2220,234646.581255346
model_core,2221,234676.508655428
model_core_stage_0,2221,234676.508655428
model_core,2222,234706.436055511
model_core_stage_0,2222,234706.436055511
model_core,2223,234736.363455593
model_core_stage_0,2223,234736.363455593
model_core,2224,234766.290855676
model_core_stage_0,2224,234766.290855676
model_core,2225,234796.218255758
model_core_stage_0,2225,234796.218255758
model_core,2226,234826.145655840
model_core_stage_0,2226,234826.145655840
model_core,2227,234856.073055923
model_core_stage_0,2227,234856.073055923
model_core,2228,234886.000456005
model_core_stage_0,2228,234886.000456005
model_core,2229,234915.927856087
model_core_stage_0,2229,234915.927856087
model_core,2230,234945.855256170
model_core_stage_0,2230,234945.855256170
model_core,2231,234975.782656252
model_core_stage_0,2231,234975.782656252
model_core,2232,235005.710056334
model_core_stage_0,2232,235005.710056334
model_core,2233,235035.637456417
model_core_stage_0,2233,235035.637456417
model_core,2234,235065.564856499
model_core_stage_0,2234,235065.564856499
model_core,2235,235095.492256581
model_core_stage_0,2235,235095.492256581
model_core,2236,235125.419656664
model_core_stage_0,2236,235125.419656664
model_core,2237,235155.347056746
model_core_stage_0,2237,235155.347056746
model_core,2238,235185.274456828
model_core_stage_0,2238,235185.274456828
model_core,2239,235215.201856911
model_core_stage_0,2239,235215.201856911
model_core,2240,235245.129256993
model_core_stage_0,2240,235245.129256993
model_core,2241,235275.056657075
model_core_stage_0,2241,235275.056657075
model_core,2242,235304.984057158
model_core_stage_0,2242,235304.984057158
model_core,2243,235334.911457240
model_core_stage_0,2243,235334.911457240
model_core,2244,235364.838857323
model_core_stage_0,2244,235364.838857322
model_core,2245,235394.766257405
model_core_stage_0,2245,235394.766257405
model_core,2246,235424.693657487
model_core_stage_0,2246,235424.693657487
model_core,2247,235454.621057570
model_core_stage_0,2247,235454.621057570
model_core,2248,235484.548457652
model_core_stage_0,2248,235484.548457652
model_core,2249,235514.475857734
model_core_stage_0,2249,235514.475857734
model_core,2250,235544.403257817
model_core_stage_0,2250,235544.403257817
model_core,2251,235574.330657899
model_core_stage_0,2251,235574.330657899
model_core,2252,235604.258057981
model_core_stage_0,2252,235604.258057981
model_core,2253,235634.185458064
model_core_stage_0,2253,235634.185458064
model_core,2254,235664.112858146
model_core_stage_0,2254,235664.112858146
model_core,2255,235694.040258228
model_core_stage_0,2255,235694.040258228
model_core,2256,235723.967658311
model_core_stage_0,2256,235723.967658311
model_core,2257,235753.895058393
model_core_stage_0,2257,235753.895058393
model_core,2258,235783.822458475
model_core_stage_0,2258,235783.822458475
model_core,2259,235813.749858558
model_core_stage_0,2259,235813.749858558
model_core,2260,235843.677258640
model_core_stage_0,2260,235843.677258640
model_core,2261,235873.604658722
model_core_stage_0,2261,235873.604658722
model_core,2262,235903.532058805
model_core_stage_0,2262,235903.532058805
model_core,2263,235933.459458887
model_core_stage_0,2263,235933.459458887
model_core,2264,235963.386858970
model_core_stage_0,2264,235963.386858970
model_core,2265,235993.314259052
model_core_stage_0,2265,235993.314259052
model_core,2266,236023.241659134
model_core_stage_0,2266,236023.241659134
model_core,2267,236053.169059217
model_core_stage_0,2267,236053.169059217
model_core,2268,236083.096459299
model_core_stage_0,2268,236083.096459299
model_core,2269,236113.023859381
model_core_stage_0,2269,236113.023859381
model_core,2270,236142.951259464
model_core_stage_0,2270,236142.951259464
model_core,2271,236172.878659546
model_core_stage_0,2271,236172.878659546
model_core,2272,236202.806059628
model_core_stage_0,2272,236202.806059628
model_core,2273,236232.733459711
model_core_stage_0,2273,236232.733459711
model_core,2274,236262.660859793
model_core_stage_0,2274,236262.660859793
model_core,2275,236292.588259875
model_core_stage_0,2275,236292.588259875
model_core,2276,236322.515659958
model_core_stage_0,2276,236322.515659958
model_core,2277,236352.443060040
model_core_stage_0,2277,236352.443060040
model_core,2278,236382.370460122
model_core_stage_0,2278,236382.370460122
model_core,2279,236412.297860205
model_core_stage_0,2279,236412.297860205
model_core,2280,236442.225260287
model_core_stage_0,2280,236442.225260287
model_core,2281,236472.152660370
model_core_stage_0,2281,236472.152660369
model_core,2282,236502.080060452
model_core_stage_0,2282,236502.080060452
model_core,2283,236532.007460534
model_core_stage_0,2283,236532.007460534
model_core,2284,236561.934860617
model_core_stage_0,2284,236561.934860617
model_core,2285,236591.862260699
model_core_stage_0,2285,236591.862260699
model_core,2286,236621.789660781
model_core_stage_0,2286,236621.789660781
model_core,2287,236651.717060864
model_core_stage_0,2287,236651.717060864
model_core,2288,236681.644460946
model_core_stage_0,2288,236681.644460946
model_core,2289,236711.571861028
model_core_stage_0,2289,236711.571861028
model_core,2290,236741.499261111
model_core_stage_0,2290,236741.499261111
model_core,2291,236771.426661193
model_core_stage_0,2291,236771.426661193
model_core,2292,236801.354061275
model_core_stage_0,2292,236801.354061275
model_core,2293,236831.281461358
model_core_stage_0,2293,236831.281461358
model_core,2294,236861.208861440
model_core_stage_0,2294,236861.208861440
model_core,2295,236891.136261522
model_core_stage_0,2295,236891.136261522
model_core,2296,236921.063661605
model_core_stage_0,2296,236921.063661605
model_core,2297,236950.991061687
model_core_stage_0,2297,236950.991061687
model_core,2298,236980.918461769
model_core_stage_0,2298,236980.918461769
model_core,2299,237010.845861852
model_core_stage_0,2299,237010.845861852
model_core,2300,237040.773261934
model_core_stage_0,2300,237040.773261934
model_core,2301,237070.700662017
model_core_stage_0,2301,237070.700662017
model_core,2302,237100.628062099
model_core_stage_0,2302,237100.628062099
model_core,2303,237130.555462181
model_core_stage_0,2303,237130.555462181
model_core,2304,237160.482862264
model_core_stage_0,2304,237160.482862264
model_core,2305,237190.410262346
model_core_stage_0,2305,237190.410262346
model_core,2306,237220.337662428
model_core_stage_0,2306,237220.337662428
model_core,2307,237250.265062511
model_core_stage_0,2307,237250.265062511
model_core,2308,237280.192462593
model_core_stage_0,2308,237280.192462593
model_core,2309,237310.119862675
model_core_stage_0,2309,237310.119862675
model_core,2310,237340.047262758
model_core_stage_0,2310,237340.047262758
model_core,2311,237369.974662840
model_core_stage_0,2311,237369.974662840
model_core,2312,237399.902062922
model_core_stage_0,2312,237399.902062922
model_core,2313,237429.829463005
model_core_stage_0,2313,237429.829463005
model_core,2314,237459.756863087
model_core_stage_0,2314,237459.756863087
model_core,2315,237489.684263169
model_core_stage_0,2315,237489.684263169
model_core,2316,237519.611663252
model_core_stage_0,2316,237519.611663252
model_core,2317,237549.539063334
model_core_stage_0,2317,237549.539063334
model_core,2318,237579.466463416
model_core_stage_0,2318,237579.466463416
model_core,2319,237609.393863499
model_core_stage_0,2319,237609.393863499
model_core,2320,237639.321263581
model_core_stage_0,2320,237639.321263581
model_core,2321,237669.248663664
model_core_stage_0,2321,237669.248663664
model_core,2322,237699.176063746
model_core_stage_0,2322,237699.176063746
model_core,2323,237729.103463828
model_core_stage_0,2323,237729.103463828
model_core,2324,237759.030863911
model_core_stage_0,2324,237759.030863911
model_core,2325,237788.958263993
model_core_stage_0,2325,237788.958263993
model_core,2326,237818.885664075
model_core_stage_0,2326,237818.885664075
model_core,2327,237848.813064158
model_core_stage_0,2327,237848.813064158
model_core,2328,237878.740464240
model_core_stage_0,2328,237878.740464240
model_core,2329,237908.667864322
model_core_stage_0,2329,237908.667864322
model_core,2330,237938.595264405
model_core_stage_0,2330,237938.595264405
model_core,2331,237968.522664487
model_core_stage_0,2331,237968.522664487
model_core,2332,237998.450064569
model_core_stage_0,2332,237998.450064569
model_core,2333,238028.377464652
model_core_stage_0,2333,238028.377464652
model_core,2334,238058.304864734
model_core_stage_0,2334,238058.304864734
model_core,2335,238088.232264816
model_core_stage_0,2335,238088.232264816
model_core,2336,238118.159664899
model_core_stage_0,2336,238118.159664899
model_core,2337,238148.087064981
model_core_stage_0,2337,238148.087064981
model_core,2338,238178.014465063
model_core_stage_0,2338,238178.014465063
model_core,2339,238207.941865146
model_core_stage_0,2339,238207.941865146
model_core,2340,238237.869265228
model_core_stage_0,2340,238237.869265228
model_core,2341,238267.796665311
model_core_stage_0,2341,238267.796665311
model_core,2342,238297.724065393
model_core_stage_0,2342,238297.724065393
model_core,2343,238327.651465475
model_core_stage_0,2343,238327.651465475
model_core,2344,238357.578865558
model_core_stage_0,2344,238357.578865558
model_core,2345,238387.506265640
model_core_stage_0,2345,238387.506265640
model_core,2346,238417.433665722
model_core_stage_0,2346,238417.433665722
model_core,2347,238447.361065805
model_core_stage_0,2347,238447.361065805
model_core,2348,238477.288465887
model_core_stage_0,2348,238477.288465887
model_core,2349,238507.215865969
model_core_stage_0,2349,238507.215865969
model_core,2350,238537.143266052
model_core_stage_0,2350,238537.143266052
model_core,2351,238567.070666134
model_core_stage_0,2351,238567.070666134
model_core,2352,238596.998066216
model_core_stage_0,2352,238596.998066216
model_core,2353,238626.925466299
model_core_stage_0,2353,238626.925466299
model_core,2354,238656.852866381
model_core_stage_0,2354,238656.852866381
model_core,2355,238686.780266463
model_core_stage_0,2355,238686.780266463
model_core,2356,238716.707666546
model_core_stage_0,2356,238716.707666546
model_core,2357,238746.635066628
model_core_stage_0,2357,238746.635066628
model_core,2358,238776.562466711
model_core_stage_0,2358,238776.562466711
model_core,2359,238806.489866793
model_core_stage_0,2359,238806.489866793
model_core,2360,238836.417266875
model_core_stage_0,2360,238836.417266875
model_core,2361,238866.344666958
model_core_stage_0,2361,238866.344666958
model_core,2362,238896.272067040
model_core_stage_0,2362,238896.272067040
model_core,2363,238926.199467122
model_core_stage_0,2363,238926.199467122
model_core,2364,238956.126867205
model_core_stage_0,2364,238956.126867205
model_core,2365,238986.054267287
model_core_stage_0,2365,238986.054267287
model_core,2366,239015.981667369
model_core_stage_0,2366,239015.981667369
model_core,2367,239045.909067452
model_core_stage_0,2367,239045.909067452
model_core,2368,239075.836467534
model_core_stage_0,2368,239075.836467534
model_core,2369,239105.763867616
model_core_stage_0,2369,239105.763867616
model_core,2370,239135.691267699
model_core_stage_0,2370,239135.691267699
model_core,2371,239165.618667781
model_core_stage_0,2371,239165.618667781
model_core,2372,239195.546067863
model_core_stage_0,2372,239195.546067863
model_core,2373,239225.473467946
model_core_stage_0,2373,239225.473467946
model_core,2374,239255.400868028
model_core_stage_0,2374,239255.400868028
model_core,2375,239285.328268110
model_core_stage_0,2375,239285.328268110
model_core,2376,239315.255668193
model_core_stage_0,2376,239315.255668193
model_core,2377,239345.183068275
model_core_stage_0,2377,239345.183068275
model_core,2378,239375.110468358
model_core_stage_0,2378,239375.110468357
model_core,2379,239405.037868440
model_core_stage_0,2379,239405.037868440
model_core,2380,239434.965268522
model_core_stage_0,2380,239434.965268522
model_core,2381,239464.892668605
model_core_stage_0,2381,239464.892668605
model_core,2382,239494.820068687
model_core_stage_0,2382,239494.820068687
model_core,2383,239524.747468769
model_core_stage_0,2383,239524.747468769
model_core,2384,239554.674868852
model_core_stage_0,2384,239554.674868852
model_core,2385,239584.602268934
model_core_stage_0,2385,239584.602268934
model_core,2386,239614.529669016
model_core_stage_0,2386,239614.529669016
model_core,2387,239644.457069099
model_core_stage_0,2387,239644.457069099
model_core,2388,239674.384469181
model_core_stage_0,2388,239674.384469181
model_core,2389,239704.311869263
model_core_stage_0,2389,239704.311869263
model_core,2390,239734.239269346
model_core_stage_0,2390,239734.239269346
model_core,2391,239764.166669428
model_core_stage_0,2391,239764.166669428
model_core,2392,239794.094069510
model_core_stage_0,2392,239794.094069510
model_core,2393,239824.021469593
model_core_stage_0,2393,239824.021469593
model_core,2394,239853.948869675
model_core_stage_0,2394,239853.948869675
model_core,2395,239883.876269757
model_core_stage_0,2395,239883.876269758
model_core,2396,239913.803669840
model_core_stage_0,2396,239913.803669840
model_core,2397,239943.731069922
model_core_stage_0,2397,239943.731069922
model_core,2398,239973.658470005
model_core_stage_0,2398,239973.658470005
model_core,2399,240003.585870087
model_core_stage_0,2399,240003.585870087
model_core,2400,240033.513270169
model_core_stage_0,2400,240033.513270169
model_core,2401,240063.440670252
model_core_stage_0,2401,240063.440670252
model_core,2402,240093.368070334
model_core_stage_0,2402,240093.368070334
model_core,2403,240123.295470416
model_core_stage_0,2403,240123.295470416
model_core,2404,240153.222870499
model_core_stage_0,2404,240153.222870499
model_core,2405,240183.150270581
model_core_stage_0,2405,240183.150270581
model_core,2406,240213.077670663
model_core_stage_0,2406,240213.077670663
model_core,2407,240243.005070746
model_core_stage_0,2407,240243.005070746
model_core,2408,240272.932470828
model_core_stage_0,2408,240272.932470828
model_core,2409,240302.859870910
model_core_stage_0,2409,240302.859870910
model_core,2410,240332.787270993
model_core_stage_0,2410,240332.787270993
model_core,2411,240362.714671075
model_core_stage_0,2411,240362.714671075
model_core,2412,240392.642071157
model_core_stage_0,2412,240392.642071157
model_core,2413,240422.569471240
model_core_stage_0,2413,240422.569471240
model_core,2414,240452.496871322
model_core_stage_0,2414,240452.496871322
model_core,2415,240482.424271405
model_core_stage_0,2415,240482.424271405
model_core,2416,240512.351671487
model_core_stage_0,2416,240512.351671487
model_core,2417,240542.279071569
model_core_stage_0,2417,240542.279071569
model_core,2418,240572.206471652
model_core_stage_0,2418,240572.206471652
model_core,2419,240602.133871734
model_core_stage_0,2419,240602.133871734
model_core,2420,240632.061271816
model_core_stage_0,2420,240632.061271816
model_core,2421,240661.988671899
model_core_stage_0,2421,240661.988671899
model_core,2422,240691.916071981
model_core_stage_0,2422,240691.916071981
model_core,2423,240721.843472063
model_core_stage_0,2423,240721.843472063
model_core,2424,240751.770872146
model_core_stage_0,2424,240751.770872146
model_core,2425,240781.698272228
model_core_stage_0,2425,240781.698272228
model_core,2426,240811.625672310
model_core_stage_0,2426,240811.625672310
model_core,2427,240841.553072393
model_core_stage_0,2427,240841.553072393
model_core,2428,240871.480472475
model_core_stage_0,2428,240871.480472475
model_core,2429,240901.407872557
model_core_stage_0,2429,240901.407872557
model_core,2430,240931.335272640
model_core_stage_0,2430,240931.335272640
model_core,2431,240961.262672722
model_core_stage_0,2431,240961.262672722
model_core,2432,240991.190072804
model_core_stage_0,2432,240991.190072804
model_core,2433,241021.117472887
model_core_stage_0,2433,241021.117472887
model_core,2434,241051.044872969
model_core_stage_0,2434,241051.044872969
model_core,2435,241080.972273052
model_core_stage_0,2435,241080.972273052
model_core,2436,241110.899673134
model_core_stage_0,2436,241110.899673134
model_core,2437,241140.827073216
model_core_stage_0,2437,241140.827073216
model_core,2438,241170.754473299
model_core_stage_0,2438,241170.754473299
model_core,2439,241200.681873381
model_core_stage_0,2439,241200.681873381
model_core,2440,241230.609273463
model_core_stage_0,2440,241230.609273463
model_core,2441,241260.536673546
model_core_stage_0,2441,241260.536673546
model_core,2442,241290.464073628
model_core_stage_0,2442,241290.464073628
model_core,2443,241320.391473710
model_core_stage_0,2443,241320.391473710
model_core,2444,241350.318873793
model_core_stage_0,2444,241350.318873793
model_core,2445,241380.246273875
model_core_stage_0,2445,241380.246273875
model_core,2446,241410.173673957
model_core_stage_0,2446,241410.173673957
model_core,2447,241440.101074040
model_core_stage_0,2447,241440.101074040
model_core,2448,241470.028474122
model_core_stage_0,2448,241470.028474122
model_core,2449,241499.955874204
model_core_stage_0,2449,241499.955874204
model_core,2450,241529.883274287
model_core_stage_0,2450,241529.883274287
model_core,2451,241559.810674369
model_core_stage_0,2451,241559.810674369
model_core,2452,241589.738074451
model_core_stage_0,2452,241589.738074451
model_core,2453,241619.665474534
model_core_stage_0,2453,241619.665474534
model_core,2454,241649.592874616
model_core_stage_0,2454,241649.592874616
model_core,2455,241679.520274699
model_core_stage_0,2455,241679.520274699
model_core,2456,241709.447674781
model_core_stage_0,2456,241709.447674781
model_core,2457,241739.375074863
model_core_stage_0,2457,241739.375074863
model_core,2458,241769.302474946
model_core_stage_0,2458,241769.302474946
model_core,2459,241799.229875028
model_core_stage_0,2459,241799.229875028
model_core,2460,241829.157275110
model_core_stage_0,2460,241829.157275110
model_core,2461,241859.084675193
model_core_stage_0,2461,241859.084675193
model_core,2462,241889.012075275
model_core_stage_0,2462,241889.012075275
model_core,2463,241918.939475357
model_core_stage_0,2463,241918.939475357
model_core,2464,241948.866875440
model_core_stage_0,2464,241948.866875440
model_core,2465,241978.794275522
model_core_stage_0,2465,241978.794275522
model_core,2466,242008.721675604
model_core_stage_0,2466,242008.721675604
model_core,2467,242038.649075687
model_core_stage_0,2467,242038.649075687
model_core,2468,242068.576475769
model_core_stage_0,2468,242068.576475769
model_core,2469,242098.503875851
model_core_stage_0,2469,242098.503875851
model_core,2470,242128.431275934
model_core_stage_0,2470,242128.431275934
model_core,2471,242158.358676016
model_core_stage_0,2471,242158.358676016
model_core,2472,242188.286076099
model_core_stage_0,2472,242188.286076098
model_core,2473,242218.213476181
model_core_stage_0,2473,242218.213476181
model_core,2474,242248.140876263
model_core_stage_0,2474,242248.140876263
model_core,2475,242278.068276346
model_core_stage_0,2475,242278.068276346
model_core,2476,242307.995676428
model_core_stage_0,2476,242307.995676428
model_core,2477,242337.923076510
model_core_stage_0,2477,242337.923076510
model_core,2478,242367.850476593
model_core_stage_0,2478,242367.850476593
model_core,2479,242397.777876675
model_core_stage_0,2479,242397.777876675
model_core,2480,242427.705276757
model_core_stage_0,2480,242427.705276757
model_core,2481,242457.632676840
model_core_stage_0,2481,242457.632676840
model_core,2482,242487.560076922
model_core_stage_0,2482,242487.560076922
model_core,2483,242517.487477004
model_core_stage_0,2483,242517.487477004
model_core,2484,242547.414877087
model_core_stage_0,2484,242547.414877087
model_core,2485,242577.342277169
model_core_stage_0,2485,242577.342277169
model_core,2486,242607.269677251
model_core_stage_0,2486,242607.269677251
model_core,2487,242637.197077334
model_core_stage_0,2487,242637.197077334
model_core,2488,242667.124477416
model_core_stage_0,2488,242667.124477416
model_core,2489,242697.051877498
model_core_stage_0,2489,242697.051877498
model_core,2490,242726.979277581
model_core_stage_0,2490,242726.979277581
model_core,2491,242756.906677663
model_core_stage_0,2491,242756.906677663
model_core,2492,242786.834077746
model_core_stage_0,2492,242786.834077746
model_core,2493,242816.761477828
model_core_stage_0,2493,242816.761477828
model_core,2494,242846.688877910
model_core_stage_0,2494,242846.688877910
model_core,2495,242876.616277993
model_core_stage_0,2495,242876.616277993
model_core,2496,242906.543678075
model_core_stage_0,2496,242906.543678075
model_core,2497,242936.471078157
model_core_stage_0,2497,242936.471078157
model_core,2498,242966.398478240
model_core_stage_0,2498,242966.398478240
model_core,2499,242996.325878322
model_core_stage_0,2499,242996.325878322
model_core,2500,243026.253278404
model_core_stage_0,2500,243026.253278404
model_core,2501,243056.180678487
model_core_stage_0,2501,243056.180678487
model_core,2502,243086.108078569
model_core_stage_0,2502,243086.108078569
model_core,2503,243116.035478651
model_core_stage_0,2503,243116.035478651
model_core,2504,243145.962878734
model_core_stage_0,2504,243145.962878734
model_core,2505,243175.890278816
model_core_stage_0,2505,243175.890278816
model_core,2506,243205.817678898
model_core_stage_0,2506,243205.817678898
model_core,2507,243235.745078981
model_core_stage_0,2507,243235.745078981
model_core,2508,243265.672479063
model_core_stage_0,2508,243265.672479063
model_core,2509,243295.599879145
model_core_stage_0,2509,243295.599879145
model_core,2510,243325.527279228
model_core_stage_0,2510,243325.527279228
model_core,2511,243355.454679310
model_core_stage_0,2511,243355.454679310
model_core,2512,243385.382079393
model_core_stage_0,2512,243385.382079393
model_core,2513,243415.309479475
model_core_stage_0,2513,243415.309479475
model_core,2514,243445.236879557
model_core_stage_0,2514,243445.236879557
model_core,2515,243475.164279640
model_core_stage_0,2515,243475.164279640
model_core,2516,243505.091679722
model_core_stage_0,2516,243505.091679722
model_core,2517,243535.019079804
model_core_stage_0,2517,243535.019079804
model_core,2518,243564.946479887
model_core_stage_0,2518,243564.946479887
model_core,2519,243594.873879969
model_core_stage_0,2519,243594.873879969
model_core,2520,243624.801280051
model_core_stage_0,2520,243624.801280051
model_core,2521,243654.728680134
model_core_stage_0,2521,243654.728680134
model_core,2522,243684.656080216
model_core_stage_0,2522,243684.656080216
model_core,2523,243714.583480298
model_core_stage_0,2523,243714.583480298
model_core,2524,243744.510880381
model_core_stage_0,2524,243744.510880381
model_core,2525,243774.438280463
model_core_stage_0,2525,243774.438280463
model_core,2526,243804.365680545
model_core_stage_0,2526,243804.365680545
model_core,2527,243834.293080628
model_core_stage_0,2527,243834.293080628
model_core,2528,243864.220480710
model_core_stage_0,2528,243864.220480710
model_core,2529,243894.147880792
model_core_stage_0,2529,243894.147880792
model_core,2530,243924.075280875
model_core_stage_0,2530,243924.075280875
model_core,2531,243954.002680957
model_core_stage_0,2531,243954.002680957
model_core,2532,243983.930081040
model_core_stage_0,2532,243983.930081040
model_core,2533,244013.857481122
model_core_stage_0,2533,244013.857481122
model_core,2534,244043.784881204
model_core_stage_0,2534,244043.784881204
model_core,2535,244073.712281287
model_core_stage_0,2535,244073.712281287
model_core,2536,244103.639681369
model_core_stage_0,2536,244103.639681369
model_core,2537,244133.567081451
model_core_stage_0,2537,244133.567081451
model_core,2538,244163.494481534
model_core_stage_0,2538,244163.494481534
model_core,2539,244193.421881616
model_core_stage_0,2539,244193.421881616
model_core,2540,244223.349281698
model_core_stage_0,2540,244223.349281698
model_core,2541,244253.276681781
model_core_stage_0,2541,244253.276681781
model_core,2542,244283.204081863
model_core_stage_0,2542,244283.204081863
model_core,2543,244313.131481945
model_core_stage_0,2543,244313.131481945
model_core,2544,244343.058882028
model_core_stage_0,2544,244343.058882028
model_core,2545,244372.986282110
model_core_stage_0,2545,244372.986282110
model_core,2546,244402.913682192
model_core_stage_0,2546,244402.913682192
model_core,2547,244432.841082275
model_core_stage_0,2547,244432.841082275
model_core,2548,244462.768482357
model_core_stage_0,2548,244462.768482357
model_core,2549,244492.695882439
model_core_stage_0,2549,244492.695882439
model_core,2550,244522.623282522
model_core_stage_0,2550,244522.623282522
model_core,2551,244552.550682604
model_core_stage_0,2551,244552.550682604
model_core,2552,244582.478082687
model_core_stage_0,2552,244582.478082687
model_core,2553,244612.405482769
model_core_stage_0,2553,244612.405482769
model_core,2554,244642.332882851
model_core_stage_0,2554,244642.332882851
model_core,2555,244672.260282934
model_core_stage_0,2555,244672.260282934
model_core,2556,244702.187683016
model_core_stage_0,2556,244702.187683016
model_core,2557,244732.115083098
model_core_stage_0,2557,244732.115083098
model_core,2558,244762.042483181
model_core_stage_0,2558,244762.042483181
model_core,2559,244791.969883263
model_core_stage_0,2559,244791.969883263
model_core,2560,244821.897283345
model_core_stage_0,2560,244821.897283345
model_core,2561,244851.824683428
model_core_stage_0,2561,244851.824683428
model_core,2562,244881.752083510
model_core_stage_0,2562,244881.752083510
model_core,2563,244911.679483592
model_core_stage_0,2563,244911.679483592
model_core,2564,244941.606883675
model_core_stage_0,2564,244941.606883675
model_core,2565,244971.534283757
model_core_stage_0,2565,244971.534283757
model_core,2566,245001.461683839
model_core_stage_0,2566,245001.461683839
model_core,2567,245031.389083922
model_core_stage_0,2567,245031.389083922
model_core,2568,245061.316484004
model_core_stage_0,2568,245061.316484004
model_core,2569,245091.243884087
model_core_stage_0,2569,245091.243884087
model_core,2570,245121.171284169
model_core_stage_0,2570,245121.171284169
model_core,2571,245151.098684251
model_core_stage_0,2571,245151.098684251
model_core,2572,245181.026084334
model_core_stage_0,2572,245181.026084334
model_core,2573,245210.953484416
model_core_stage_0,2573,245210.953484416
model_core,2574,245240.880884498
model_core_stage_0,2574,245240.880884498
model_core,2575,245270.808284581
model_core_stage_0,2575,245270.808284581
model_core,2576,245300.735684663
model_core_stage_0,2576,245300.735684663
model_core,2577,245330.663084745
model_core_stage_0,2577,245330.663084745
model_core,2578,245360.590484828
model_core_stage_0,2578,245360.590484828
model_core,2579,245390.517884910
model_core_stage_0,2579,245390.517884910
model_core,2580,245420.445284992
model_core_stage_0,2580,245420.445284992
model_core,2581,245450.372685075
model_core_stage_0,2581,245450.372685075
model_core,2582,245480.300085157
model_core_stage_0,2582,245480.300085157
model_core,2583,245510.227485239
model_core_stage_0,2583,245510.227485239
model_core,2584,245540.154885322
model_core_stage_0,2584,245540.154885322
model_core,2585,245570.082285404
model_core_stage_0,2585,245570.082285404
model_core,2586,245600.009685486
model_core_stage_0,2586,245600.009685486
model_core,2587,245629.937085569
model_core_stage_0,2587,245629.937085569
model_core,2588,245659.864485651
model_core_stage_0,2588,245659.864485651
model_core,2589,245689.791885734
model_core_stage_0,2589,245689.791885734
model_core,2590,245719.719285816
model_core_stage_0,2590,245719.719285816
model_core,2591,245749.646685898
model_core_stage_0,2591,245749.646685898
model_core,2592,245779.574085981
model_core_stage_0,2592,245779.574085981
model_core,2593,245809.501486063
model_core_stage_0,2593,245809.501486063
model_core,2594,245839.428886145
model_core_stage_0,2594,245839.428886145
model_core,2595,245869.356286228
model_core_stage_0,2595,245869.356286228
model_core,2596,245899.283686310
model_core_stage_0,2596,245899.283686310
model_core,2597,245929.211086392
model_core_stage_0,2597,245929.211086392
model_core,2598,245959.138486475
model_core_stage_0,2598,245959.138486475
model_core,2599,245989.065886557
model_core_stage_0,2599,245989.065886557
model_core,2600,246018.993286639
model_core_stage_0,2600,246018.993286639
model_core,2601,246048.920686722
model_core_stage_0,2601,246048.920686722
model_core,2602,246078.848086804
model_core_stage_0,2602,246078.848086804
model_core,2603,246108.775486886
model_core_stage_0,2603,246108.775486886
model_core,2604,246138.702886969
model_core_stage_0,2604,246138.702886969
model_core,2605,246168.630287051
model_core_stage_0,2605,246168.630287051
model_core,2606,246198.557687133
model_core_stage_0,2606,246198.557687133
model_core,2607,246228.485087216
model_core_stage_0,2607,246228.485087216
model_core,2608,246258.412487298
model_core_stage_0,2608,246258.412487298
model_core,2609,246288.339887381
model_core_stage_0,2609,246288.339887381
model_core,2610,246318.267287463
model_core_stage_0,2610,246318.267287463
model_core,2611,246348.194687545
model_core_stage_0,2611,246348.194687545
model_core,2612,246378.122087628
model_core_stage_0,2612,246378.122087628
model_core,2613,246408.049487710
model_core_stage_0,2613,246408.049487710
model_core,2614,246437.976887792
model_core_stage_0,2614,246437.976887792
model_core,2615,246467.904287875
model_core_stage_0,2615,246467.904287875
model_core,2616,246497.831687957
model_core_stage_0,2616,246497.831687957
model_core,2617,246527.759088039
model_core_stage_0,2617,246527.759088039
model_core,2618,246557.686488122
model_core_stage_0,2618,246557.686488122
model_core,2619,246587.613888204
model_core_stage_0,2619,246587.613888204
model_core,2620,246617.541288286
model_core_stage_0,2620,246617.541288286
model_core,2621,246647.468688369
model_core_stage_0,2621,246647.468688369
model_core,2622,246677.396088451
model_core_stage_0,2622,246677.396088451
model_core,2623,246707.323488533
model_core_stage_0,2623,246707.323488533
model_core,2624,246737.250888616
model_core_stage_0,2624,246737.250888616
model_core,2625,246767.178288698
model_core_stage_0,2625,246767.178288698
model_core,2626,246797.105688781
model_core_stage_0,2626,246797.105688781
model_core,2627,246827.033088863
model_core_stage_0,2627,246827.033088863
model_core,2628,246856.960488945
model_core_stage_0,2628,246856.960488945
model_core,2629,246886.887889028
model_core_stage_0,2629,246886.887889028
model_core,2630,246916.815289110
model_core_stage_0,2630,246916.815289110
model_core,2631,246946.742689192
model_core_stage_0,2631,246946.742689192
model_core,2632,246976.670089275
model_core_stage_0,2632,246976.670089275
model_core,2633,247006.597489357
model_core_stage_0,2633,247006.597489357
model_core,2634,247036.524889439
model_core_stage_0,2634,247036.524889439
model_core,2635,247066.452289522
model_core_stage_0,2635,247066.452289522
model_core,2636,247096.379689604
model_core_stage_0,2636,247096.379689604
model_core,2637,247126.307089686
model_core_stage_0,2637,247126.307089686
model_core,2638,247156.234489769
model_core_stage_0,2638,247156.234489769
model_core,2639,247186.161889851
model_core_stage_0,2639,247186.161889851
model_core,2640,247216.089289933
model_core_stage_0,2640,247216.089289933
model_core,2641,247246.016690016
model_core_stage_0,2641,247246.016690016
model_core,2642,247275.944090098
model_core_stage_0,2642,247275.944090098
model_core,2643,247305.871490180
model_core_stage_0,2643,247305.871490180
model_core,2644,247335.798890263
model_core_stage_0,2644,247335.798890263
model_core,2645,247365.726290345
model_core_stage_0,2645,247365.726290345
model_core,2646,247395.653690428
model_core_stage_0,2646,247395.653690428
model_core,2647,247425.581090510
model_core_stage_0,2647,247425.581090510
model_core,2648,247455.508490592
model_core_stage_0,2648,247455.508490592
model_core,2649,247485.435890675
model_core_stage_0,2649,247485.435890675
model_core,2650,247515.363290757
model_core_stage_0,2650,247515.363290757
model_core,2651,247545.290690839
model_core_stage_0,2651,247545.290690839
model_core,2652,247575.218090922
model_core_stage_0,2652,247575.218090922
model_core,2653,247605.145491004
model_core_stage_0,2653,247605.145491004
model_core,2654,247635.072891086
model_core_stage_0,2654,247635.072891086
model_core,2655,247665.000291169
model_core_stage_0,2655,247665.000291169
model_core,2656,247694.927691251
model_core_stage_0,2656,247694.927691251
model_core,2657,247724.855091333
model_core_stage_0,2657,247724.855091333
model_core,2658,247754.782491416
model_core_stage_0,2658,247754.782491416
model_core,2659,247784.709891498
model_core_stage_0,2659,247784.709891498
model_core,2660,247814.637291580
model_core_stage_0,2660,247814.637291580
model_core,2661,247844.564691663
model_core_stage_0,2661,247844.564691663
model_core,2662,247874.492091745
model_core_stage_0,2662,247874.492091745
model_core,2663,247904.419491827
model_core_stage_0,2663,247904.419491827
model_core,2664,247934.346891910
model_core_stage_0,2664,247934.346891910
model_core,2665,247964.274291992
model_core_stage_0,2665,247964.274291992
model_core,2666,247994.201692075
model_core_stage_0,2666,247994.201692075
model_core,2667,248024.129092157
model_core_stage_0,2667,248024.129092157
model_core,2668,248054.056492239
model_core_stage_0,2668,248054.056492239
model_core,2669,248083.983892322
model_core_stage_0,2669,248083.983892322
model_core,2670,248113.911292404
model_core_stage_0,2670,248113.911292404
model_core,2671,248143.838692486
model_core_stage_0,2671,248143.838692486
model_core,2672,248173.766092569
model_core_stage_0,2672,248173.766092569
model_core,2673,248203.693492651
model_core_stage_0,2673,248203.693492651
model_core,2674,248233.620892733
model_core_stage_0,2674,248233.620892733
model_core,2675,248263.548292816
model_core_stage_0,2675,248263.548292816
model_core,2676,248293.475692898
model_core_stage_0,2676,248293.475692898
model_core,2677,248323.403092980
model_core_stage_0,2677,248323.403092980
model_core,2678,248353.330493063
model_core_stage_0,2678,248353.330493063
model_core,2679,248383.257893145
model_core_stage_0,2679,248383.257893145
model_core,2680,248413.185293227
model_core_stage_0,2680,248413.185293227
model_core,2681,248443.112693310
model_core_stage_0,2681,248443.112693310
model_core,2682,248473.040093392
model_core_stage_0,2682,248473.040093392
model_core,2683,248502.967493475
model_core_stage_0,2683,248502.967493475
model_core,2684,248532.894893557
model_core_stage_0,2684,248532.894893557
model_core,2685,248562.822293639
model_core_stage_0,2685,248562.822293639
model_core,2686,248592.749693722
model_core_stage_0,2686,248592.749693722
model_core,2687,248622.677093804
model_core_stage_0,2687,248622.677093804
model_core,2688,248652.604493886
model_core_stage_0,2688,248652.604493886
model_core,2689,248682.531893969
model_core_stage_0,2689,248682.531893969
model_core,2690,248712.459294051
model_core_stage_0,2690,248712.459294051
model_core,2691,248742.386694133
model_core_stage_0,2691,248742.386694133
model_core,2692,248772.314094216
model_core_stage_0,2692,248772.314094216
model_core,2693,248802.241494298
model_core_stage_0,2693,248802.241494298
model_core,2694,248832.168894380
model_core_stage_0,2694,248832.168894380
model_core,2695,248862.096294463
model_core_stage_0,2695,248862.096294463
model_core,2696,248892.023694545
model_core_stage_0,2696,248892.023694545
model_core,2697,248921.951094627
model_core_stage_0,2697,248921.951094627
model_core,2698,248951.878494710
model_core_stage_0,2698,248951.878494710
model_core,2699,248981.805894792
model_core_stage_0,2699,248981.805894792
model_core,2700,249011.733294874
model_core_stage_0,2700,249011.733294874
model_core,2701,249041.660694957
model_core_stage_0,2701,249041.660694957
model_core,2702,249071.588095039
model_core_stage_0,2702,249071.588095039
model_core,2703,249101.515495122
model_core_stage_0,2703,249101.515495122
model_core,2704,249131.442895204
model_core_stage_0,2704,249131.442895204
model_core,2705,249161.370295286
model_core_stage_0,2705,249161.370295286
model_core,2706,249191.297695369
model_core_stage_0,2706,249191.297695369
model_core,2707,249221.225095451
model_core_stage_0,2707,249221.225095451
model_core,2708,249251.152495533
model_core_stage_0,2708,249251.152495533
model_core,2709,249281.079895616
model_core_stage_0,2709,249281.079895616
model_core,2710,249311.007295698
model_core_stage_0,2710,249311.007295698
model_core,2711,249340.934695780
model_core_stage_0,2711,249340.934695780
model_core,2712,249370.862095863
model_core_stage_0,2712,249370.862095863
model_core,2713,249400.789495945
model_core_stage_0,2713,249400.789495945
model_core,2714,249430.716896027
model_core_stage_0,2714,249430.716896027
model_core,2715,249460.644296110
model_core_stage_0,2715,249460.644296110
model_core,2716,249490.571696192
model_core_stage_0,2716,249490.571696192
model_core,2717,249520.499096274
model_core_stage_0,2717,249520.499096274
model_core,2718,249550.426496357
model_core_stage_0,2718,249550.426496357
model_core,2719,249580.353896439
model_core_stage_0,2719,249580.353896439
model_core,2720,249610.281296521
model_core_stage_0,2720,249610.281296521
model_core,2721,249640.208696604
model_core_stage_0,2721,249640.208696604
model_core,2722,249670.136096686
model_core_stage_0,2722,249670.136096686
model_core,2723,249700.063496769
model_core_stage_0,2723,249700.063496769
model_core,2724,249729.990896851
model_core_stage_0,2724,249729.990896851
model_core,2725,249759.918296933
model_core_stage_0,2725,249759.918296933
model_core,2726,249789.845697016
model_core_stage_0,2726,249789.845697016
model_core,2727,249819.773097098
model_core_stage_0,2727,249819.773097098
model_core,2728,249849.700497180
model_core_stage_0,2728,249849.700497180
model_core,2729,249879.627897263
model_core_stage_0,2729,249879.627897263
model_core,2730,249909.555297345
model_core_stage_0,2730,249909.555297345
model_core,2731,249939.482697427
model_core_stage_0,2731,249939.482697427
model_core,2732,249969.410097510
model_core_stage_0,2732,249969.410097510
model_core,2733,249999.337497592
model_core_stage_0,2733,249999.337497592
model_core,2734,250029.264897674
model_core_stage_0,2734,250029.264897674
model_core,2735,250059.192297757
model_core_stage_0,2735,250059.192297757
model_core,2736,250089.119697839
model_core_stage_0,2736,250089.119697839
model_core,2737,250119.047097921
model_core_stage_0,2737,250119.047097921
model_core,2738,250148.974498004
model_core_stage_0,2738,250148.974498004
model_core,2739,250178.901898086
model_core_stage_0,2739,250178.901898086
model_core,2740,250208.829298169
model_core_stage_0,2740,250208.829298168
model_core,2741,250238.756698251
model_core_stage_0,2741,250238.756698251
model_core,2742,250268.684098333
model_core_stage_0,2742,250268.684098333
model_core,2743,250298.611498416
model_core_stage_0,2743,250298.611498416
model_core,2744,250328.538898498
model_core_stage_0,2744,250328.538898498
model_core,2745,250358.466298580
model_core_stage_0,2745,250358.466298580
model_core,2746,250388.393698663
model_core_stage_0,2746,250388.393698663
model_core,2747,250418.321098745
model_core_stage_0,2747,250418.321098745
model_core,2748,250448.248498827
model_core_stage_0,2748,250448.248498827
model_core,2749,250478.175898910
model_core_stage_0,2749,250478.175898910
model_core,2750,250508.103298992
model_core_stage_0,2750,250508.103298992
model_core,2751,250538.030699074
model_core_stage_0,2751,250538.030699074
model_core,2752,250567.958099157
model_core_stage_0,2752,250567.958099157
model_core,2753,250597.885499239
model_core_stage_0,2753,250597.885499239
model_core,2754,250627.812899321
model_core_stage_0,2754,250627.812899321
model_core,2755,250657.740299404
model_core_stage_0,2755,250657.740299404
model_core,2756,250687.667699486
model_core_stage_0,2756,250687.667699486
model_core,2757,250717.595099568
model_core_stage_0,2757,250717.595099568
model_core,2758,250747.522499651
model_core_stage_0,2758,250747.522499651
model_core,2759,250777.449899733
model_core_stage_0,2759,250777.449899733
model_core,2760,250807.377299816
model_core_stage_0,2760,250807.377299816
model_core,2761,250837.304699898
model_core_stage_0,2761,250837.304699898
model_core,2762,250867.232099980
model_core_stage_0,2762,250867.232099980
model_core,2763,250897.159500063
model_core_stage_0,2763,250897.159500063
model_core,2764,250927.086900145
model_core_stage_0,2764,250927.086900145
model_core,2765,250957.014300227
model_core_stage_0,2765,250957.014300227
model_core,2766,250986.941700310
model_core_stage_0,2766,250986.941700310
model_core,2767,251016.869100392
model_core_stage_0,2767,251016.869100392
model_core,2768,251046.796500474
model_core_stage_0,2768,251046.796500474
model_core,2769,251076.723900557
model_core_stage_0,2769,251076.723900557
model_core,2770,251106.651300639
model_core_stage_0,2770,251106.651300639
model_core,2771,251136.578700721
model_core_stage_0,2771,251136.578700721
model_core,2772,251166.506100804
model_core_stage_0,2772,251166.506100804
model_core,2773,251196.433500886
model_core_stage_0,2773,251196.433500886
model_core,2774,251226.360900968
model_core_stage_0,2774,251226.360900968
model_core,2775,251256.288301051
model_core_stage_0,2775,251256.288301051
model_core,2776,251286.215701133
model_core_stage_0,2776,251286.215701133
model_core,2777,251316.143101215
model_core_stage_0,2777,251316.143101215
model_core,2778,251346.070501298
model_core_stage_0,2778,251346.070501298
model_core,2779,251375.997901380
model_core_stage_0,2779,251375.997901380
model_core,2780,251405.925301463
model_core_stage_0,2780,251405.925301463
model_core,2781,251435.852701545
model_core_stage_0,2781,251435.852701545
model_core,2782,251465.780101627
model_core_stage_0,2782,251465.780101627
model_core,2783,251495.707501710
model_core_stage_0,2783,251495.707501710
model_core,2784,251525.634901792
model_core_stage_0,2784,251525.634901792
model_core,2785,251555.562301874
model_core_stage_0,2785,251555.562301874
model_core,2786,251585.489701957
model_core_stage_0,2786,251585.489701957
model_core,2787,251615.417102039
model_core_stage_0,2787,251615.417102039
model_core,2788,251645.344502121
model_core_stage_0,2788,251645.344502121
model_core,2789,251675.271902204
model_core_stage_0,2789,251675.271902204
model_core,2790,251705.199302286
model_core_stage_0,2790,251705.199302286
model_core,2791,251735.126702368
model_core_stage_0,2791,251735.126702368
model_core,2792,251765.054102451
model_core_stage_0,2792,251765.054102451
model_core,2793,251794.981502533
model_core_stage_0,2793,251794.981502533
model_core,2794,251824.908902615
model_core_stage_0,2794,251824.908902615
model_core,2795,251854.836302698
model_core_stage_0,2795,251854.836302698
model_core,2796,251884.763702780
model_core_stage_0,2796,251884.763702780
model_core,2797,251914.691102863
model_core_stage_0,2797,251914.691102863
model_core,2798,251944.618502945
model_core_stage_0,2798,251944.618502945
model_core,2799,251974.545903027
model_core_stage_0,2799,251974.545903027
model_core,2800,252004.473303110
model_core_stage_0,2800,252004.473303110
model_core,2801,252034.400703192
model_core_stage_0,2801,252034.400703192
model_core,2802,252064.328103274
model_core_stage_0,2802,252064.328103274
model_core,2803,252094.255503357
model_core_stage_0,2803,252094.255503357
model_core,2804,252124.182903439
model_core_stage_0,2804,252124.182903439
model_core,2805,252154.110303521
model_core_stage_0,2805,252154.110303521
model_core,2806,252184.037703604
model_core_stage_0,2806,252184.037703604
model_core,2807,252213.965103686
model_core_stage_0,2807,252213.965103686
model_core,2808,252243.892503768
model_core_stage_0,2808,252243.892503768
model_core,2809,252273.819903851
model_core_stage_0,2809,252273.819903851
model_core,2810,252303.747303933
model_core_stage_0,2810,252303.747303933
model_core,2811,252333.674704015
model_core_stage_0,2811,252333.674704015
model_core,2812,252363.602104098
model_core_stage_0,2812,252363.602104098
model_core,2813,252393.529504180
model_core_stage_0,2813,252393.529504180
model_core,2814,252423.456904262
model_core_stage_0,2814,252423.456904262
model_core,2815,252453.384304345
model_core_stage_0,2815,252453.384304345
model_core,2816,252483.311704427
model_core_stage_0,2816,252483.311704427
model_core,2817,252513.239104509
model_core_stage_0,2817,252513.239104509
model_core,2818,252543.166504592
model_core_stage_0,2818,252543.166504592
model_core,2819,252573.093904674
model_core_stage_0,2819,252573.093904674
model_core,2820,252603.021304757
model_core_stage_0,2820,252603.021304757
model_core,2821,252632.948704839
model_core_stage_0,2821,252632.948704839
model_core,2822,252662.876104921
model_core_stage_0,2822,252662.876104921
model_core,2823,252692.803505004
model_core_stage_0,2823,252692.803505004
model_core,2824,252722.730905086
model_core_stage_0,2824,252722.730905086
model_core,2825,252752.658305168
model_core_stage_0,2825,252752.658305168
model_core,2826,252782.585705251
model_core_stage_0,2826,252782.585705251
model_core,2827,252812.513105333
model_core_stage_0,2827,252812.513105333
model_core,2828,252842.440505415
model_core_stage_0,2828,252842.440505415
model_core,2829,252872.367905498
model_core_stage_0,2829,252872.367905498
model_core,2830,252902.295305580
model_core_stage_0,2830,252902.295305580
model_core,2831,252932.222705662
model_core_stage_0,2831,252932.222705662
model_core,2832,252962.150105745
model_core_stage_0,2832,252962.150105745
model_core,2833,252992.077505827
model_core_stage_0,2833,252992.077505827
model_core,2834,253022.004905909
model_core_stage_0,2834,253022.004905909
model_core,2835,253051.932305992
model_core_stage_0,2835,253051.932305992
model_core,2836,253081.859706074
model_core_stage_0,2836,253081.859706074
model_core,2837,253111.787106157
model_core_stage_0,2837,253111.787106157
model_core,2838,253141.714506239
model_core_stage_0,2838,253141.714506239
model_core,2839,253171.641906321
model_core_stage_0,2839,253171.641906321
model_core,2840,253201.569306404
model_core_stage_0,2840,253201.569306404
model_core,2841,253231.496706486
model_core_stage_0,2841,253231.496706486
model_core,2842,253261.424106568
model_core_stage_0,2842,253261.424106568
model_core,2843,253291.351506651
model_core_stage_0,2843,253291.351506651
model_core,2844,253321.278906733
model_core_stage_0,2844,253321.278906733
model_core,2845,253351.206306815
model_core_stage_0,2845,253351.206306815
model_core,2846,253381.133706898
model_core_stage_0,2846,253381.133706898
model_core,2847,253411.061106980
model_core_stage_0,2847,253411.061106980
model_core,2848,253440.988507062
model_core_stage_0,2848,253440.988507062
model_core,2849,253470.915907145
model_core_stage_0,2849,253470.915907145
model_core,2850,253500.843307227
model_core_stage_0,2850,253500.843307227
model_core,2851,253530.770707309
model_core_stage_0,2851,253530.770707309
model_core,2852,253560.698107392
model_core_stage_0,2852,253560.698107392
model_core,2853,253590.625507474
model_core_stage_0,2853,253590.625507474
model_core,2854,253620.552907556
model_core_stage_0,2854,253620.552907556
model_core,2855,253650.480307639
model_core_stage_0,2855,253650.480307639
model_core,2856,253680.407707721
model_core_stage_0,2856,253680.407707721
model_core,2857,253710.335107804
model_core_stage_0,2857,253710.335107804
model_core,2858,253740.262507886
model_core_stage_0,2858,253740.262507886
model_core,2859,253770.189907968
model_core_stage_0,2859,253770.189907968
model_core,2860,253800.117308051
model_core_stage_0,2860,253800.117308051
model_core,2861,253830.044708133
model_core_stage_0,2861,253830.044708133
model_core,2862,253859.972108215
model_core_stage_0,2862,253859.972108215
model_core,2863,253889.899508298
model_core_stage_0,2863,253889.899508298
model_core,2864,253919.826908380
model_core_stage_0,2864,253919.826908380
model_core,2865,253949.754308462
model_core_stage_0,2865,253949.754308462
model_core,2866,253979.681708545
model_core_stage_0,2866,253979.681708545
model_core,2867,254009.609108627
model_core_stage_0,2867,254009.609108627
model_core,2868,254039.536508709
model_core_stage_0,2868,254039.536508709
model_core,2869,254069.463908792
model_core_stage_0,2869,254069.463908792
model_core,2870,254099.391308874
model_core_stage_0,2870,254099.391308874
model_core,2871,254129.318708956
model_core_stage_0,2871,254129.318708956
model_core,2872,254159.246109039
model_core_stage_0,2872,254159.246109039
model_core,2873,254189.173509121
model_core_stage_0,2873,254189.173509121
model_core,2874,254219.100909203
model_core_stage_0,2874,254219.100909204
model_core,2875,254249.028309286
model_core_stage_0,2875,254249.028309286
model_core,2876,254278.955709368
model_core_stage_0,2876,254278.955709368
model_core,2877,254308.883109451
model_core_stage_0,2877,254308.883109451
model_core,2878,254338.810509533
model_core_stage_0,2878,254338.810509533
model_core,2879,254368.737909615
model_core_stage_0,2879,254368.737909615
model_core,2880,254398.665309698
model_core_stage_0,2880,254398.665309698
model_core,2881,254428.592709780
model_core_stage_0,2881,254428.592709780
model_core,2882,254458.520109862
model_core_stage_0,2882,254458.520109862
model_core,2883,254488.447509945
model_core_stage_0,2883,254488.447509945
model_core,2884,254518.374910027
model_core_stage_0,2884,254518.374910027
model_core,2885,254548.302310109
model_core_stage_0,2885,254548.302310109
model_core,2886,254578.229710192
model_core_stage_0,2886,254578.229710192
model_core,2887,254608.157110274
model_core_stage_0,2887,254608.157110274
model_core,2888,254638.084510356
model_core_stage_0,2888,254638.084510356
model_core,2889,254668.011910439
model_core_stage_0,2889,254668.011910439
model_core,2890,254697.939310521
model_core_stage_0,2890,254697.939310521
model_core,2891,254727.866710603
model_core_stage_0,2891,254727.866710603
model_core,2892,254757.794110686
model_core_stage_0,2892,254757.794110686
model_core,2893,254787.721510768
model_core_stage_0,2893,254787.721510768
model_core,2894,254817.648910850
model_core_stage_0,2894,254817.648910850
model_core,2895,254847.576310933
model_core_stage_0,2895,254847.576310933
model_core,2896,254877.503711015
model_core_stage_0,2896,254877.503711015
model_core,2897,254907.431111098
model_core_stage_0,2897,254907.431111098
model_core,2898,254937.358511180
model_core_stage_0,2898,254937.358511180
model_core,2899,254967.285911262
model_core_stage_0,2899,254967.285911262
model_core,2900,254997.213311345
model_core_stage_0,2900,254997.213311345
model_core,2901,255027.140711427
model_core_stage_0,2901,255027.140711427
model_core,2902,255057.068111509
model_core_stage_0,2902,255057.068111509
model_core,2903,255086.995511592
model_core_stage_0,2903,255086.995511592
model_core,2904,255116.922911674
model_core_stage_0,2904,255116.922911674
model_core,2905,255146.850311756
model_core_stage_0,2905,255146.850311756
model_core,2906,255176.777711839
model_core_stage_0,2906,255176.777711839
model_core,2907,255206.705111921
model_core_stage_0,2907,255206.705111921
model_core,2908,255236.632512003
model_core_stage_0,2908,255236.632512003
model_core,2909,255266.559912086
model_core_stage_0,2909,255266.559912086
model_core,2910,255296.487312168
model_core_stage_0,2910,255296.487312168
model_core,2911,255326.414712250
model_core_stage_0,2911,255326.414712250
model_core,2912,255356.342112333
model_core_stage_0,2912,255356.342112333
model_core,2913,255386.269512415
model_core_stage_0,2913,255386.269512415
model_core,2914,255416.196912498
model_core_stage_0,2914,255416.196912498
model_core,2915,255446.124312580
model_core_stage_0,2915,255446.124312580
model_core,2916,255476.051712662
model_core_stage_0,2916,255476.051712662
model_core,2917,255505.979112745
model_core_stage_0,2917,255505.979112745
model_core,2918,255535.906512827
model_core_stage_0,2918,255535.906512827
model_core,2919,255565.833912909
model_core_stage_0,2919,255565.833912909
model_core,2920,255595.761312992
model_core_stage_0,2920,255595.761312992
model_core,2921,255625.688713074
model_core_stage_0,2921,255625.688713074
model_core,2922,255655.616113156
model_core_stage_0,2922,255655.616113156
model_core,2923,255685.543513239
model_core_stage_0,2923,255685.543513239
model_core,2924,255715.470913321
model_core_stage_0,2924,255715.470913321
model_core,2925,255745.398313403
model_core_stage_0,2925,255745.398313403
model_core,2926,255775.325713486
model_core_stage_0,2926,255775.325713486
model_core,2927,255805.253113568
model_core_stage_0,2927,255805.253113568
model_core,2928,255835.180513650
model_core_stage_0,2928,255835.180513650
model_core,2929,255865.107913733
model_core_stage_0,2929,255865.107913733
model_core,2930,255895.035313815
model_core_stage_0,2930,255895.035313815
model_core,2931,255924.962713897
model_core_stage_0,2931,255924.962713897
model_core,2932,255954.890113980
model_core_stage_0,2932,255954.890113980
model_core,2933,255984.817514062
model_core_stage_0,2933,255984.817514062
model_core,2934,256014.744914145
model_core_stage_0,2934,256014.744914145
model_core,2935,256044.672314227
model_core_stage_0,2935,256044.672314227
model_core,2936,256074.599714309
model_core_stage_0,2936,256074.599714309
model_core,2937,256104.527114392
model_core_stage_0,2937,256104.527114392
model_core,2938,256134.454514474
model_core_stage_0,2938,256134.454514474
model_core,2939,256164.381914556
model_core_stage_0,2939,256164.381914556
model_core,2940,256194.309314639
model_core_stage_0,2940,256194.309314639
model_core,2941,256224.236714721
model_core_stage_0,2941,256224.236714721
model_core,2942,256254.164114803
model_core_stage_0,2942,256254.164114803
model_core,2943,256284.091514886
model_core_stage_0,2943,256284.091514886
model_core,2944,256314.018914968
model_core_stage_0,2944,256314.018914968
model_core,2945,256343.946315050
model_core_stage_0,2945,256343.946315050
model_core,2946,256373.873715133
model_core_stage_0,2946,256373.873715133
model_core,2947,256403.801115215
model_core_stage_0,2947,256403.801115215
model_core,2948,256433.728515297
model_core_stage_0,2948,256433.728515297
model_core,2949,256463.655915380
model_core_stage_0,2949,256463.655915380
model_core,2950,256493.583315462
model_core_stage_0,2950,256493.583315462
model_core,2951,256523.510715544
model_core_stage_0,2951,256523.510715544
model_core,2952,256553.438115627
model_core_stage_0,2952,256553.438115627
model_core,2953,256583.365515709
model_core_stage_0,2953,256583.365515709
model_core,2954,256613.292915792
model_core_stage_0,2954,256613.292915792
model_core,2955,256643.220315874
model_core_stage_0,2955,256643.220315874
model_core,2956,256673.147715956
model_core_stage_0,2956,256673.147715956
model_core,2957,256703.075116039
model_core_stage_0,2957,256703.075116039
model_core,2958,256733.002516121
model_core_stage_0,2958,256733.002516121
model_core,2959,256762.929916203
model_core_stage_0,2959,256762.929916203
model_core,2960,256792.857316286
model_core_stage_0,2960,256792.857316286
model_core,2961,256822.784716368
model_core_stage_0,2961,256822.784716368
model_core,2962,256852.712116450
model_core_stage_0,2962,256852.712116450
model_core,2963,256882.639516533
model_core_stage_0,2963,256882.639516533
model_core,2964,256912.566916615
model_core_stage_0,2964,256912.566916615
model_core,2965,256942.494316697
model_core_stage_0,2965,256942.494316697
model_core,2966,256972.421716780
model_core_stage_0,2966,256972.421716780
model_core,2967,257002.349116862
model_core_stage_0,2967,257002.349116862
model_core,2968,257032.276516944
model_core_stage_0,2968,257032.276516944
model_core,2969,257062.203917027
model_core_stage_0,2969,257062.203917027
model_core,2970,257092.131317109
model_core_stage_0,2970,257092.131317109
model_core,2971,257122.058717192
model_core_stage_0,2971,257122.058717192
model_core,2972,257151.986117274
model_core_stage_0,2972,257151.986117274
model_core,2973,257181.913517356
model_core_stage_0,2973,257181.913517356
model_core,2974,257211.840917439
model_core_stage_0,2974,257211.840917439
model_core,2975,257241.768317521
model_core_stage_0,2975,257241.768317521
model_core,2976,257271.695717603
model_core_stage_0,2976,257271.695717603
model_core,2977,257301.623117686
model_core_stage_0,2977,257301.623117686
model_core,2978,257331.550517768
model_core_stage_0,2978,257331.550517768
model_core,2979,257361.477917850
model_core_stage_0,2979,257361.477917850
model_core,2980,257391.405317933
model_core_stage_0,2980,257391.405317933
model_core,2981,257421.332718015
model_core_stage_0,2981,257421.332718015
model_core,2982,257451.260118097
model_core_stage_0,2982,257451.260118097
model_core,2983,257481.187518180
model_core_stage_0,2983,257481.187518180
model_core,2984,257511.114918262
model_core_stage_0,2984,257511.114918262
model_core,2985,257541.042318344
model_core_stage_0,2985,257541.042318344
model_core,2986,257570.969718427
model_core_stage_0,2986,257570.969718427
model_core,2987,257600.897118509
model_core_stage_0,2987,257600.897118509
model_core,2988,257630.824518591
model_core_stage_0,2988,257630.824518592
model_core,2989,257660.751918674
model_core_stage_0,2989,257660.751918674
model_core,2990,257690.679318756
model_core_stage_0,2990,257690.679318756
model_core,2991,257720.606718839
model_core_stage_0,2991,257720.606718839
model_core,2992,257750.534118921
model_core_stage_0,2992,257750.534118921
model_core,2993,257780.461519003
model_core_stage_0,2993,257780.461519003
model_core,2994,257810.388919086
model_core_stage_0,2994,257810.388919086
model_core,2995,257840.316319168
model_core_stage_0,2995,257840.316319168
model_core,2996,257870.243719250
model_core_stage_0,2996,257870.243719250
model_core,2997,257900.171119333
model_core_stage_0,2997,257900.171119333
model_core,2998,257930.098519415
model_core_stage_0,2998,257930.098519415
model_core,2999,257960.025919497
model_core_stage_0,2999,257960.025919497
model_core,3000,257989.953319580
model_core_stage_0,3000,257989.953319580
model_core,3001,258019.880719662
model_core_stage_0,3001,258019.880719662
model_core,3002,258049.808119744
model_core_stage_0,3002,258049.808119744
model_core,3003,258079.735519827
model_core_stage_0,3003,258079.735519827
model_core,3004,258109.662919909
model_core_stage_0,3004,258109.662919909
model_core,3005,258139.590319991
model_core_stage_0,3005,258139.590319991
model_core,3006,258169.517720074
model_core_stage_0,3006,258169.517720074
model_core,3007,258199.445120156
model_core_stage_0,3007,258199.445120156
model_core,3008,258229.372520238
model_core_stage_0,3008,258229.372520238
model_core,3009,258259.299920321
model_core_stage_0,3009,258259.299920321
model_core,3010,258289.227320403
model_core_stage_0,3010,258289.227320403
model_core,3011,258319.154720486
model_core_stage_0,3011,258319.154720485
model_core,3012,258349.082120568
model_core_stage_0,3012,258349.082120568
model_core,3013,258379.009520650
model_core_stage_0,3013,258379.009520650
model_core,3014,258408.936920733
model_core_stage_0,3014,258408.936920733
model_core,3015,258438.864320815
model_core_stage_0,3015,258438.864320815
model_core,3016,258468.791720897
model_core_stage_0,3016,258468.791720897
model_core,3017,258498.719120980
model_core_stage_0,3017,258498.719120980
model_core,3018,258528.646521062
model_core_stage_0,3018,258528.646521062
model_core,3019,258558.573921144
model_core_stage_0,3019,258558.573921144
model_core,3020,258588.501321227
model_core_stage_0,3020,258588.501321227
model_core,3021,258618.428721309
model_core_stage_0,3021,258618.428721309
model_core,3022,258648.356121391
model_core_stage_0,3022,258648.356121391
model_core,3023,258678.283521474
model_core_stage_0,3023,258678.283521474
model_core,3024,258708.210921556
model_core_stage_0,3024,258708.210921556
model_core,3025,258738.138321638
model_core_stage_0,3025,258738.138321638
model_core,3026,258768.065721721
model_core_stage_0,3026,258768.065721721
model_core,3027,258797.993121803
model_core_stage_0,3027,258797.993121803
model_core,3028,258827.920521886
model_core_stage_0,3028,258827.920521885
model_core,3029,258857.847921968
model_core_stage_0,3029,258857.847921968
model_core,3030,258887.775322050
model_core_stage_0,3030,258887.775322050
model_core,3031,258917.702722133
model_core_stage_0,3031,258917.702722133
model_core,3032,258947.630122215
model_core_stage_0,3032,258947.630122215
model_core,3033,258977.557522297
model_core_stage_0,3033,258977.557522297
model_core,3034,259007.484922380
model_core_stage_0,3034,259007.484922380
model_core,3035,259037.412322462
model_core_stage_0,3035,259037.412322462
model_core,3036,259067.339722544
model_core_stage_0,3036,259067.339722544
model_core,3037,259097.267122627
model_core_stage_0,3037,259097.267122627
model_core,3038,259127.194522709
model_core_stage_0,3038,259127.194522709
model_core,3039,259157.121922791
model_core_stage_0,3039,259157.121922791
model_core,3040,259187.049322874
model_core_stage_0,3040,259187.049322874
model_core,3041,259216.976722956
model_core_stage_0,3041,259216.976722956
model_core,3042,259246.904123038
model_core_stage_0,3042,259246.904123038
model_core,3043,259276.831523121
model_core_stage_0,3043,259276.831523121
model_core,3044,259306.758923203
model_core_stage_0,3044,259306.758923203
model_core,3045,259336.686323285
model_core_stage_0,3045,259336.686323285
model_core,3046,259366.613723368
model_core_stage_0,3046,259366.613723368
model_core,3047,259396.541123450
model_core_stage_0,3047,259396.541123450
model_core,3048,259426.468523533
model_core_stage_0,3048,259426.468523533
model_core,3049,259456.395923615
model_core_stage_0,3049,259456.395923615
model_core,3050,259486.323323697
model_core_stage_0,3050,259486.323323697
model_core,3051,259516.250723780
model_core_stage_0,3051,259516.250723780
model_core,3052,259546.178123862
model_core_stage_0,3052,259546.178123862
model_core,3053,259576.105523944
model_core_stage_0,3053,259576.105523944
model_core,3054,259606.032924027
model_core_stage_0,3054,259606.032924027
model_core,3055,259635.960324109
model_core_stage_0,3055,259635.960324109
model_core,3056,259665.887724191
model_core_stage_0,3056,259665.887724191
model_core,3057,259695.815124274
model_core_stage_0,3057,259695.815124274
model_core,3058,259725.742524356
model_core_stage_0,3058,259725.742524356
model_core,3059,259755.669924438
model_core_stage_0,3059,259755.669924438
model_core,3060,259785.597324521
model_core_stage_0,3060,259785.597324521
model_core,3061,259815.524724603
model_core_stage_0,3061,259815.524724603
model_core,3062,259845.452124685
model_core_stage_0,3062,259845.452124685
model_core,3063,259875.379524768
model_core_stage_0,3063,259875.379524768
model_core,3064,259905.306924850
model_core_stage_0,3064,259905.306924850
model_core,3065,259935.234324932
model_core_stage_0,3065,259935.234324933
model_core,3066,259965.161725015
model_core_stage_0,3066,259965.161725015
model_core,3067,259995.089125097
model_core_stage_0,3067,259995.089125097
model_core,3068,260025.016525180
model_core_stage_0,3068,260025.016525180
model_core,3069,260054.943925262
model_core_stage_0,3069,260054.943925262
model_core,3070,260084.871325344
model_core_stage_0,3070,260084.871325344
model_core,3071,260114.798725427
model_core_stage_0,3071,260114.798725427
model_core,3072,260144.726125509
model_core_stage_0,3072,260144.726125509
model_core,3073,260174.653525591
model_core_stage_0,3073,260174.653525591
model_core,3074,260204.580925674
model_core_stage_0,3074,260204.580925674
model_core,3075,260234.508325756
model_core_stage_0,3075,260234.508325756
model_core,3076,260264.435725838
model_core_stage_0,3076,260264.435725838
model_core,3077,260294.363125921
model_core_stage_0,3077,260294.363125921
model_core,3078,260324.290526003
model_core_stage_0,3078,260324.290526003
model_core,3079,260354.217926085
model_core_stage_0,3079,260354.217926085
model_core,3080,260384.145326168
model_core_stage_0,3080,260384.145326168
model_core,3081,260414.072726250
model_core_stage_0,3081,260414.072726250
model_core,3082,260444.000126332
model_core_stage_0,3082,260444.000126332
model_core,3083,260473.927526415
model_core_stage_0,3083,260473.927526415
model_core,3084,260503.854926497
model_core_stage_0,3084,260503.854926497
model_core,3085,260533.782326580
model_core_stage_0,3085,260533.782326580
model_core,3086,260563.709726662
model_core_stage_0,3086,260563.709726662
model_core,3087,260593.637126744
model_core_stage_0,3087,260593.637126744
model_core,3088,260623.564526827
model_core_stage_0,3088,260623.564526826
model_core,3089,260653.491926909
model_core_stage_0,3089,260653.491926909
model_core,3090,260683.419326991
model_core_stage_0,3090,260683.419326991
model_core,3091,260713.346727074
model_core_stage_0,3091,260713.346727074
model_core,3092,260743.274127156
model_core_stage_0,3092,260743.274127156
model_core,3093,260773.201527238
model_core_stage_0,3093,260773.201527238
model_core,3094,260803.128927321
model_core_stage_0,3094,260803.128927321
model_core,3095,260833.056327403
model_core_stage_0,3095,260833.056327403
model_core,3096,260862.983727485
model_core_stage_0,3096,260862.983727485
model_core,3097,260892.911127568
model_core_stage_0,3097,260892.911127568
model_core,3098,260922.838527650
model_core_stage_0,3098,260922.838527650
model_core,3099,260952.765927732
model_core_stage_0,3099,260952.765927732
model_core,3100,260982.693327815
model_core_stage_0,3100,260982.693327815
model_core,3101,261012.620727897
model_core_stage_0,3101,261012.620727897
model_core,3102,261042.548127979
model_core_stage_0,3102,261042.548127979
model_core,3103,261072.475528062
model_core_stage_0,3103,261072.475528062
model_core,3104,261102.402928144
model_core_stage_0,3104,261102.402928144
model_core,3105,261132.330328226
model_core_stage_0,3105,261132.330328226
model_core,3106,261162.257728309
model_core_stage_0,3106,261162.257728309
model_core,3107,261192.185128391
model_core_stage_0,3107,261192.185128391
model_core,3108,261222.112528474
model_core_stage_0,3108,261222.112528474
model_core,3109,261252.039928556
model_core_stage_0,3109,261252.039928556
model_core,3110,261281.967328638
model_core_stage_0,3110,261281.967328638
model_core,3111,261311.894728721
model_core_stage_0,3111,261311.894728721
model_core,3112,261341.822128803
model_core_stage_0,3112,261341.822128803
model_core,3113,261371.749528885
model_core_stage_0,3113,261371.749528885
model_core,3114,261401.676928968
model_core_stage_0,3114,261401.676928968
model_core,3115,261431.604329050
model_core_stage_0,3115,261431.604329050
model_core,3116,261461.531729132
model_core_stage_0,3116,261461.531729132
model_core,3117,261491.459129215
model_core_stage_0,3117,261491.459129215
model_core,3118,261521.386529297
model_core_stage_0,3118,261521.386529297
model_core,3119,261551.313929379
model_core_stage_0,3119,261551.313929379
model_core,3120,261581.241329462
model_core_stage_0,3120,261581.241329462
model_core,3121,261611.168729544
model_core_stage_0,3121,261611.168729544
model_core,3122,261641.096129626
model_core_stage_0,3122,261641.096129626
model_core,3123,261671.023529709
model_core_stage_0,3123,261671.023529709
model_core,3124,261700.950929791
model_core_stage_0,3124,261700.950929791
model_core,3125,261730.878329874
model_core_stage_0,3125,261730.878329874
model_core,3126,261760.805729956
model_core_stage_0,3126,261760.805729956
model_core,3127,261790.733130038
model_core_stage_0,3127,261790.733130038
model_core,3128,261820.660530121
model_core_stage_0,3128,261820.660530121
model_core,3129,261850.587930203
model_core_stage_0,3129,261850.587930203
model_core,3130,261880.515330285
model_core_stage_0,3130,261880.515330285
model_core,3131,261910.442730368
model_core_stage_0,3131,261910.442730368
model_core,3132,261940.370130450
model_core_stage_0,3132,261940.370130450
model_core,3133,261970.297530532
model_core_stage_0,3133,261970.297530532
model_core,3134,262000.224930615
model_core_stage_0,3134,262000.224930615
model_core,3135,262030.152330697
model_core_stage_0,3135,262030.152330697
model_core,3136,262060.079730779
model_core_stage_0,3136,262060.079730779
model_core,3137,262090.007130862
model_core_stage_0,3137,262090.007130862
model_core,3138,262119.934530944
model_core_stage_0,3138,262119.934530944
model_core,3139,262149.861931026
model_core_stage_0,3139,262149.861931026
model_core,3140,262179.789331109
model_core_stage_0,3140,262179.789331109
model_core,3141,262209.716731191
model_core_stage_0,3141,262209.716731191
model_core,3142,262239.644131273
model_core_stage_0,3142,262239.644131273
model_core,3143,262269.571531356
model_core_stage_0,3143,262269.571531356
model_core,3144,262299.498931438
model_core_stage_0,3144,262299.498931438
model_core,3145,262329.426331521
model_core_stage_0,3145,262329.426331520
model_core,3146,262359.353731603
model_core_stage_0,3146,262359.353731603
model_core,3147,262389.281131685
model_core_stage_0,3147,262389.281131685
model_core,3148,262419.208531768
model_core_stage_0,3148,262419.208531768
model_core,3149,262449.135931850
model_core_stage_0,3149,262449.135931850
model_core,3150,262479.063331932
model_core_stage_0,3150,262479.063331932
model_core,3151,262508.990732015
model_core_stage_0,3151,262508.990732015
model_core,3152,262538.918132097
model_core_stage_0,3152,262538.918132097
model_core,3153,262568.845532179
model_core_stage_0,3153,262568.845532179
model_core,3154,262598.772932262
model_core_stage_0,3154,262598.772932262
model_core,3155,262628.700332344
model_core_stage_0,3155,262628.700332344
model_core,3156,262658.627732426
model_core_stage_0,3156,262658.627732426
model_core,3157,262688.555132509
model_core_stage_0,3157,262688.555132509
model_core,3158,262718.482532591
model_core_stage_0,3158,262718.482532591
model_core,3159,262748.409932673
model_core_stage_0,3159,262748.409932674
model_core,3160,262778.337332756
model_core_stage_0,3160,262778.337332756
model_core,3161,262808.264732838
model_core_stage_0,3161,262808.264732838
model_core,3162,262838.192132920
model_core_stage_0,3162,262838.192132921
model_core,3163,262868.119533003
model_core_stage_0,3163,262868.119533003
model_core,3164,262898.046933085
model_core_stage_0,3164,262898.046933085
model_core,3165,262927.974333168
model_core_stage_0,3165,262927.974333168
model_core,3166,262957.901733250
model_core_stage_0,3166,262957.901733250
model_core,3167,262987.829133332
model_core_stage_0,3167,262987.829133332
model_core,3168,263017.756533415
model_core_stage_0,3168,263017.756533415
model_core,3169,263047.683933497
model_core_stage_0,3169,263047.683933497
model_core,3170,263077.611333579
model_core_stage_0,3170,263077.611333579
model_core,3171,263107.538733662
model_core_stage_0,3171,263107.538733662
model_core,3172,263137.466133744
model_core_stage_0,3172,263137.466133744
model_core,3173,263167.393533826
model_core_stage_0,3173,263167.393533826
model_core,3174,263197.320933909
model_core_stage_0,3174,263197.320933909
model_core,3175,263227.248333991
model_core_stage_0,3175,263227.248333991
model_core,3176,263257.175734073
model_core_stage_0,3176,263257.175734073
model_core,3177,263287.103134156
model_core_stage_0,3177,263287.103134156
model_core,3178,263317.030534238
model_core_stage_0,3178,263317.030534238
model_core,3179,263346.957934320
model_core_stage_0,3179,263346.957934320
model_core,3180,263376.885334403
model_core_stage_0,3180,263376.885334403
model_core,3181,263406.812734485
model_core_stage_0,3181,263406.812734485
model_core,3182,263436.740134567
model_core_stage_0,3182,263436.740134567
model_core,3183,263466.667534650
model_core_stage_0,3183,263466.667534650
model_core,3184,263496.594934732
model_core_stage_0,3184,263496.594934732
model_core,3185,263526.522334815
model_core_stage_0,3185,263526.522334815
model_core,3186,263556.449734897
model_core_stage_0,3186,263556.449734897
model_core,3187,263586.377134979
model_core_stage_0,3187,263586.377134979
model_core,3188,263616.304535062
model_core_stage_0,3188,263616.304535062
model_core,3189,263646.231935144
model_core_stage_0,3189,263646.231935144
model_core,3190,263676.159335226
model_core_stage_0,3190,263676.159335226
model_core,3191,263706.086735309
model_core_stage_0,3191,263706.086735309
model_core,3192,263736.014135391
model_core_stage_0,3192,263736.014135391
model_core,3193,263765.941535473
model_core_stage_0,3193,263765.941535473
model_core,3194,263795.868935556
model_core_stage_0,3194,263795.868935556
model_core,3195,263825.796335638
model_core_stage_0,3195,263825.796335638
model_core,3196,263855.723735720
model_core_stage_0,3196,263855.723735720
model_core,3197,263885.651135803
model_core_stage_0,3197,263885.651135803
model_core,3198,263915.578535885
model_core_stage_0,3198,263915.578535885
model_core,3199,263945.505935967
model_core_stage_0,3199,263945.505935967
model_core,3200,263975.433336050
model_core_stage_0,3200,263975.433336050
model_core,3201,264005.360736132
model_core_stage_0,3201,264005.360736132
model_core,3202,264035.288136215
model_core_stage_0,3202,264035.288136214
model_core,3203,264065.215536297
model_core_stage_0,3203,264065.215536297
model_core,3204,264095.142936379
model_core_stage_0,3204,264095.142936379
model_core,3205,264125.070336462
model_core_stage_0,3205,264125.070336462
model_core,3206,264154.997736544
model_core_stage_0,3206,264154.997736544
model_core,3207,264184.925136626
model_core_stage_0,3207,264184.925136626
model_core,3208,264214.852536709
model_core_stage_0,3208,264214.852536709
model_core,3209,264244.779936791
model_core_stage_0,3209,264244.779936791
model_core,3210,264274.707336873
model_core_stage_0,3210,264274.707336873
model_core,3211,264304.634736956
model_core_stage_0,3211,264304.634736956
model_core,3212,264334.562137038
model_core_stage_0,3212,264334.562137038
model_core,3213,264364.489537120
model_core_stage_0,3213,264364.489537120
model_core,3214,264394.416937203
model_core_stage_0,3214,264394.416937203
model_core,3215,264424.344337285
model_core_stage_0,3215,264424.344337285
model_core,3216,264454.271737367
model_core_stage_0,3216,264454.271737367
model_core,3217,264484.199137450
model_core_stage_0,3217,264484.199137450
model_core,3218,264514.126537532
model_core_stage_0,3218,264514.126537532
model_core,3219,264544.053937614
model_core_stage_0,3219,264544.053937615
model_core,3220,264573.981337697
model_core_stage_0,3220,264573.981337697
model_core,3221,264603.908737779
model_core_stage_0,3221,264603.908737779
model_core,3222,264633.836137862
model_core_stage_0,3222,264633.836137862
model_core,3223,264663.763537944
model_core_stage_0,3223,264663.763537944
model_core,3224,264693.690938026
model_core_stage_0,3224,264693.690938026
model_core,3225,264723.618338109
model_core_stage_0,3225,264723.618338109
model_core,3226,264753.545738191
model_core_stage_0,3226,264753.545738191
model_core,3227,264783.473138273
model_core_stage_0,3227,264783.473138273
model_core,3228,264813.400538356
model_core_stage_0,3228,264813.400538356
model_core,3229,264843.327938438
model_core_stage_0,3229,264843.327938438
model_core,3230,264873.255338520
model_core_stage_0,3230,264873.255338520
model_core,3231,264903.182738603
model_core_stage_0,3231,264903.182738603
model_core,3232,264933.110138685
model_core_stage_0,3232,264933.110138685
model_core,3233,264963.037538767
model_core_stage_0,3233,264963.037538767
model_core,3234,264992.964938850
model_core_stage_0,3234,264992.964938850
model_core,3235,265022.892338932
model_core_stage_0,3235,265022.892338932
model_core,3236,265052.819739014
model_core_stage_0,3236,265052.819739014
model_core,3237,265082.747139097
model_core_stage_0,3237,265082.747139097
model_core,3238,265112.674539179
model_core_stage_0,3238,265112.674539179
model_core,3239,265142.601939261
model_core_stage_0,3239,265142.601939261
model_core,3240,265172.529339344
model_core_stage_0,3240,265172.529339344
model_core,3241,265202.456739426
model_core_stage_0,3241,265202.456739426
model_core,3242,265232.384139509
model_core_stage_0,3242,265232.384139509
model_core,3243,265262.311539591
model_core_stage_0,3243,265262.311539591
model_core,3244,265292.238939673
model_core_stage_0,3244,265292.238939673
model_core,3245,265322.166339756
model_core_stage_0,3245,265322.166339756
model_core,3246,265352.093739838
model_core_stage_0,3246,265352.093739838
model_core,3247,265382.021139920
model_core_stage_0,3247,265382.021139920
model_core,3248,265411.948540003
model_core_stage_0,3248,265411.948540003
model_core,3249,265441.875940085
model_core_stage_0,3249,265441.875940085
model_core,3250,265471.803340167
model_core_stage_0,3250,265471.803340167
model_core,3251,265501.730740250
model_core_stage_0,3251,265501.730740250
model_core,3252,265531.658140332
model_core_stage_0,3252,265531.658140332
model_core,3253,265561.585540414
model_core_stage_0,3253,265561.585540414
model_core,3254,265591.512940497
model_core_stage_0,3254,265591.512940497
model_core,3255,265621.440340579
model_core_stage_0,3255,265621.440340579
model_core,3256,265651.367740661
model_core_stage_0,3256,265651.367740661
model_core,3257,265681.295140744
model_core_stage_0,3257,265681.295140744
model_core,3258,265711.222540826
model_core_stage_0,3258,265711.222540826
model_core,3259,265741.149940909
model_core_stage_0,3259,265741.149940909
model_core,3260,265771.077340991
model_core_stage_0,3260,265771.077340991
model_core,3261,265801.004741073
model_core_stage_0,3261,265801.004741073
model_core,3262,265830.932141156
model_core_stage_0,3262,265830.932141156
model_core,3263,265860.859541238
model_core_stage_0,3263,265860.859541238
model_core,3264,265890.786941320
model_core_stage_0,3264,265890.786941320
model_core,3265,265920.714341403
model_core_stage_0,3265,265920.714341403
model_core,3266,265950.641741485
model_core_stage_0,3266,265950.641741485
model_core,3267,265980.569141567
model_core_stage_0,3267,265980.569141567
model_core,3268,266010.496541650
model_core_stage_0,3268,266010.496541650
model_core,3269,266040.423941732
model_core_stage_0,3269,266040.423941732
model_core,3270,266070.351341814
model_core_stage_0,3270,266070.351341814
model_core,3271,266100.278741897
model_core_stage_0,3271,266100.278741897
model_core,3272,266130.206141979
model_core_stage_0,3272,266130.206141979
model_core,3273,266160.133542061
model_core_stage_0,3273,266160.133542061
model_core,3274,266190.060942144
model_core_stage_0,3274,266190.060942144
model_core,3275,266219.988342226
model_core_stage_0,3275,266219.988342226
model_core,3276,266249.915742308
model_core_stage_0,3276,266249.915742308
model_core,3277,266279.843142391
model_core_stage_0,3277,266279.843142391
model_core,3278,266309.770542473
model_core_stage_0,3278,266309.770542473
model_core,3279,266339.697942556
model_core_stage_0,3279,266339.697942556
model_core,3280,266369.625342638
model_core_stage_0,3280,266369.625342638
model_core,3281,266399.552742720
model_core_stage_0,3281,266399.552742720
model_core,3282,266429.480142803
model_core_stage_0,3282,266429.480142803
model_core,3283,266459.407542885
model_core_stage_0,3283,266459.407542885
model_core,3284,266489.334942967
model_core_stage_0,3284,266489.334942967
model_core,3285,266519.262343050
model_core_stage_0,3285,266519.262343050
model_core,3286,266549.189743132
model_core_stage_0,3286,266549.189743132
model_core,3287,266579.117143214
model_core_stage_0,3287,266579.117143214
model_core,3288,266609.044543297
model_core_stage_0,3288,266609.044543297
model_core,3289,266638.971943379
model_core_stage_0,3289,266638.971943379
model_core,3290,266668.899343461
model_core_stage_0,3290,266668.899343461
model_core,3291,266698.826743544
model_core_stage_0,3291,266698.826743544
model_core,3292,266728.754143626
model_core_stage_0,3292,266728.754143626
model_core,3293,266758.681543708
model_core_stage_0,3293,266758.681543708
model_core,3294,266788.608943791
model_core_stage_0,3294,266788.608943791
model_core,3295,266818.536343873
model_core_stage_0,3295,266818.536343873
model_core,3296,266848.463743955
model_core_stage_0,3296,266848.463743955
model_core,3297,266878.391144038
model_core_stage_0,3297,266878.391144038
model_core,3298,266908.318544120
model_core_stage_0,3298,266908.318544120
model_core,3299,266938.245944203
model_core_stage_0,3299,266938.245944203
model_core,3300,266968.173344285
model_core_stage_0,3300,266968.173344285
model_core,3301,266998.100744367
model_core_stage_0,3301,266998.100744367
model_core,3302,267028.028144450
model_core_stage_0,3302,267028.028144450
model_core,3303,267057.955544532
model_core_stage_0,3303,267057.955544532
model_core,3304,267087.882944614
model_core_stage_0,3304,267087.882944614
model_core,3305,267117.810344697
model_core_stage_0,3305,267117.810344697
model_core,3306,267147.737744779
model_core_stage_0,3306,267147.737744779
model_core,3307,267177.665144861
model_core_stage_0,3307,267177.665144861
model_core,3308,267207.592544944
model_core_stage_0,3308,267207.592544944
model_core,3309,267237.519945026
model_core_stage_0,3309,267237.519945026
model_core,3310,267267.447345108
model_core_stage_0,3310,267267.447345108
model_core,3311,267297.374745191
model_core_stage_0,3311,267297.374745191
model_core,3312,267327.302145273
model_core_stage_0,3312,267327.302145273
model_core,3313,267357.229545355
model_core_stage_0,3313,267357.229545355
model_core,3314,267387.156945438
model_core_stage_0,3314,267387.156945438
model_core,3315,267417.084345520
model_core_stage_0,3315,267417.084345520
model_core,3316,267447.011745603
model_core_stage_0,3316,267447.011745603
model_core,3317,267476.939145685
model_core_stage_0,3317,267476.939145685
model_core,3318,267506.866545767
model_core_stage_0,3318,267506.866545767
model_core,3319,267536.793945850
model_core_stage_0,3319,267536.793945850
model_core,3320,267566.721345932
model_core_stage_0,3320,267566.721345932
model_core,3321,267596.648746014
model_core_stage_0,3321,267596.648746014
model_core,3322,267626.576146097
model_core_stage_0,3322,267626.576146097
model_core,3323,267656.503546179
model_core_stage_0,3323,267656.503546179
model_core,3324,267686.430946261
model_core_stage_0,3324,267686.430946261
model_core,3325,267716.358346344
model_core_stage_0,3325,267716.358346344
model_core,3326,267746.285746426
model_core_stage_0,3326,267746.285746426
model_core,3327,267776.213146508
model_core_stage_0,3327,267776.213146508
model_core,3328,267806.140546591
model_core_stage_0,3328,267806.140546591
model_core,3329,267836.067946673
model_core_stage_0,3329,267836.067946673
model_core,3330,267865.995346755
model_core_stage_0,3330,267865.995346755
model_core,3331,267895.922746838
model_core_stage_0,3331,267895.922746838
model_core,3332,267925.850146920
model_core_stage_0,3332,267925.850146920
model_core,3333,267955.777547002
model_core_stage_0,3333,267955.777547003
model_core,3334,267985.704947085
model_core_stage_0,3334,267985.704947085
model_core,3335,268015.632347167
model_core_stage_0,3335,268015.632347167
model_core,3336,268045.559747250
model_core_stage_0,3336,268045.559747250
model_core,3337,268075.487147332
model_core_stage_0,3337,268075.487147332
model_core,3338,268105.414547414
model_core_stage_0,3338,268105.414547414
model_core,3339,268135.341947497
model_core_stage_0,3339,268135.341947497
model_core,3340,268165.269347579
model_core_stage_0,3340,268165.269347579
model_core,3341,268195.196747661
model_core_stage_0,3341,268195.196747661
model_core,3342,268225.124147744
model_core_stage_0,3342,268225.124147744
model_core,3343,268255.051547826
model_core_stage_0,3343,268255.051547826
model_core,3344,268284.978947908
model_core_stage_0,3344,268284.978947908
model_core,3345,268314.906347991
model_core_stage_0,3345,268314.906347991
model_core,3346,268344.833748073
model_core_stage_0,3346,268344.833748073
model_core,3347,268374.761148155
model_core_stage_0,3347,268374.761148155
model_core,3348,268404.688548238
model_core_stage_0,3348,268404.688548238
model_core,3349,268434.615948320
model_core_stage_0,3349,268434.615948320
model_core,3350,268464.543348402
model_core_stage_0,3350,268464.543348402
model_core,3351,268494.470748485
model_core_stage_0,3351,268494.470748485
model_core,3352,268524.398148567
model_core_stage_0,3352,268524.398148567
model_core,3353,268554.325548649
model_core_stage_0,3353,268554.325548649
model_core,3354,268584.252948732
model_core_stage_0,3354,268584.252948732
model_core,3355,268614.180348814
model_core_stage_0,3355,268614.180348814
model_core,3356,268644.107748897
model_core_stage_0,3356,268644.107748897
model_core,3357,268674.035148979
model_core_stage_0,3357,268674.035148979
model_core,3358,268703.962549061
model_core_stage_0,3358,268703.962549061
model_core,3359,268733.889949144
model_core_stage_0,3359,268733.889949144
model_core,3360,268763.817349226
model_core_stage_0,3360,268763.817349226
model_core,3361,268793.744749308
model_core_stage_0,3361,268793.744749308
model_core,3362,268823.672149391
model_core_stage_0,3362,268823.672149391
model_core,3363,268853.599549473
model_core_stage_0,3363,268853.599549473
model_core,3364,268883.526949555
model_core_stage_0,3364,268883.526949555
model_core,3365,268913.454349638
model_core_stage_0,3365,268913.454349638
model_core,3366,268943.381749720
model_core_stage_0,3366,268943.381749720
model_core,3367,268973.309149802
model_core_stage_0,3367,268973.309149802
model_core,3368,269003.236549885
model_core_stage_0,3368,269003.236549885
model_core,3369,269033.163949967
model_core_stage_0,3369,269033.163949967
model_core,3370,269063.091350049
model_core_stage_0,3370,269063.091350049
model_core,3371,269093.018750132
model_core_stage_0,3371,269093.018750132
model_core,3372,269122.946150214
model_core_stage_0,3372,269122.946150214
model_core,3373,269152.873550297
model_core_stage_0,3373,269152.873550296
model_core,3374,269182.800950379
model_core_stage_0,3374,269182.800950379
model_core,3375,269212.728350461
model_core_stage_0,3375,269212.728350461
model_core,3376,269242.655750544
model_core_stage_0,3376,269242.655750544
model_core,3377,269272.583150626
model_core_stage_0,3377,269272.583150626
model_core,3378,269302.510550708
model_core_stage_0,3378,269302.510550708
model_core,3379,269332.437950791
model_core_stage_0,3379,269332.437950791
model_core,3380,269362.365350873
model_core_stage_0,3380,269362.365350873
model_core,3381,269392.292750955
model_core_stage_0,3381,269392.292750955
model_core,3382,269422.220151038
model_core_stage_0,3382,269422.220151038
model_core,3383,269452.147551120
model_core_stage_0,3383,269452.147551120
model_core,3384,269482.074951202
model_core_stage_0,3384,269482.074951202
model_core,3385,269512.002351285
model_core_stage_0,3385,269512.002351285
model_core,3386,269541.929751367
model_core_stage_0,3386,269541.929751367
model_core,3387,269571.857151449
model_core_stage_0,3387,269571.857151449
model_core,3388,269601.784551532
model_core_stage_0,3388,269601.784551532
model_core,3389,269631.711951614
model_core_stage_0,3389,269631.711951614
model_core,3390,269661.639351696
model_core_stage_0,3390,269661.639351696
model_core,3391,269691.566751779
model_core_stage_0,3391,269691.566751779
model_core,3392,269721.494151861
model_core_stage_0,3392,269721.494151861
model_core,3393,269751.421551944
model_core_stage_0,3393,269751.421551944
model_core,3394,269781.348952026
model_core_stage_0,3394,269781.348952026
model_core,3395,269811.276352108
model_core_stage_0,3395,269811.276352108
model_core,3396,269841.203752191
model_core_stage_0,3396,269841.203752191
model_core,3397,269871.131152273
model_core_stage_0,3397,269871.131152273
model_core,3398,269901.058552355
model_core_stage_0,3398,269901.058552355
model_core,3399,269930.985952438
model_core_stage_0,3399,269930.985952438
model_core,3400,269960.913352520
model_core_stage_0,3400,269960.913352520
model_core,3401,269990.840752602
model_core_stage_0,3401,269990.840752602
model_core,3402,270020.768152685
model_core_stage_0,3402,270020.768152685
model_core,3403,270050.695552767
model_core_stage_0,3403,270050.695552767
model_core,3404,270080.622952849
model_core_stage_0,3404,270080.622952849
model_core,3405,270110.550352932
model_core_stage_0,3405,270110.550352932
model_core,3406,270140.477753014
model_core_stage_0,3406,270140.477753014
model_core,3407,270170.405153096
model_core_stage_0,3407,270170.405153096
model_core,3408,270200.332553179
model_core_stage_0,3408,270200.332553179
model_core,3409,270230.259953261
model_core_stage_0,3409,270230.259953261
model_core,3410,270260.187353343
model_core_stage_0,3410,270260.187353343
model_core,3411,270290.114753426
model_core_stage_0,3411,270290.114753426
model_core,3412,270320.042153508
model_core_stage_0,3412,270320.042153508
model_core,3413,270349.969553591
model_core_stage_0,3413,270349.969553591
model_core,3414,270379.896953673
model_core_stage_0,3414,270379.896953673
model_core,3415,270409.824353755
model_core_stage_0,3415,270409.824353755
model_core,3416,270439.751753838
model_core_stage_0,3416,270439.751753838
model_core,3417,270469.679153920
model_core_stage_0,3417,270469.679153920
model_core,3418,270499.606554002
model_core_stage_0,3418,270499.606554002
model_core,3419,270529.533954085
model_core_stage_0,3419,270529.533954085
model_core,3420,270559.461354167
model_core_stage_0,3420,270559.461354167
model_core,3421,270589.388754249
model_core_stage_0,3421,270589.388754249
model_core,3422,270619.316154332
model_core_stage_0,3422,270619.316154332
model_core,3423,270649.243554414
model_core_stage_0,3423,270649.243554414
model_core,3424,270679.170954496
model_core_stage_0,3424,270679.170954496
model_core,3425,270709.098354579
model_core_stage_0,3425,270709.098354579
model_core,3426,270739.025754661
model_core_stage_0,3426,270739.025754661
model_core,3427,270768.953154743
model_core_stage_0,3427,270768.953154743
model_core,3428,270798.880554826
model_core_stage_0,3428,270798.880554826
model_core,3429,270828.807954908
model_core_stage_0,3429,270828.807954908
model_core,3430,270858.735354991
model_core_stage_0,3430,270858.735354991
model_core,3431,270888.662755073
model_core_stage_0,3431,270888.662755073
model_core,3432,270918.590155155
model_core_stage_0,3432,270918.590155155
model_core,3433,270948.517555238
model_core_stage_0,3433,270948.517555238
model_core,3434,270978.444955320
model_core_stage_0,3434,270978.444955320
model_core,3435,271008.372355402
model_core_stage_0,3435,271008.372355402
model_core,3436,271038.299755485
model_core_stage_0,3436,271038.299755485
model_core,3437,271068.227155567
model_core_stage_0,3437,271068.227155567
model_core,3438,271098.154555649
model_core_stage_0,3438,271098.154555649
model_core,3439,271128.081955732
model_core_stage_0,3439,271128.081955732
model_core,3440,271158.009355814
model_core_stage_0,3440,271158.009355814
model_core,3441,271187.936755896
model_core_stage_0,3441,271187.936755896
model_core,3442,271217.864155979
model_core_stage_0,3442,271217.864155979
model_core,3443,271247.791556061
model_core_stage_0,3443,271247.791556061
model_core,3444,271277.718956143
model_core_stage_0,3444,271277.718956143
model_core,3445,271307.646356226
model_core_stage_0,3445,271307.646356226
model_core,3446,271337.573756308
model_core_stage_0,3446,271337.573756308
model_core,3447,271367.501156390
model_core_stage_0,3447,271367.501156390
model_core,3448,271397.428556473
model_core_stage_0,3448,271397.428556473
model_core,3449,271427.355956555
model_core_stage_0,3449,271427.355956555
model_core,3450,271457.283356638
model_core_stage_0,3450,271457.283356638
model_core,3451,271487.210756720
model_core_stage_0,3451,271487.210756720
model_core,3452,271517.138156802
model_core_stage_0,3452,271517.138156802
model_core,3453,271547.065556885
model_core_stage_0,3453,271547.065556885
model_core,3454,271576.992956967
model_core_stage_0,3454,271576.992956967
model_core,3455,271606.920357049
model_core_stage_0,3455,271606.920357049
model_core,3456,271636.847757132
model_core_stage_0,3456,271636.847757132
model_core,3457,271666.775157214
model_core_stage_0,3457,271666.775157214
model_core,3458,271696.702557296
model_core_stage_0,3458,271696.702557296
model_core,3459,271726.629957379
model_core_stage_0,3459,271726.629957379
model_core,3460,271756.557357461
model_core_stage_0,3460,271756.557357461
model_core,3461,271786.484757543
model_core_stage_0,3461,271786.484757543
model_core,3462,271816.412157626
model_core_stage_0,3462,271816.412157626
model_core,3463,271846.339557708
model_core_stage_0,3463,271846.339557708
model_core,3464,271876.266957790
model_core_stage_0,3464,271876.266957790
model_core,3465,271906.194357873
model_core_stage_0,3465,271906.194357873
model_core,3466,271936.121757955
model_core_stage_0,3466,271936.121757955
model_core,3467,271966.049158037
model_core_stage_0,3467,271966.049158037
model_core,3468,271995.976558120
model_core_stage_0,3468,271995.976558120
model_core,3469,272025.903958202
model_core_stage_0,3469,272025.903958202
model_core,3470,272055.831358285
model_core_stage_0,3470,272055.831358284
model_core,3471,272085.758758367
model_core_stage_0,3471,272085.758758367
model_core,3472,272115.686158449
model_core_stage_0,3472,272115.686158449
model_core,3473,272145.613558532
model_core_stage_0,3473,272145.613558532
model_core,3474,272175.540958614
model_core_stage_0,3474,272175.540958614
model_core,3475,272205.468358696
model_core_stage_0,3475,272205.468358696
model_core,3476,272235.395758779
model_core_stage_0,3476,272235.395758779
model_core,3477,272265.323158861
model_core_stage_0,3477,272265.323158861
model_core,3478,272295.250558943
model_core_stage_0,3478,272295.250558943
model_core,3479,272325.177959026
model_core_stage_0,3479,272325.177959026
model_core,3480,272355.105359108
model_core_stage_0,3480,272355.105359108
model_core,3481,272385.032759190
model_core_stage_0,3481,272385.032759190
model_core,3482,272414.960159273
model_core_stage_0,3482,272414.960159273
model_core,3483,272444.887559355
model_core_stage_0,3483,272444.887559355
model_core,3484,272474.814959437
model_core_stage_0,3484,272474.814959437
model_core,3485,272504.742359520
model_core_stage_0,3485,272504.742359520
model_core,3486,272534.669759602
model_core_stage_0,3486,272534.669759602
model_core,3487,272564.597159684
model_core_stage_0,3487,272564.597159684
model_core,3488,272594.524559767
model_core_stage_0,3488,272594.524559767
model_core,3489,272624.451959849
model_core_stage_0,3489,272624.451959849
model_core,3490,272654.379359932
model_core_stage_0,3490,272654.379359932
model_core,3491,272684.306760014
model_core_stage_0,3491,272684.306760014
model_core,3492,272714.234160096
model_core_stage_0,3492,272714.234160096
model_core,3493,272744.161560179
model_core_stage_0,3493,272744.161560179
model_core,3494,272774.088960261
model_core_stage_0,3494,272774.088960261
model_core,3495,272804.016360343
model_core_stage_0,3495,272804.016360343
model_core,3496,272833.943760426
model_core_stage_0,3496,272833.943760426
model_core,3497,272863.871160508
model_core_stage_0,3497,272863.871160508
model_core,3498,272893.798560590
model_core_stage_0,3498,272893.798560590
model_core,3499,272923.725960673
model_core_stage_0,3499,272923.725960673
model_core,3500,272953.653360755
model_core_stage_0,3500,272953.653360755
model_core,3501,272983.580760837
model_core_stage_0,3501,272983.580760837
model_core,3502,273013.508160920
model_core_stage_0,3502,273013.508160920
model_core,3503,273043.435561002
model_core_stage_0,3503,273043.435561002
model_core,3504,273073.362961084
model_core_stage_0,3504,273073.362961084
model_core,3505,273103.290361167
model_core_stage_0,3505,273103.290361167
model_core,3506,273133.217761249
model_core_stage_0,3506,273133.217761249
model_core,3507,273163.145161332
model_core_stage_0,3507,273163.145161332
model_core,3508,273193.072561414
model_core_stage_0,3508,273193.072561414
model_core,3509,273222.999961496
model_core_stage_0,3509,273222.999961496
model_core,3510,273252.927361579
model_core_stage_0,3510,273252.927361579
model_core,3511,273282.854761661
model_core_stage_0,3511,273282.854761661
model_core,3512,273312.782161743
model_core_stage_0,3512,273312.782161743
model_core,3513,273342.709561826
model_core_stage_0,3513,273342.709561826
model_core,3514,273372.636961908
model_core_stage_0,3514,273372.636961908
model_core,3515,273402.564361990
model_core_stage_0,3515,273402.564361990
model_core,3516,273432.491762073
model_core_stage_0,3516,273432.491762073
model_core,3517,273462.419162155
model_core_stage_0,3517,273462.419162155
model_core,3518,273492.346562237
model_core_stage_0,3518,273492.346562237
model_core,3519,273522.273962320
model_core_stage_0,3519,273522.273962320
model_core,3520,273552.201362402
model_core_stage_0,3520,273552.201362402
model_core,3521,273582.128762484
model_core_stage_0,3521,273582.128762484
model_core,3522,273612.056162567
model_core_stage_0,3522,273612.056162567
model_core,3523,273641.983562649
model_core_stage_0,3523,273641.983562649
model_core,3524,273671.910962731
model_core_stage_0,3524,273671.910962731
model_core,3525,273701.838362814
model_core_stage_0,3525,273701.838362814
model_core,3526,273731.765762896
model_core_stage_0,3526,273731.765762896
model_core,3527,273761.693162979
model_core_stage_0,3527,273761.693162979
model_core,3528,273791.620563061
model_core_stage_0,3528,273791.620563061
model_core,3529,273821.547963143
model_core_stage_0,3529,273821.547963143
model_core,3530,273851.475363226
model_core_stage_0,3530,273851.475363226
model_core,3531,273881.402763308
model_core_stage_0,3531,273881.402763308
model_core,3532,273911.330163390
model_core_stage_0,3532,273911.330163390
model_core,3533,273941.257563473
model_core_stage_0,3533,273941.257563473
model_core,3534,273971.184963555
model_core_stage_0,3534,273971.184963555
model_core,3535,274001.112363637
model_core_stage_0,3535,274001.112363637
model_core,3536,274031.039763720
model_core_stage_0,3536,274031.039763720
model_core,3537,274060.967163802
model_core_stage_0,3537,274060.967163802
model_core,3538,274090.894563884
model_core_stage_0,3538,274090.894563884
model_core,3539,274120.821963967
model_core_stage_0,3539,274120.821963967
model_core,3540,274150.749364049
model_core_stage_0,3540,274150.749364049
model_core,3541,274180.676764131
model_core_stage_0,3541,274180.676764131
model_core,3542,274210.604164214
model_core_stage_0,3542,274210.604164214
model_core,3543,274240.531564296
model_core_stage_0,3543,274240.531564296
model_core,3544,274270.458964379
model_core_stage_0,3544,274270.458964379
model_core,3545,274300.386364461
model_core_stage_0,3545,274300.386364461
model_core,3546,274330.313764543
model_core_stage_0,3546,274330.313764543
model_core,3547,274360.241164626
model_core_stage_0,3547,274360.241164626
model_core,3548,274390.168564708
model_core_stage_0,3548,274390.168564708
model_core,3549,274420.095964790
model_core_stage_0,3549,274420.095964790
model_core,3550,274450.023364873
model_core_stage_0,3550,274450.023364873
model_core,3551,274479.950764955
model_core_stage_0,3551,274479.950764955
model_core,3552,274509.878165037
model_core_stage_0,3552,274509.878165037
model_core,3553,274539.805565120
model_core_stage_0,3553,274539.805565120
model_core,3554,274569.732965202
model_core_stage_0,3554,274569.732965202
model_core,3555,274599.660365284
model_core_stage_0,3555,274599.660365284
model_core,3556,274629.587765367
model_core_stage_0,3556,274629.587765367
model_core,3557,274659.515165449
model_core_stage_0,3557,274659.515165449
model_core,3558,274689.442565531
model_core_stage_0,3558,274689.442565531
model_core,3559,274719.369965614
model_core_stage_0,3559,274719.369965614
model_core,3560,274749.297365696
model_core_stage_0,3560,274749.297365696
model_core,3561,274779.224765778
model_core_stage_0,3561,274779.224765778
model_core,3562,274809.152165861
model_core_stage_0,3562,274809.152165861
model_core,3563,274839.079565943
model_core_stage_0,3563,274839.079565943
model_core,3564,274869.006966026
model_core_stage_0,3564,274869.006966026
model_core,3565,274898.934366108
model_core_stage_0,3565,274898.934366108
model_core,3566,274928.861766190
model_core_stage_0,3566,274928.861766190
model_core,3567,274958.789166273
model_core_stage_0,3567,274958.789166273
model_core,3568,274988.716566355
model_core_stage_0,3568,274988.716566355
model_core,3569,275018.643966437
model_core_stage_0,3569,275018.643966437
model_core,3570,275048.571366520
model_core_stage_0,3570,275048.571366520
model_core,3571,275078.498766602
model_core_stage_0,3571,275078.498766602
model_core,3572,275108.426166684
model_core_stage_0,3572,275108.426166684
model_core,3573,275138.353566767
model_core_stage_0,3573,275138.353566767
model_core,3574,275168.280966849
model_core_stage_0,3574,275168.280966849
model_core,3575,275198.208366931
model_core_stage_0,3575,275198.208366931
model_core,3576,275228.135767014
model_core_stage_0,3576,275228.135767014
model_core,3577,275258.063167096
model_core_stage_0,3577,275258.063167096
model_core,3578,275287.990567178
model_core_stage_0,3578,275287.990567178
model_core,3579,275317.917967261
model_core_stage_0,3579,275317.917967261
model_core,3580,275347.845367343
model_core_stage_0,3580,275347.845367343
model_core,3581,275377.772767425
model_core_stage_0,3581,275377.772767425
model_core,3582,275407.700167508
model_core_stage_0,3582,275407.700167508
model_core,3583,275437.627567590
model_core_stage_0,3583,275437.627567590
model_core,3584,275467.554967673
model_core_stage_0,3584,275467.554967673
model_core,3585,275497.482367755
model_core_stage_0,3585,275497.482367755
model_core,3586,275527.409767837
model_core_stage_0,3586,275527.409767837
model_core,3587,275557.337167920
model_core_stage_0,3587,275557.337167920
model_core,3588,275587.264568002
model_core_stage_0,3588,275587.264568002
model_core,3589,275617.191968084
model_core_stage_0,3589,275617.191968084
model_core,3590,275647.119368167
model_core_stage_0,3590,275647.119368167
model_core,3591,275677.046768249
model_core_stage_0,3591,275677.046768249
model_core,3592,275706.974168331
model_core_stage_0,3592,275706.974168331
model_core,3593,275736.901568414
model_core_stage_0,3593,275736.901568414
model_core,3594,275766.828968496
model_core_stage_0,3594,275766.828968496
model_core,3595,275796.756368578
model_core_stage_0,3595,275796.756368578
model_core,3596,275826.683768661
model_core_stage_0,3596,275826.683768661
model_core,3597,275856.611168743
model_core_stage_0,3597,275856.611168743
model_core,3598,275886.538568825
model_core_stage_0,3598,275886.538568825
model_core,3599,275916.465968908
model_core_stage_0,3599,275916.465968908
model_core,3600,275946.393368990
model_core_stage_0,3600,275946.393368990
model_core,3601,275976.320769072
model_core_stage_0,3601,275976.320769073
model_core,3602,276006.248169155
model_core_stage_0,3602,276006.248169155
model_core,3603,276036.175569237
model_core_stage_0,3603,276036.175569237
model_core,3604,276066.102969320
model_core_stage_0,3604,276066.102969320
model_core,3605,276096.030369402
model_core_stage_0,3605,276096.030369402
model_core,3606,276125.957769484
model_core_stage_0,3606,276125.957769484
model_core,3607,276155.885169567
model_core_stage_0,3607,276155.885169567
model_core,3608,276185.812569649
model_core_stage_0,3608,276185.812569649
model_core,3609,276215.739969731
model_core_stage_0,3609,276215.739969731
model_core,3610,276245.667369814
model_core_stage_0,3610,276245.667369814
model_core,3611,276275.594769896
model_core_stage_0,3611,276275.594769896
model_core,3612,276305.522169978
model_core_stage_0,3612,276305.522169978
model_core,3613,276335.449570061
model_core_stage_0,3613,276335.449570061
model_core,3614,276365.376970143
model_core_stage_0,3614,276365.376970143
model_core,3615,276395.304370225
model_core_stage_0,3615,276395.304370225
model_core,3616,276425.231770308
model_core_stage_0,3616,276425.231770308
model_core,3617,276455.159170390
model_core_stage_0,3617,276455.159170390
model_core,3618,276485.086570472
model_core_stage_0,3618,276485.086570472
model_core,3619,276515.013970555
model_core_stage_0,3619,276515.013970555
model_core,3620,276544.941370637
model_core_stage_0,3620,276544.941370637
model_core,3621,276574.868770720
model_core_stage_0,3621,276574.868770720
model_core,3622,276604.796170802
model_core_stage_0,3622,276604.796170802
model_core,3623,276634.723570884
model_core_stage_0,3623,276634.723570884
model_core,3624,276664.650970967
model_core_stage_0,3624,276664.650970967
model_core,3625,276694.578371049
model_core_stage_0,3625,276694.578371049
model_core,3626,276724.505771131
model_core_stage_0,3626,276724.505771131
model_core,3627,276754.433171214
model_core_stage_0,3627,276754.433171214
model_core,3628,276784.360571296
model_core_stage_0,3628,276784.360571296
model_core,3629,276814.287971378
model_core_stage_0,3629,276814.287971378
model_core,3630,276844.215371461
model_core_stage_0,3630,276844.215371461
model_core,3631,276874.142771543
model_core_stage_0,3631,276874.142771543
model_core,3632,276904.070171625
model_core_stage_0,3632,276904.070171625
model_core,3633,276933.997571708
model_core_stage_0,3633,276933.997571708
model_core,3634,276963.924971790
model_core_stage_0,3634,276963.924971790
model_core,3635,276993.852371872
model_core_stage_0,3635,276993.852371872
model_core,3636,277023.779771955
model_core_stage_0,3636,277023.779771955
model_core,3637,277053.707172037
model_core_stage_0,3637,277053.707172037
model_core,3638,277083.634572119
model_core_stage_0,3638,277083.634572119
model_core,3639,277113.561972202
model_core_stage_0,3639,277113.561972202
model_core,3640,277143.489372284
model_core_stage_0,3640,277143.489372284
model_core,3641,277173.416772367
model_core_stage_0,3641,277173.416772367
model_core,3642,277203.344172449
model_core_stage_0,3642,277203.344172449
model_core,3643,277233.271572531
model_core_stage_0,3643,277233.271572531
model_core,3644,277263.198972614
model_core_stage_0,3644,277263.198972613
model_core,3645,277293.126372696
model_core_stage_0,3645,277293.126372696
model_core,3646,277323.053772778
model_core_stage_0,3646,277323.053772778
model_core,3647,277352.981172861
model_core_stage_0,3647,277352.981172861
model_core,3648,277382.908572943
model_core_stage_0,3648,277382.908572943
model_core,3649,277412.835973025
model_core_stage_0,3649,277412.835973025
model_core,3650,277442.763373108
model_core_stage_0,3650,277442.763373108
model_core,3651,277472.690773190
model_core_stage_0,3651,277472.690773190
model_core,3652,277502.618173272
model_core_stage_0,3652,277502.618173272
model_core,3653,277532.545573355
model_core_stage_0,3653,277532.545573355
model_core,3654,277562.472973437
model_core_stage_0,3654,277562.472973437
model_core,3655,277592.400373519
model_core_stage_0,3655,277592.400373519
model_core,3656,277622.327773602
model_core_stage_0,3656,277622.327773602
model_core,3657,277652.255173684
model_core_stage_0,3657,277652.255173684
model_core,3658,277682.182573766
model_core_stage_0,3658,277682.182573766
model_core,3659,277712.109973849
model_core_stage_0,3659,277712.109973849
model_core,3660,277742.037373931
model_core_stage_0,3660,277742.037373931
model_core,3661,277771.964774014
model_core_stage_0,3661,277771.964774014
model_core,3662,277801.892174096
model_core_stage_0,3662,277801.892174096
model_core,3663,277831.819574178
model_core_stage_0,3663,277831.819574178
model_core,3664,277861.746974261
model_core_stage_0,3664,277861.746974261
model_core,3665,277891.674374343
model_core_stage_0,3665,277891.674374343
model_core,3666,277921.601774425
model_core_stage_0,3666,277921.601774425
model_core,3667,277951.529174508
model_core_stage_0,3667,277951.529174508
model_core,3668,277981.456574590
model_core_stage_0,3668,277981.456574590
model_core,3669,278011.383974672
model_core_stage_0,3669,278011.383974672
model_core,3670,278041.311374755
model_core_stage_0,3670,278041.311374755
model_core,3671,278071.238774837
model_core_stage_0,3671,278071.238774837
model_core,3672,278101.166174919
model_core_stage_0,3672,278101.166174919
model_core,3673,278131.093575002
model_core_stage_0,3673,278131.093575002
model_core,3674,278161.020975084
model_core_stage_0,3674,278161.020975084
model_core,3675,278190.948375166
model_core_stage_0,3675,278190.948375166
model_core,3676,278220.875775249
model_core_stage_0,3676,278220.875775249
model_core,3677,278250.803175331
model_core_stage_0,3677,278250.803175331
model_core,3678,278280.730575414
model_core_stage_0,3678,278280.730575414
model_core,3679,278310.657975496
model_core_stage_0,3679,278310.657975496
model_core,3680,278340.585375578
model_core_stage_0,3680,278340.585375578
model_core,3681,278370.512775661
model_core_stage_0,3681,278370.512775661
model_core,3682,278400.440175743
model_core_stage_0,3682,278400.440175743
model_core,3683,278430.367575825
model_core_stage_0,3683,278430.367575825
model_core,3684,278460.294975908
model_core_stage_0,3684,278460.294975908
model_core,3685,278490.222375990
model_core_stage_0,3685,278490.222375990
model_core,3686,278520.149776072
model_core_stage_0,3686,278520.149776072
model_core,3687,278550.077176155
model_core_stage_0,3687,278550.077176155
model_core,3688,278580.004576237
model_core_stage_0,3688,278580.004576237
model_core,3689,278609.931976319
model_core_stage_0,3689,278609.931976319
model_core,3690,278639.859376402
model_core_stage_0,3690,278639.859376402
model_core,3691,278669.786776484
model_core_stage_0,3691,278669.786776484
model_core,3692,278699.714176566
model_core_stage_0,3692,278699.714176566
model_core,3693,278729.641576649
model_core_stage_0,3693,278729.641576649
model_core,3694,278759.568976731
model_core_stage_0,3694,278759.568976731
model_core,3695,278789.496376813
model_core_stage_0,3695,278789.496376813
model_core,3696,278819.423776896
model_core_stage_0,3696,278819.423776896
model_core,3697,278849.351176978
model_core_stage_0,3697,278849.351176978
model_core,3698,278879.278577060
model_core_stage_0,3698,278879.278577060
model_core,3699,278909.205977143
model_core_stage_0,3699,278909.205977143
model_core,3700,278939.133377225
model_core_stage_0,3700,278939.133377225
model_core,3701,278969.060777308
model_core_stage_0,3701,278969.060777308
model_core,3702,278998.988177390
model_core_stage_0,3702,278998.988177390
model_core,3703,279028.915577472
model_core_stage_0,3703,279028.915577472
model_core,3704,279058.842977555
model_core_stage_0,3704,279058.842977555
model_core,3705,279088.770377637
model_core_stage_0,3705,279088.770377637
model_core,3706,279118.697777719
model_core_stage_0,3706,279118.697777719
model_core,3707,279148.625177802
model_core_stage_0,3707,279148.625177802
model_core,3708,279178.552577884
model_core_stage_0,3708,279178.552577884
model_core,3709,279208.479977966
model_core_stage_0,3709,279208.479977966
model_core,3710,279238.407378049
model_core_stage_0,3710,279238.407378049
model_core,3711,279268.334778131
model_core_stage_0,3711,279268.334778131
model_core,3712,279298.262178213
model_core_stage_0,3712,279298.262178213
model_core,3713,279328.189578296
model_core_stage_0,3713,279328.189578296
model_core,3714,279358.116978378
model_core_stage_0,3714,279358.116978378
model_core,3715,279388.044378460
model_core_stage_0,3715,279388.044378460
model_core,3716,279417.971778543
model_core_stage_0,3716,279417.971778543
model_core,3717,279447.899178625
model_core_stage_0,3717,279447.899178625
model_core,3718,279477.826578707
model_core_stage_0,3718,279477.826578707
model_core,3719,279507.753978790
model_core_stage_0,3719,279507.753978790
model_core,3720,279537.681378872
model_core_stage_0,3720,279537.681378872
model_core,3721,279567.608778955
model_core_stage_0,3721,279567.608778955
model_core,3722,279597.536179037
model_core_stage_0,3722,279597.536179037
model_core,3723,279627.463579119
model_core_stage_0,3723,279627.463579119
model_core,3724,279657.390979202
model_core_stage_0,3724,279657.390979202
model_core,3725,279687.318379284
model_core_stage_0,3725,279687.318379284
model_core,3726,279717.245779366
model_core_stage_0,3726,279717.245779366
model_core,3727,279747.173179449
model_core_stage_0,3727,279747.173179449
model_core,3728,279777.100579531
model_core_stage_0,3728,279777.100579531
model_core,3729,279807.027979613
model_core_stage_0,3729,279807.027979613
model_core,3730,279836.955379696
model_core_stage_0,3730,279836.955379696
model_core,3731,279866.882779778
model_core_stage_0,3731,279866.882779778
model_core,3732,279896.810179860
model_core_stage_0,3732,279896.810179860
model_core,3733,279926.737579943
model_core_stage_0,3733,279926.737579943
model_core,3734,279956.664980025
model_core_stage_0,3734,279956.664980025
model_core,3735,279986.592380107
model_core_stage_0,3735,279986.592380107
model_core,3736,280016.519780190
model_core_stage_0,3736,280016.519780190
model_core,3737,280046.447180272
model_core_stage_0,3737,280046.447180272
model_core,3738,280076.374580355
model_core_stage_0,3738,280076.374580355
model_core,3739,280106.301980437
model_core_stage_0,3739,280106.301980437
model_core,3740,280136.229380519
model_core_stage_0,3740,280136.229380519
model_core,3741,280166.156780602
model_core_stage_0,3741,280166.156780602
model_core,3742,280196.084180684
model_core_stage_0,3742,280196.084180684
model_core,3743,280226.011580766
model_core_stage_0,3743,280226.011580766
model_core,3744,280255.938980849
model_core_stage_0,3744,280255.938980849
model_core,3745,280285.866380931
model_core_stage_0,3745,280285.866380931
model_core,3746,280315.793781013
model_core_stage_0,3746,280315.793781013
model_core,3747,280345.721181096
model_core_stage_0,3747,280345.721181096
model_core,3748,280375.648581178
model_core_stage_0,3748,280375.648581178
model_core,3749,280405.575981260
model_core_stage_0,3749,280405.575981260
model_core,3750,280435.503381343
model_core_stage_0,3750,280435.503381343
model_core,3751,280465.430781425
model_core_stage_0,3751,280465.430781425
model_core,3752,280495.358181507
model_core_stage_0,3752,280495.358181507
model_core,3753,280525.285581590
model_core_stage_0,3753,280525.285581590
model_core,3754,280555.212981672
model_core_stage_0,3754,280555.212981672
model_core,3755,280585.140381754
model_core_stage_0,3755,280585.140381754
model_core,3756,280615.067781837
model_core_stage_0,3756,280615.067781837
model_core,3757,280644.995181919
model_core_stage_0,3757,280644.995181919
model_core,3758,280674.922582002
model_core_stage_0,3758,280674.922582002
model_core,3759,280704.849982084
model_core_stage_0,3759,280704.849982084
model_core,3760,280734.777382166
model_core_stage_0,3760,280734.777382166
model_core,3761,280764.704782249
model_core_stage_0,3761,280764.704782249
model_core,3762,280794.632182331
model_core_stage_0,3762,280794.632182331
model_core,3763,280824.559582413
model_core_stage_0,3763,280824.559582413
model_core,3764,280854.486982496
model_core_stage_0,3764,280854.486982496
model_core,3765,280884.414382578
model_core_stage_0,3765,280884.414382578
model_core,3766,280914.341782660
model_core_stage_0,3766,280914.341782660
model_core,3767,280944.269182743
model_core_stage_0,3767,280944.269182743
model_core,3768,280974.196582825
model_core_stage_0,3768,280974.196582825
model_core,3769,281004.123982907
model_core_stage_0,3769,281004.123982907
model_core,3770,281034.051382990
model_core_stage_0,3770,281034.051382990
model_core,3771,281063.978783072
model_core_stage_0,3771,281063.978783072
model_core,3772,281093.906183154
model_core_stage_0,3772,281093.906183154
model_core,3773,281123.833583237
model_core_stage_0,3773,281123.833583237
model_core,3774,281153.760983319
model_core_stage_0,3774,281153.760983319
model_core,3775,281183.688383401
model_core_stage_0,3775,281183.688383402
model_core,3776,281213.615783484
model_core_stage_0,3776,281213.615783484
model_core,3777,281243.543183566
model_core_stage_0,3777,281243.543183566
model_core,3778,281273.470583649
model_core_stage_0,3778,281273.470583649
model_core,3779,281303.397983731
model_core_stage_0,3779,281303.397983731
model_core,3780,281333.325383813
model_core_stage_0,3780,281333.325383813
model_core,3781,281363.252783896
model_core_stage_0,3781,281363.252783896
model_core,3782,281393.180183978
model_core_stage_0,3782,281393.180183978
model_core,3783,281423.107584060
model_core_stage_0,3783,281423.107584060
model_core,3784,281453.034984143
model_core_stage_0,3784,281453.034984143
model_core,3785,281482.962384225
model_core_stage_0,3785,281482.962384225
model_core,3786,281512.889784307
model_core_stage_0,3786,281512.889784307
model_core,3787,281542.817184390
model_core_stage_0,3787,281542.817184390
model_core,3788,281572.744584472
model_core_stage_0,3788,281572.744584472
model_core,3789,281602.671984554
model_core_stage_0,3789,281602.671984554
model_core,3790,281632.599384637
model_core_stage_0,3790,281632.599384637
model_core,3791,281662.526784719
model_core_stage_0,3791,281662.526784719
model_core,3792,281692.454184801
model_core_stage_0,3792,281692.454184801
model_core,3793,281722.381584884
model_core_stage_0,3793,281722.381584884
model_core,3794,281752.308984966
model_core_stage_0,3794,281752.308984966
model_core,3795,281782.236385049
model_core_stage_0,3795,281782.236385049
model_core,3796,281812.163785131
model_core_stage_0,3796,281812.163785131
model_core,3797,281842.091185213
model_core_stage_0,3797,281842.091185213
model_core,3798,281872.018585296
model_core_stage_0,3798,281872.018585296
model_core,3799,281901.945985378
model_core_stage_0,3799,281901.945985378
model_core,3800,281931.873385460
model_core_stage_0,3800,281931.873385460
model_core,3801,281961.800785543
model_core_stage_0,3801,281961.800785543
model_core,3802,281991.728185625
model_core_stage_0,3802,281991.728185625
model_core,3803,282021.655585707
model_core_stage_0,3803,282021.655585707
model_core,3804,282051.582985790
model_core_stage_0,3804,282051.582985790
model_core,3805,282081.510385872
model_core_stage_0,3805,282081.510385872
model_core,3806,282111.437785954
model_core_stage_0,3806,282111.437785954
model_core,3807,282141.365186037
model_core_stage_0,3807,282141.365186037
model_core,3808,282171.292586119
model_core_stage_0,3808,282171.292586119
model_core,3809,282201.219986201
model_core_stage_0,3809,282201.219986201
model_core,3810,282231.147386284
model_core_stage_0,3810,282231.147386284
model_core,3811,282261.074786366
model_core_stage_0,3811,282261.074786366
model_core,3812,282291.002186448
model_core_stage_0,3812,282291.002186448
model_core,3813,282320.929586531
model_core_stage_0,3813,282320.929586531
model_core,3814,282350.856986613
model_core_stage_0,3814,282350.856986613
model_core,3815,282380.784386696
model_core_stage_0,3815,282380.784386696
model_core,3816,282410.711786778
model_core_stage_0,3816,282410.711786778
model_core,3817,282440.639186860
model_core_stage_0,3817,282440.639186860
model_core,3818,282470.566586943
model_core_stage_0,3818,282470.566586943
model_core,3819,282500.493987025
model_core_stage_0,3819,282500.493987025
model_core,3820,282530.421387107
model_core_stage_0,3820,282530.421387107
model_core,3821,282560.348787190
model_core_stage_0,3821,282560.348787190
model_core,3822,282590.276187272
model_core_stage_0,3822,282590.276187272
model_core,3823,282620.203587354
model_core_stage_0,3823,282620.203587354
model_core,3824,282650.130987437
model_core_stage_0,3824,282650.130987437
model_core,3825,282680.058387519
model_core_stage_0,3825,282680.058387519
model_core,3826,282709.985787601
model_core_stage_0,3826,282709.985787601
model_core,3827,282739.913187684
model_core_stage_0,3827,282739.913187684
model_core,3828,282769.840587766
model_core_stage_0,3828,282769.840587766
model_core,3829,282799.767987848
model_core_stage_0,3829,282799.767987848
model_core,3830,282829.695387931
model_core_stage_0,3830,282829.695387931
model_core,3831,282859.622788013
model_core_stage_0,3831,282859.622788013
model_core,3832,282889.550188095
model_core_stage_0,3832,282889.550188095
model_core,3833,282919.477588178
model_core_stage_0,3833,282919.477588178
model_core,3834,282949.404988260
model_core_stage_0,3834,282949.404988260
model_core,3835,282979.332388343
model_core_stage_0,3835,282979.332388343
model_core,3836,283009.259788425
model_core_stage_0,3836,283009.259788425
model_core,3837,283039.187188507
model_core_stage_0,3837,283039.187188507
model_core,3838,283069.114588590
model_core_stage_0,3838,283069.114588590
model_core,3839,283099.041988672
model_core_stage_0,3839,283099.041988672
model_core,3840,283128.969388754
model_core_stage_0,3840,283128.969388754
model_core,3841,283158.896788837
model_core_stage_0,3841,283158.896788837
model_core,3842,283188.824188919
model_core_stage_0,3842,283188.824188919
model_core,3843,283218.751589001
model_core_stage_0,3843,283218.751589001
model_core,3844,283248.678989084
model_core_stage_0,3844,283248.678989084
model_core,3845,283278.606389166
model_core_stage_0,3845,283278.606389166
model_core,3846,283308.533789248
model_core_stage_0,3846,283308.533789248
model_core,3847,283338.461189331
model_core_stage_0,3847,283338.461189331
model_core,3848,283368.388589413
model_core_stage_0,3848,283368.388589413
model_core,3849,283398.315989495
model_core_stage_0,3849,283398.315989495
model_core,3850,283428.243389578
model_core_stage_0,3850,283428.243389578
model_core,3851,283458.170789660
model_core_stage_0,3851,283458.170789660
model_core,3852,283488.098189743
model_core_stage_0,3852,283488.098189743
model_core,3853,283518.025589825
model_core_stage_0,3853,283518.025589825
model_core,3854,283547.952989907
model_core_stage_0,3854,283547.952989907
model_core,3855,283577.880389990
model_core_stage_0,3855,283577.880389990
model_core,3856,283607.807790072
model_core_stage_0,3856,283607.807790072
model_core,3857,283637.735190154
model_core_stage_0,3857,283637.735190154
model_core,3858,283667.662590237
model_core_stage_0,3858,283667.662590237
model_core,3859,283697.589990319
model_core_stage_0,3859,283697.589990319
model_core,3860,283727.517390401
model_core_stage_0,3860,283727.517390401
model_core,3861,283757.444790484
model_core_stage_0,3861,283757.444790484
model_core,3862,283787.372190566
model_core_stage_0,3862,283787.372190566
model_core,3863,283817.299590648
model_core_stage_0,3863,283817.299590648
model_core,3864,283847.226990731
model_core_stage_0,3864,283847.226990731
model_core,3865,283877.154390813
model_core_stage_0,3865,283877.154390813
model_core,3866,283907.081790895
model_core_stage_0,3866,283907.081790895
model_core,3867,283937.009190978
model_core_stage_0,3867,283937.009190978
model_core,3868,283966.936591060
model_core_stage_0,3868,283966.936591060
model_core,3869,283996.863991142
model_core_stage_0,3869,283996.863991142
model_core,3870,284026.791391225
model_core_stage_0,3870,284026.791391225
model_core,3871,284056.718791307
model_core_stage_0,3871,284056.718791307
model_core,3872,284086.646191390
model_core_stage_0,3872,284086.646191390
model_core,3873,284116.573591472
model_core_stage_0,3873,284116.573591472
model_core,3874,284146.500991554
model_core_stage_0,3874,284146.500991554
model_core,3875,284176.428391637
model_core_stage_0,3875,284176.428391637
model_core,3876,284206.355791719
model_core_stage_0,3876,284206.355791719
model_core,3877,284236.283191801
model_core_stage_0,3877,284236.283191801
model_core,3878,284266.210591884
model_core_stage_0,3878,284266.210591884
model_core,3879,284296.137991966
model_core_stage_0,3879,284296.137991966
model_core,3880,284326.065392048
model_core_stage_0,3880,284326.065392048
model_core,3881,284355.992792131
model_core_stage_0,3881,284355.992792131
model_core,3882,284385.920192213
model_core_stage_0,3882,284385.920192213
model_core,3883,284415.847592295
model_core_stage_0,3883,284415.847592295
model_core,3884,284445.774992378
model_core_stage_0,3884,284445.774992378
model_core,3885,284475.702392460
model_core_stage_0,3885,284475.702392460
model_core,3886,284505.629792542
model_core_stage_0,3886,284505.629792542
model_core,3887,284535.557192625
model_core_stage_0,3887,284535.557192625
model_core,3888,284565.484592707
model_core_stage_0,3888,284565.484592707
model_core,3889,284595.411992789
model_core_stage_0,3889,284595.411992789
model_core,3890,284625.339392872
model_core_stage_0,3890,284625.339392872
model_core,3891,284655.266792954
model_core_stage_0,3891,284655.266792954
model_core,3892,284685.194193037
model_core_stage_0,3892,284685.194193037
model_core,3893,284715.121593119
model_core_stage_0,3893,284715.121593119
model_core,3894,284745.048993201
model_core_stage_0,3894,284745.048993201
model_core,3895,284774.976393284
model_core_stage_0,3895,284774.976393284
model_core,3896,284804.903793366
model_core_stage_0,3896,284804.903793366
model_core,3897,284834.831193448
model_core_stage_0,3897,284834.831193448
model_core,3898,284864.758593531
model_core_stage_0,3898,284864.758593531
model_core,3899,284894.685993613
model_core_stage_0,3899,284894.685993613
model_core,3900,284924.613393695
model_core_stage_0,3900,284924.613393695
model_core,3901,284954.540793778
model_core_stage_0,3901,284954.540793778
model_core,3902,284984.468193860
model_core_stage_0,3902,284984.468193860
model_core,3903,285014.395593942
model_core_stage_0,3903,285014.395593942
model_core,3904,285044.322994025
model_core_stage_0,3904,285044.322994025
model_core,3905,285074.250394107
model_core_stage_0,3905,285074.250394107
model_core,3906,285104.177794189
model_core_stage_0,3906,285104.177794189
model_core,3907,285134.105194272
model_core_stage_0,3907,285134.105194272
model_core,3908,285164.032594354
model_core_stage_0,3908,285164.032594354
model_core,3909,285193.959994437
model_core_stage_0,3909,285193.959994437
model_core,3910,285223.887394519
model_core_stage_0,3910,285223.887394519
model_core,3911,285253.814794601
model_core_stage_0,3911,285253.814794601
model_core,3912,285283.742194684
model_core_stage_0,3912,285283.742194684
model_core,3913,285313.669594766
model_core_stage_0,3913,285313.669594766
model_core,3914,285343.596994848
model_core_stage_0,3914,285343.596994848
model_core,3915,285373.524394931
model_core_stage_0,3915,285373.524394931
model_core,3916,285403.451795013
model_core_stage_0,3916,285403.451795013
model_core,3917,285433.379195095
model_core_stage_0,3917,285433.379195095
model_core,3918,285463.306595178
model_core_stage_0,3918,285463.306595178
model_core,3919,285493.233995260
model_core_stage_0,3919,285493.233995260
model_core,3920,285523.161395342
model_core_stage_0,3920,285523.161395342
model_core,3921,285553.088795425
model_core_stage_0,3921,285553.088795425
model_core,3922,285583.016195507
model_core_stage_0,3922,285583.016195507
model_core,3923,285612.943595589
model_core_stage_0,3923,285612.943595589
model_core,3924,285642.870995672
model_core_stage_0,3924,285642.870995672
model_core,3925,285672.798395754
model_core_stage_0,3925,285672.798395754
model_core,3926,285702.725795836
model_core_stage_0,3926,285702.725795836
model_core,3927,285732.653195919
model_core_stage_0,3927,285732.653195919
model_core,3928,285762.580596001
model_core_stage_0,3928,285762.580596001
model_core,3929,285792.507996084
model_core_stage_0,3929,285792.507996083
model_core,3930,285822.435396166
model_core_stage_0,3930,285822.435396166
model_core,3931,285852.362796248
model_core_stage_0,3931,285852.362796248
model_core,3932,285882.290196331
model_core_stage_0,3932,285882.290196331
model_core,3933,285912.217596413
model_core_stage_0,3933,285912.217596413
model_core,3934,285942.144996495
model_core_stage_0,3934,285942.144996495
model_core,3935,285972.072396578
model_core_stage_0,3935,285972.072396578
model_core,3936,286001.999796660
model_core_stage_0,3936,286001.999796660
model_core,3937,286031.927196742
model_core_stage_0,3937,286031.927196742
model_core,3938,286061.854596825
model_core_stage_0,3938,286061.854596825
model_core,3939,286091.781996907
model_core_stage_0,3939,286091.781996907
model_core,3940,286121.709396989
model_core_stage_0,3940,286121.709396989
model_core,3941,286151.636797072
model_core_stage_0,3941,286151.636797072
model_core,3942,286181.564197154
model_core_stage_0,3942,286181.564197154
model_core,3943,286211.491597236
model_core_stage_0,3943,286211.491597236
model_core,3944,286241.418997319
model_core_stage_0,3944,286241.418997319
model_core,3945,286271.346397401
model_core_stage_0,3945,286271.346397401
model_core,3946,286301.273797483
model_core_stage_0,3946,286301.273797483
model_core,3947,286331.201197566
model_core_stage_0,3947,286331.201197566
model_core,3948,286361.128597648
model_core_stage_0,3948,286361.128597648
model_core,3949,286391.055997731
model_core_stage_0,3949,286391.055997731
model_core,3950,286420.983397813
model_core_stage_0,3950,286420.983397813
model_core,3951,286450.910797895
model_core_stage_0,3951,286450.910797895
model_core,3952,286480.838197978
model_core_stage_0,3952,286480.838197978
model_core,3953,286510.765598060
model_core_stage_0,3953,286510.765598060
model_core,3954,286540.692998142
model_core_stage_0,3954,286540.692998142
model_core,3955,286570.620398225
model_core_stage_0,3955,286570.620398225
model_core,3956,286600.547798307
model_core_stage_0,3956,286600.547798307
model_core,3957,286630.475198389
model_core_stage_0,3957,286630.475198389
model_core,3958,286660.402598472
model_core_stage_0,3958,286660.402598472
model_core,3959,286690.329998554
model_core_stage_0,3959,286690.329998554
model_core,3960,286720.257398636
model_core_stage_0,3960,286720.257398636
model_core,3961,286750.184798719
model_core_stage_0,3961,286750.184798719
model_core,3962,286780.112198801
model_core_stage_0,3962,286780.112198801
model_core,3963,286810.039598883
model_core_stage_0,3963,286810.039598883
model_core,3964,286839.966998966
model_core_stage_0,3964,286839.966998966
model_core,3965,286869.894399048
model_core_stage_0,3965,286869.894399048
model_core,3966,286899.821799131
model_core_stage_0,3966,286899.821799131
model_core,3967,286929.749199213
model_core_stage_0,3967,286929.749199213
model_core,3968,286959.676599295
model_core_stage_0,3968,286959.676599295
model_core,3969,286989.603999378
model_core_stage_0,3969,286989.603999378
model_core,3970,287019.531399460
model_core_stage_0,3970,287019.531399460
model_core,3971,287049.458799542
model_core_stage_0,3971,287049.458799542
model_core,3972,287079.386199625
model_core_stage_0,3972,287079.386199625
model_core,3973,287109.313599707
model_core_stage_0,3973,287109.313599707
model_core,3974,287139.240999789
model_core_stage_0,3974,287139.240999789
model_core,3975,287169.168399872
model_core_stage_0,3975,287169.168399872
model_core,3976,287199.095799954
model_core_stage_0,3976,287199.095799954
model_core,3977,287229.023200036
model_core_stage_0,3977,287229.023200036
model_core,3978,287258.950600119
model_core_stage_0,3978,287258.950600119
model_core,3979,287288.878000201
model_core_stage_0,3979,287288.878000201
model_core,3980,287318.805400283
model_core_stage_0,3980,287318.805400283
model_core,3981,287348.732800366
model_core_stage_0,3981,287348.732800366
model_core,3982,287378.660200448
model_core_stage_0,3982,287378.660200448
model_core,3983,287408.587600530
model_core_stage_0,3983,287408.587600530
model_core,3984,287438.515000613
model_core_stage_0,3984,287438.515000613
model_core,3985,287468.442400695
model_core_stage_0,3985,287468.442400695
model_core,3986,287498.369800777
model_core_stage_0,3986,287498.369800778
model_core,3987,287528.297200860
model_core_stage_0,3987,287528.297200860
model_core,3988,287558.224600942
model_core_stage_0,3988,287558.224600942
model_core,3989,287588.152001025
model_core_stage_0,3989,287588.152001025
model_core,3990,287618.079401107
model_core_stage_0,3990,287618.079401107
model_core,3991,287648.006801189
model_core_stage_0,3991,287648.006801189
model_core,3992,287677.934201272
model_core_stage_0,3992,287677.934201272
model_core,3993,287707.861601354
model_core_stage_0,3993,287707.861601354
model_core,3994,287737.789001436
model_core_stage_0,3994,287737.789001436
model_core,3995,287767.716401519
model_core_stage_0,3995,287767.716401519
model_core,3996,287797.643801601
model_core_stage_0,3996,287797.643801601
model_core,3997,287827.571201683
model_core_stage_0,3997,287827.571201683
model_core,3998,287857.498601766
model_core_stage_0,3998,287857.498601766
model_core,3999,287887.426001848
model_core_stage_0,3999,287887.426001848
model_core,4000,287917.353401930
model_core_stage_0,4000,287917.353401930
model_core,4001,287947.280802013
model_core_stage_0,4001,287947.280802013
model_core,4002,287977.208202095
model_core_stage_0,4002,287977.208202095
model_core,4003,288007.135602177
model_core_stage_0,4003,288007.135602177
model_core,4004,288037.063002260
model_core_stage_0,4004,288037.063002260
model_core,4005,288066.990402342
model_core_stage_0,4005,288066.990402342
model_core,4006,288096.917802425
model_core_stage_0,4006,288096.917802425
model_core,4007,288126.845202507
model_core_stage_0,4007,288126.845202507
model_core,4008,288156.772602589
model_core_stage_0,4008,288156.772602589
model_core,4009,288186.700002672
model_core_stage_0,4009,288186.700002672
model_core,4010,288216.627402754
model_core_stage_0,4010,288216.627402754
model_core,4011,288246.554802836
model_core_stage_0,4011,288246.554802836
model_core,4012,288276.482202919
model_core_stage_0,4012,288276.482202919
model_core,4013,288306.409603001
model_core_stage_0,4013,288306.409603001
model_core,4014,288336.337003083
model_core_stage_0,4014,288336.337003083
model_core,4015,288366.264403166
model_core_stage_0,4015,288366.264403166
model_core,4016,288396.191803248
model_core_stage_0,4016,288396.191803248
model_core,4017,288426.119203330
model_core_stage_0,4017,288426.119203330
model_core,4018,288456.046603413
model_core_stage_0,4018,288456.046603413
model_core,4019,288485.974003495
model_core_stage_0,4019,288485.974003495
model_core,4020,288515.901403577
model_core_stage_0,4020,288515.901403577
model_core,4021,288545.828803660
model_core_stage_0,4021,288545.828803660
model_core,4022,288575.756203742
model_core_stage_0,4022,288575.756203742
model_core,4023,288605.683603825
model_core_stage_0,4023,288605.683603824
model_core,4024,288635.611003907
model_core_stage_0,4024,288635.611003907
model_core,4025,288665.538403989
model_core_stage_0,4025,288665.538403989
model_core,4026,288695.465804072
model_core_stage_0,4026,288695.465804072
model_core,4027,288725.393204154
model_core_stage_0,4027,288725.393204154
model_core,4028,288755.320604236
model_core_stage_0,4028,288755.320604236
model_core,4029,288785.248004319
model_core_stage_0,4029,288785.248004319
model_core,4030,288815.175404401
model_core_stage_0,4030,288815.175404401
model_core,4031,288845.102804483
model_core_stage_0,4031,288845.102804483
model_core,4032,288875.030204566
model_core_stage_0,4032,288875.030204566
model_core,4033,288904.957604648
model_core_stage_0,4033,288904.957604648
model_core,4034,288934.885004730
model_core_stage_0,4034,288934.885004730
model_core,4035,288964.812404813
model_core_stage_0,4035,288964.812404813
model_core,4036,288994.739804895
model_core_stage_0,4036,288994.739804895
model_core,4037,289024.667204977
model_core_stage_0,4037,289024.667204977
model_core,4038,289054.594605060
model_core_stage_0,4038,289054.594605060
model_core,4039,289084.522005142
model_core_stage_0,4039,289084.522005142
model_core,4040,289114.449405224
model_core_stage_0,4040,289114.449405224
model_core,4041,289144.376805307
model_core_stage_0,4041,289144.376805307
model_core,4042,289174.304205389
model_core_stage_0,4042,289174.304205389
model_core,4043,289204.231605472
model_core_stage_0,4043,289204.231605472
model_core,4044,289234.159005554
model_core_stage_0,4044,289234.159005554
model_core,4045,289264.086405636
model_core_stage_0,4045,289264.086405636
model_core,4046,289294.013805719
model_core_stage_0,4046,289294.013805719
model_core,4047,289323.941205801
model_core_stage_0,4047,289323.941205801
model_core,4048,289353.868605883
model_core_stage_0,4048,289353.868605883
model_core,4049,289383.796005966
model_core_stage_0,4049,289383.796005966
model_core,4050,289413.723406048
model_core_stage_0,4050,289413.723406048
model_core,4051,289443.650806130
model_core_stage_0,4051,289443.650806130
model_core,4052,289473.578206213
model_core_stage_0,4052,289473.578206213
model_core,4053,289503.505606295
model_core_stage_0,4053,289503.505606295
model_core,4054,289533.433006377
model_core_stage_0,4054,289533.433006377
model_core,4055,289563.360406460
model_core_stage_0,4055,289563.360406460
model_core,4056,289593.287806542
model_core_stage_0,4056,289593.287806542
model_core,4057,289623.215206624
model_core_stage_0,4057,289623.215206624
model_core,4058,289653.142606707
model_core_stage_0,4058,289653.142606707
model_core,4059,289683.070006789
model_core_stage_0,4059,289683.070006789
model_core,4060,289712.997406871
model_core_stage_0,4060,289712.997406871
model_core,4061,289742.924806954
model_core_stage_0,4061,289742.924806954
model_core,4062,289772.852207036
model_core_stage_0,4062,289772.852207036
model_core,4063,289802.779607119
model_core_stage_0,4063,289802.779607119
model_core,4064,289832.707007201
model_core_stage_0,4064,289832.707007201
model_core,4065,289862.634407283
model_core_stage_0,4065,289862.634407283
model_core,4066,289892.561807366
model_core_stage_0,4066,289892.561807366
model_core,4067,289922.489207448
model_core_stage_0,4067,289922.489207448
model_core,4068,289952.416607530
model_core_stage_0,4068,289952.416607530
model_core,4069,289982.344007613
model_core_stage_0,4069,289982.344007613
model_core,4070,290012.271407695
model_core_stage_0,4070,290012.271407695
model_core,4071,290042.198807777
model_core_stage_0,4071,290042.198807777
model_core,4072,290072.126207860
model_core_stage_0,4072,290072.126207860
model_core,4073,290102.053607942
model_core_stage_0,4073,290102.053607942
model_core,4074,290131.981008024
model_core_stage_0,4074,290131.981008024
model_core,4075,290161.908408107
model_core_stage_0,4075,290161.908408107
model_core,4076,290191.835808189
model_core_stage_0,4076,290191.835808189
model_core,4077,290221.763208271
model_core_stage_0,4077,290221.763208271
model_core,4078,290251.690608354
model_core_stage_0,4078,290251.690608354
model_core,4079,290281.618008436
model_core_stage_0,4079,290281.618008436
model_core,4080,290311.545408519
model_core_stage_0,4080,290311.545408519
model_core,4081,290341.472808601
model_core_stage_0,4081,290341.472808601
model_core,4082,290371.400208683
model_core_stage_0,4082,290371.400208683
model_core,4083,290401.327608766
model_core_stage_0,4083,290401.327608766
model_core,4084,290431.255008848
model_core_stage_0,4084,290431.255008848
model_core,4085,290461.182408930
model_core_stage_0,4085,290461.182408930
model_core,4086,290491.109809013
model_core_stage_0,4086,290491.109809013
model_core,4087,290521.037209095
model_core_stage_0,4087,290521.037209095
model_core,4088,290550.964609177
model_core_stage_0,4088,290550.964609177
model_core,4089,290580.892009260
model_core_stage_0,4089,290580.892009260
model_core,4090,290610.819409342
model_core_stage_0,4090,290610.819409342
model_core,4091,290640.746809424
model_core_stage_0,4091,290640.746809424
model_core,4092,290670.674209507
model_core_stage_0,4092,290670.674209507
model_core,4093,290700.601609589
model_core_stage_0,4093,290700.601609589
model_core,4094,290730.529009671
model_core_stage_0,4094,290730.529009671
model_core,4095,290760.456409754
model_core_stage_0,4095,290760.456409754
model_core,4096,290790.383809836
model_core_stage_0,4096,290790.383809836
